Title,Year,Engine,Fuel,Transmission,Drive,Mileage,Price,Location
bmw 1-series,2008,1.6,petrol,automatic,rear,95000.0,670000,москва
bmw 5-series,2019,2.0,diesel,automatic,rear,115000.0,2650000,москва
bmw 3-series,2016,2.0,petrol,automatic,awd,130000.0,2550000,москва
bmw x7,2020,3.0,diesel,automatic,awd,79740.0,10599000,москва
bmw 3-series,2020,2.0,petrol,automatic,rear,93000.0,4100000,москва
bmw 5-series,2024,2.0,petrol,automatic,awd,22000.0,7950000,москва
bmw 4-series,2022,2.0,petrol,automatic,awd,74000.0,4690000,москва
bmw x5,2020,2.0,diesel,automatic,awd,105000.0,5900000,москва
bmw 5-series,2020,2.0,diesel,automatic,awd,55300.0,5500000,москва
bmw x6,2012,3.0,petrol,automatic,awd,173400.0,1775000,москва
bmw x5,2016,3.0,diesel,automatic,awd,231000.0,3450000,москва
bmw x5,2012,3.0,diesel,automatic,awd,158000.0,1640000,москва
bmw 5-series,2020,2.0,petrol,automatic,awd,82000.0,5300000,москва
bmw 5-series,2014,2.0,petrol,automatic,rear,241000.0,1690000,москва
bmw 5-series,2012,2.0,petrol,automatic,rear,239000.0,1390000,москва
bmw 5-series,2014,3.0,diesel,automatic,awd,263000.0,1940000,москва
bmw x6,2011,3.0,petrol,automatic,awd,233000.0,1490000,москва
bmw x5,2020,4.4,petrol,automatic,awd,21500.0,9990000,москва
bmw x6,2021,3.0,diesel,automatic,awd,21700.0,11000000,москва
bmw x7,2024,3.0,hybrid,automatic,awd,23000.0,13450000,москва
bmw m5,2021,4.4,petrol,automatic,awd,35000.0,12500000,москва
bmw 7-series,2003,4.4,petrol,automatic,rear,136000.0,745000,москва
bmw x5,2009,3.0,petrol,automatic,awd,228639.0,1879000,воронеж
bmw x1,2023,2.0,petrol,robot,awd,50680.0,5200000,домодедово
bmw 5-series,2004,2.5,petrol,automatic,rear,248000.0,670000,санкт-петербург
bmw 3-series,2007,2.5,petrol,automatic,awd,105000.0,1070000,чебоксары
bmw 5-series,2019,2.0,diesel,automatic,awd,133502.0,3500000,краснодар
bmw 5-series,2019,2.0,diesel,automatic,awd,63861.0,4495000,ростов-на-дону
bmw x3,2024,2.0,petrol,automatic,awd,30419.0,6500000,москва
bmw x5,2021,3.0,diesel,automatic,awd,38000.0,9200000,москва
bmw x5,2004,3.0,petrol,automatic,awd,420000.0,1100000,волгоград
bmw x4,2021,2.0,petrol,automatic,awd,47300.0,5700000,москва
bmw x1,2011,2.0,petrol,automatic,awd,299375.0,1179000,санкт-петербург
bmw x7,2019,3.0,diesel,automatic,awd,151400.0,6700000,тюмень
bmw 6-series,2005,4.4,petrol,automatic,rear,238804.0,999999,обнинск
bmw x7,2026,4.4,hybrid,automatic,awd,,23490000,москва
bmw x3,2019,2.0,petrol,automatic,awd,106000.0,4390000,санкт-петербург
bmw 7-series,2025,3.0,hybrid,automatic,awd,4113.0,15900000,москва
bmw x6,2016,3.0,diesel,automatic,awd,146122.0,3899000,ярославль
bmw 5-series,2013,2.0,petrol,automatic,rear,300909.0,1800000,советский
bmw 2-series,2018,2.0,diesel,automatic,awd,115708.0,3100000,санкт-петербург
bmw 5-series,2013,2.0,petrol,automatic,rear,213000.0,660000,москва
bmw 5-series,2002,3.0,petrol,automatic,rear,399000.0,2100000,таганрог
bmw 8-series,1992,5.0,petrol,automatic,rear,117000.0,7500000,москва
bmw 5-series,2021,2.0,diesel,automatic,awd,108625.0,4950000,москва
bmw x1,2016,2.0,petrol,automatic,awd,212500.0,1950000,челябинск
bmw 5-series,1997,2.8,petrol,automatic,rear,296700.0,699000,симферополь
bmw 5-series,2004,2.2,petrol,automatic,rear,407000.0,800000,орел
bmw x6,2025,3.0,petrol,automatic,awd,,15960000,санкт-петербург
bmw 5-series,2008,2.5,petrol,automatic,rear,178000.0,1350000,зеленокумск
bmw x1,2018,2.0,diesel,automatic,awd,101000.0,2850000,москва
bmw x5,2011,4.4,petrol,automatic,awd,180000.0,3333333,таганрог
bmw 5-series,2012,2.0,petrol,automatic,rear,158565.0,1750000,челябинск
bmw x1,2017,2.0,petrol,automatic,awd,75454.0,2100000,сургут
bmw 5-series,2020,2.0,petrol,automatic,awd,44000.0,5450000,москва
bmw 6-series,2019,3.0,diesel,automatic,awd,256388.0,3390000,подольск
bmw 7-series,2007,4.0,petrol,automatic,rear,325000.0,1100000,калининград
bmw x3,2012,2.0,diesel,automatic,awd,170000.0,1090000,кемерово
bmw x4,2020,2.0,diesel,automatic,awd,37422.0,5250000,москва
bmw 1-series,2021,1.5,petrol,robot,front,49000.0,1700000,новосибирск
bmw 4-series,2020,2.0,diesel,automatic,awd,95550.0,4958000,москва
bmw x6,2013,3.0,diesel,automatic,awd,195508.0,2380000,москва
bmw x5,2019,3.0,diesel,automatic,awd,113000.0,6660000,москва
bmw x6,2011,3.0,diesel,automatic,awd,247000.0,1990000,астрахань
bmw 3-series,2007,2.0,petrol,automatic,rear,202000.0,750000,воронеж
bmw 5-series,2011,2.0,diesel,automatic,rear,313000.0,1590000,санкт-петербург
bmw 5-series,2018,3.0,diesel,automatic,rear,86000.0,4900000,барнаул
bmw x1,2022,1.5,petrol,robot,front,25000.0,2050000,новосибирск
bmw x6,2012,3.0,petrol,automatic,awd,300.0,2200000,омск
bmw 5-series,2016,2.0,diesel,automatic,rear,168000.0,2150000,тула
bmw 3-series,2018,2.0,petrol,automatic,awd,136297.0,3000000,москва
bmw 5-series,2019,2.0,diesel,automatic,awd,150630.0,3280000,москва
bmw 5-series,2019,3.0,diesel,automatic,awd,103245.0,3700000,екатеринбург
bmw m3,2012,4.0,petrol,robot,rear,70000.0,10000000,москва
bmw x7,2021,3.0,hybrid,automatic,awd,80000.0,9390000,новосибирск
bmw 3-series,2023,3.0,petrol,automatic,awd,16701.0,7990000,москва
bmw 3-series,2020,2.0,diesel,automatic,rear,21000.0,3850000,нижний новгород
bmw 6-series,2008,3.0,petrol,automatic,rear,304000.0,2100000,новосибирск
bmw x5,2021,3.0,diesel,automatic,awd,56300.0,9200000,краснодар
bmw 5-series,2000,2.0,petrol,manual,rear,398863.0,549999,новокузнецк
bmw x5,2009,3.0,petrol,automatic,awd,196666.0,1700000,барнаул
bmw 5-series,1998,2.0,petrol,manual,rear,392500.0,320000,псков
bmw x5,2013,3.0,diesel,automatic,awd,195000.0,2500000,первоуральск
bmw 3-series,2013,2.0,diesel,manual,rear,194340.0,1700000,ростов-на-дону
bmw x5,2017,3.0,diesel,automatic,awd,141100.0,3700000,ростов-на-дону
bmw 6-series,2011,3.0,petrol,automatic,rear,105000.0,2999999,москва
bmw 5-series,1995,2.0,petrol,manual,rear,826352.0,450000,челябинск
bmw x5,2013,3.0,diesel,automatic,awd,230000.0,2300000,нижнекамск
bmw 5-series gran turismo,2011,3.0,diesel,automatic,awd,299000.0,1100000,абинск
bmw 5-series,2019,2.0,diesel,automatic,rear,109451.0,4000000,москва
bmw x6,2021,4.4,petrol,automatic,awd,72200.0,11500000,москва
bmw 7-series,2011,4.4,petrol,automatic,awd,253000.0,1150000,екатеринбург
bmw x3,2025,2.0,petrol,automatic,awd,3393.0,6990000,санкт-петербург
bmw 3-series,2020,2.0,diesel,automatic,awd,79552.0,4090000,санкт-петербург
bmw x5,2009,220.0,,,,,1800000,екатеринбург
bmw x5,2008,3.0,petrol,automatic,awd,390000.0,1300000,красково
bmw x6,2012,3.0,petrol,automatic,awd,206000.0,2250000,бийск
bmw x5,2002,4.6,petrol,automatic,awd,284000.0,1299999,краснотурьинск
bmw 3-series,2004,1.8,petrol,manual,rear,194000.0,600000,тольятти
bmw x5,2016,3.0,diesel,automatic,awd,229570.0,4050000,симферополь
bmw x5,2008,4.8,petrol,automatic,awd,21.0,1930000,кызыл
bmw 5-series,2016,2.0,diesel,automatic,rear,260000.0,1850000,москва
bmw 3-series,2016,1.5,petrol,automatic,rear,52000.0,1620000,владивосток
bmw x1,2012,2.0,diesel,automatic,awd,268000.0,1300000,никольское
bmw 3-series,2017,1.5,petrol,automatic,rear,36600.0,1770000,владивосток
bmw 3-series,2014,1.6,petrol,automatic,rear,260000.0,1400000,голицыно
bmw 5-series,2015,3.0,diesel,automatic,awd,164169.0,2599000,санкт-петербург
bmw x3,2012,2.0,diesel,automatic,awd,237000.0,1820000,казань
bmw 5-series,2020,2.0,petrol,automatic,rear,105000.0,3750000,каспийск
bmw 2-series,2021,1.5,petrol,robot,front,35000.0,2500000,тюмень
bmw x5,2016,3.0,diesel,automatic,awd,165000.0,3900000,сургут
bmw x5,2021,3.0,diesel,automatic,awd,47000.0,8500000,красноярск
bmw x5,2000,3.0,petrol,automatic,awd,400000.0,1500000,барнаул
bmw x3,2025,2.0,hybrid,automatic,awd,6543.0,9350000,москва
bmw x3,2025,2.0,hybrid,automatic,awd,7414.0,8350000,москва
bmw x6,2013,3.0,diesel,automatic,awd,340000.0,2299000,сургут
bmw x5,2007,3.0,petrol,automatic,awd,384000.0,1100000,краснодар
bmw x5,2001,3.0,petrol,automatic,awd,231000.0,600000,чебаркуль
bmw 1-series,2012,1.6,petrol,automatic,rear,78000.0,1450000,минусинск
bmw 1-series,2006,2.0,petrol,automatic,rear,250000.0,485000,екатеринбург
bmw x6,2015,3.0,diesel,automatic,awd,178000.0,3200000,новосибирск
bmw 1-series,2012,1.6,petrol,automatic,rear,163000.0,1095000,яблоновский
bmw 3-series,2019,2.0,petrol,automatic,rear,168000.0,2770000,воронеж
bmw 5-series,1999,2.0,petrol,automatic,rear,417900.0,500000,москва
bmw 5-series,1991,2.5,petrol,manual,rear,366500.0,610000,москва
bmw x5,2013,3.0,diesel,automatic,awd,139000.0,3850000,махачкала
bmw 5-series,2016,2.0,diesel,automatic,rear,171000.0,2550000,москва
bmw 1-series,2013,1.6,petrol,automatic,rear,153000.0,1200000,пенза
bmw x3,2025,2.0,petrol,automatic,awd,,7570000,санкт-петербург
bmw x7,2022,3.0,hybrid,automatic,awd,37000.0,10700000,владивосток
bmw x5,2022,3.0,diesel,automatic,awd,84900.0,9500000,москва
bmw 3-series,2002,2.0,petrol,manual,rear,340000.0,150000,северобайкальск
bmw x3,2008,2.5,petrol,automatic,awd,346000.0,1283000,красноярск
bmw 5-series,1997,2.8,petrol,automatic,rear,276868.0,545000,йошкар-ола
bmw x3,2008,3.0,petrol,automatic,awd,100000.0,1350000,онохой
bmw 3-series,2012,2.0,petrol,automatic,rear,145446.0,1749000,уфа
bmw x4,2019,3.0,diesel,automatic,awd,121470.0,4700000,москва
bmw 5-series,2019,2.0,diesel,automatic,awd,300495.0,2259000,москва
bmw 2-series,2021,1.5,petrol,robot,front,83000.0,2769000,москва
bmw 5-series,2008,3.0,petrol,automatic,awd,181000.0,2000000,новосибирск
bmw x6,2010,3.0,petrol,automatic,awd,200000.0,300000,пермь
bmw 3-series,2013,1.6,petrol,automatic,rear,275628.0,1364900,самара
bmw 3-series,2008,2.0,diesel,manual,rear,313362.0,1250000,челябинск
bmw x6,2009,3.0,petrol,automatic,awd,360000.0,1690000,новосибирск
bmw 1-series,2007,1.6,petrol,manual,rear,326000.0,599000,старый оскол
bmw x5,2017,3.0,diesel,automatic,awd,150152.0,4689600,казань
bmw 6-series,2012,3.0,diesel,automatic,rear,91063.0,3350000,чебоксары
bmw 5-series,2021,2.0,petrol,automatic,awd,37000.0,5950000,новосибирск
bmw x1,2012,2.0,petrol,automatic,awd,123969.0,1448000,волгоград
bmw x5,2004,3.0,petrol,automatic,awd,268407.0,1599000,тверь
bmw 3-series,2021,2.0,petrol,automatic,rear,52800.0,3205000,китай→тюмень
bmw x6,2025,3.0,petrol,automatic,awd,43.0,15960000,санкт-петербург
bmw 2-series,2020,1.5,petrol,robot,front,52990.0,2779000,санкт-петербург
bmw 5-series,2000,2.0,petrol,manual,rear,270000.0,700000,москва
bmw 5-series,2004,2.2,petrol,manual,rear,400000.0,1200000,новосибирск
bmw 5-series,2020,2.0,diesel,automatic,rear,69000.0,3590000,владивосток
bmw x5,2004,3.0,petrol,automatic,awd,293000.0,900000,краснодар
bmw 7-series,2012,4.4,petrol,automatic,awd,132000.0,2100000,иркутск
bmw x5,2017,3.0,diesel,automatic,awd,98500.0,5250000,барнаул
bmw 5-series,2004,2.5,petrol,automatic,rear,155741.0,670000,хабаровск
bmw 1-series,2018,1.5,petrol,automatic,rear,91000.0,1390000,новосибирск
bmw x5,2005,4.4,petrol,automatic,awd,195000.0,1025000,новосибирск
bmw x5,2005,3.0,petrol,automatic,awd,223000.0,1150000,новосибирск
bmw 3-series,2019,2.0,diesel,automatic,awd,105300.0,3299999,красноярск
bmw x6,2021,4.4,petrol,automatic,awd,65000.0,10150000,санкт-петербург
bmw x1,2023,2.0,petrol,robot,awd,19000.0,5350000,хабаровск
bmw x5,2001,3.0,petrol,automatic,awd,,580000,екатеринбург
bmw x5,2019,3.0,diesel,automatic,awd,149000.0,5700000,санкт-петербург
bmw 2-series,2019,1.5,petrol,robot,front,125425.0,2110000,владивосток
bmw 5-series,2019,3.0,diesel,automatic,awd,39000.0,5500000,омск
bmw 5-series,2020,2.0,petrol,automatic,rear,56000.0,4900000,владивосток
bmw 5-series,2013,3.0,diesel,automatic,awd,212000.0,1890000,красноярск
bmw 5-series,1990,2.5,petrol,manual,rear,450000.0,350000,саянск
bmw x5,2021,3.0,diesel,automatic,awd,64845.0,9400000,москва
bmw 5-series,2014,2.0,petrol,automatic,rear,207432.0,1660000,москва
bmw x6,2020,3.0,diesel,automatic,awd,82409.0,8900000,москва
bmw x7,2020,3.0,hybrid,automatic,awd,198000.0,6200000,сочи
bmw 1-series,2012,1.6,petrol,automatic,rear,210000.0,1185000,екатеринбург
bmw x5,2015,3.0,petrol,automatic,awd,137500.0,3000000,новосибирск
bmw x1,2023,1.5,petrol,robot,front,23000.0,3100000,китай→владивосток
bmw x3,2021,2.0,diesel,automatic,awd,54500.0,4900000,москва
bmw 1-series,2018,1.5,petrol,automatic,rear,98000.0,2290000,краснодар
bmw 5-series,1998,2.8,petrol,manual,rear,500000.0,750000,чита
bmw 5-series,2012,3.0,diesel,automatic,awd,273000.0,1650000,санкт-петербург
bmw 1-series,2011,1.6,petrol,automatic,rear,258000.0,780000,новосибирск
bmw x1,2012,2.0,petrol,automatic,awd,237516.0,1134000,тюмень
bmw x1,2017,2.0,petrol,automatic,awd,89000.0,2510000,владивосток
bmw 5-series,2012,2.0,petrol,automatic,rear,179000.0,1550000,ростов-на-дону
bmw 1-series,2021,2.0,petrol,automatic,awd,23000.0,3450000,владивосток
bmw x5,2016,3.0,diesel,automatic,awd,140047.0,3700000,иркутск
bmw 5-series,2019,2.0,diesel,automatic,awd,169700.0,2790000,москва
bmw x1,2017,1.5,petrol,automatic,front,53300.0,2000000,чита
bmw x7,2025,3.0,diesel,automatic,awd,,17890000,симферополь
bmw 5-series,2020,3.0,petrol,automatic,awd,50000.0,7000000,владивосток
bmw x3,2024,2.0,petrol,automatic,awd,,6519000,симферополь
bmw x6,2015,3.0,diesel,automatic,awd,180000.0,3250000,тольятти
bmw 5-series,2013,2.0,petrol,automatic,awd,102500.0,2460000,новосибирск
bmw 3-series,2002,2.0,petrol,automatic,rear,110000.0,700000,новосибирск
bmw 3-series,2006,2.0,petrol,automatic,rear,140000.0,310000,владивосток
bmw 5-series,1999,2.5,petrol,automatic,rear,334500.0,750000,калининград
bmw x5,2021,3.0,petrol,automatic,awd,130000.0,6700000,самара
bmw 5-series,2018,2.0,diesel,automatic,rear,249854.0,2500000,севастополь
bmw x6,2016,3.0,petrol,automatic,awd,113000.0,3200000,благовещенск
bmw 5-series,2021,2.0,diesel,automatic,awd,138000.0,5000000,екатеринбург
bmw x4,2016,2.0,petrol,automatic,awd,143000.0,2650000,санкт-петербург
bmw x3,2018,2.0,diesel,automatic,awd,91000.0,3950000,владивосток
bmw 5-series,2013,3.0,diesel,automatic,awd,209000.0,2499000,тюмень
bmw 5-series,2013,2.0,petrol,automatic,rear,215535.0,1817000,красноярск
bmw x2,2018,1.5,petrol,robot,front,18900.0,2097000,красноярск
bmw 5-series,2021,2.0,hybrid,automatic,rear,77000.0,4897000,красноярск
bmw 1-series,2004,2.0,petrol,automatic,rear,250000.0,750000,краснодар
bmw 4-series,2021,3.0,hybrid,automatic,awd,25915.0,7980000,москва
bmw x6,2024,4.4,petrol,automatic,awd,,21990000,магнитогорск
bmw 5-series,2010,3.0,diesel,automatic,rear,174310.0,2250000,москва
bmw 5-series gran turismo,2012,3.0,petrol,automatic,awd,143000.0,1850000,сочи
bmw 5-series,2010,3.0,petrol,automatic,rear,177000.0,1800000,тюмень
bmw 5-series,2012,2.0,petrol,automatic,rear,234000.0,1499000,красноярск
bmw x5,2014,3.0,petrol,automatic,awd,250050.0,2450000,омск
bmw 3-series,1984,2.0,petrol,manual,rear,304414.0,120000,сочи
bmw x5,2025,3.0,diesel,automatic,awd,10.0,15090000,москва
bmw 5-series,2005,3.0,petrol,automatic,rear,250000.0,739990,новосибирск
bmw 5-series,2009,2.5,petrol,automatic,rear,483188.0,1289000,волгоград
bmw 5-series,2017,2.0,diesel,automatic,awd,75300.0,3345000,красноярск
bmw x3,2004,2.5,petrol,automatic,awd,255000.0,780000,томск
bmw x6,2018,3.0,diesel,automatic,awd,133122.0,5290000,новосибирск
bmw x6,2015,3.0,diesel,automatic,awd,99250.0,3990000,ростов-на-дону
bmw 5-series,2013,2.0,petrol,automatic,awd,134000.0,2100000,химки
bmw x6,2011,3.0,petrol,automatic,awd,195000.0,1750000,хабаровск
bmw 5-series,2020,2.0,petrol,automatic,rear,130000.0,3750000,краснодар
bmw 1-series,2012,1.6,petrol,manual,rear,194000.0,1400000,уфа
bmw x6,2015,3.0,diesel,automatic,awd,138000.0,3499000,кемерово
bmw x5,2009,3.0,diesel,automatic,awd,311000.0,1900000,подольск
bmw xm,2023,4.4,hybrid,automatic,awd,35000.0,16000000,иркутск
bmw 3-series,2009,2.0,petrol,automatic,rear,86000.0,1249000,иркутск
bmw 1-series,2017,1.5,petrol,automatic,rear,83882.0,1962000,ставрополь
bmw x6,2016,3.0,diesel,automatic,awd,130530.0,3849000,ставрополь
bmw m5,2022,4.4,petrol,automatic,awd,22000.0,15000000,барнаул
bmw 5-series,2014,2.0,petrol,automatic,awd,260000.0,2250000,бийск
bmw x6,2009,3.0,petrol,automatic,awd,225000.0,1350000,ногинск
bmw x5,2011,3.0,diesel,automatic,awd,249000.0,1999000,санкт-петербург
bmw 5-series,2010,2.5,petrol,automatic,rear,254000.0,1450000,новосибирск
bmw x5,2020,3.0,diesel,automatic,awd,105039.0,6299000,калининград
bmw 3-series,2011,2.0,petrol,automatic,rear,231790.0,1200000,москва
bmw 3-series,2000,2.0,petrol,manual,rear,400000.0,390000,москва
bmw 1-series,2010,1.6,petrol,automatic,rear,176000.0,750000,апшеронск
bmw 5-series,2011,3.0,petrol,automatic,rear,308000.0,1650000,иркутск
bmw 7-series,2015,4.4,petrol,automatic,awd,164054.0,3980000,краснодар
bmw 3-series,2019,2.0,diesel,automatic,rear,46878.0,4280000,краснодар
bmw x5,2019,3.0,diesel,automatic,awd,144835.0,5444000,краснодар
bmw 3-series,2012,2.0,petrol,automatic,rear,195320.0,1765000,краснодар
bmw 5-series,2002,2.2,petrol,automatic,rear,254000.0,770000,тюмень
bmw 1-series,2011,2.0,petrol,automatic,rear,186000.0,1200000,самара
bmw x5,2008,3.0,diesel,automatic,awd,225000.0,1599999,москва
bmw m4,2021,3.0,petrol,automatic,awd,37350.0,9500000,симферополь
bmw 5-series,2024,2.0,petrol,automatic,awd,15900.0,8200000,симферополь
bmw x5,2020,3.0,diesel,automatic,awd,64000.0,8100000,симферополь
bmw x6,2024,3.0,petrol,automatic,awd,10.0,12999000,нягань
bmw x2,2018,2.0,petrol,automatic,awd,97500.0,2190000,владивосток
bmw x3,2025,2.0,petrol,automatic,awd,,7299000,екатеринбург
bmw 3-series,2013,2.0,diesel,automatic,awd,189000.0,2350000,брянск
bmw 1-series,2011,1.6,petrol,automatic,rear,288500.0,665000,екатеринбург
bmw x6,2025,3.0,petrol,automatic,awd,,12999000,екатеринбург
bmw x5,2008,3.0,petrol,automatic,awd,185758.0,1399000,ярославль
bmw x5,2020,3.0,diesel,automatic,awd,46000.0,6850000,владивосток
bmw x7,2021,3.0,hybrid,automatic,awd,105000.0,6780000,санкт-петербург
bmw 3-series,2022,2.0,petrol,automatic,rear,49000.0,3230000,китай→владивосток
bmw x5,2007,4.8,petrol,automatic,awd,215.0,1850000,молодежный
bmw x6,2023,3.0,diesel,automatic,awd,36000.0,11000000,омск
bmw 6-series,2007,3.0,petrol,automatic,rear,316000.0,1080000,жаворонки
bmw x5,2002,3.0,petrol,manual,awd,228700.0,1100000,шелехов
bmw 7-series,1992,3.0,petrol,manual,rear,200000.0,190000,краснодар
bmw x3,2005,3.0,petrol,automatic,awd,307055.0,670000,екатеринбург
bmw 4-series,2015,3.0,petrol,automatic,awd,180000.0,2650000,санкт-петербург
bmw x1,2013,2.0,petrol,automatic,awd,237432.0,1560000,воронеж
bmw 3-series,2016,1.5,petrol,automatic,rear,91791.0,1489999,кемерово
bmw 6-series,2007,3.0,petrol,automatic,rear,170000.0,1000000,волгоград
bmw x4,2021,2.0,petrol,automatic,awd,109650.0,4870000,ростов-на-дону
bmw 5-series,2006,2.5,petrol,automatic,rear,200000.0,1100000,омск
bmw 3-series,2010,2.0,petrol,automatic,rear,160648.0,1350000,краснодар
bmw x5,2013,3.0,diesel,automatic,awd,249000.0,2649000,кемерово
bmw 1-series,2012,1.6,petrol,automatic,rear,293000.0,990000,симферополь
bmw 5-series,1998,2.0,petrol,manual,rear,380000.0,420000,клин
bmw 3-series,2003,2.5,petrol,automatic,rear,120000.0,650000,иркутск
bmw 3-series,2007,2.0,petrol,automatic,rear,130000.0,890000,новокузнецк
bmw x5,2025,3.0,diesel,automatic,awd,,14990000,санкт-петербург
bmw x1,2016,2.0,petrol,automatic,awd,167000.0,1887000,новокузнецк
bmw 2-series,2020,1.5,petrol,robot,front,36380.0,2050000,владивосток
bmw 3-series,2008,2.5,petrol,automatic,rear,300000.0,950000,карталы
bmw x6,2021,3.0,petrol,automatic,awd,44800.0,9490000,новосибирск
bmw x4,2024,2.0,petrol,automatic,awd,19210.0,6500000,новосибирск
bmw x1,2018,1.5,petrol,robot,front,74733.0,2299000,яблоновский
bmw 5-series,2020,2.0,petrol,automatic,rear,86889.0,4599000,яблоновский
bmw x6,2015,3.0,diesel,automatic,awd,199200.0,3290000,екатеринбург
bmw x3,2007,3.0,petrol,automatic,awd,,585000,кирово-чепецк
bmw 3-series,2014,1.6,petrol,automatic,rear,134352.0,1400000,краснодар
bmw x3,2012,3.0,diesel,automatic,awd,140000.0,1800000,барнаул
bmw x5,2010,3.0,petrol,automatic,awd,223164.0,1775000,красноярск
bmw 3-series,2012,2.0,petrol,automatic,rear,240000.0,2100000,тюмень
bmw 7-series,2019,3.0,diesel,automatic,awd,78100.0,5300000,иркутск
bmw m5,2024,4.4,hybrid,automatic,awd,6000.0,18500000,иркутск
bmw 5-series,2020,2.0,petrol,automatic,rear,103000.0,4350000,хабаровск
bmw 3-series,2019,2.0,diesel,automatic,rear,140000.0,1821000,санкт-петербург
bmw 1-series,2012,1.6,petrol,automatic,rear,166890.0,970000,красноярск
bmw x5,2007,3.0,diesel,automatic,awd,397139.0,1400000,воронеж
bmw 5-series,2013,2.0,diesel,automatic,awd,223896.0,1743000,москва
bmw x3,2013,2.0,petrol,automatic,awd,222388.0,1980000,екатеринбург
bmw 3-series,1992,1.6,petrol,manual,rear,300000.0,190000,тюмень
bmw x3,2012,2.0,petrol,automatic,awd,139000.0,2090000,сургут
bmw 5-series,1995,2.5,diesel,manual,rear,490000.0,550000,евпатория
bmw x5,2019,3.0,diesel,automatic,awd,115000.0,5850000,краснодар
bmw 3-series,2020,2.0,diesel,automatic,awd,213563.0,3300000,иркутск
bmw 5-series,2017,2.0,diesel,automatic,rear,97000.0,3199000,красноярск
bmw 1-series,2010,1.6,petrol,automatic,rear,137937.0,880000,кемерово
bmw 7-series,2019,3.0,diesel,automatic,awd,111581.0,5690000,москва
bmw x7,2022,3.0,hybrid,automatic,awd,61587.0,11900000,москва
bmw 1-series,2010,1.6,petrol,automatic,rear,202500.0,750000,санкт-петербург
bmw x7,2025,3.0,petrol,automatic,awd,,16250000,ростов-на-дону
bmw x5,2006,4.4,petrol,automatic,awd,277000.0,1000000,североуральск
bmw 2-series gran tourer,2016,1.5,petrol,automatic,front,116500.0,1300000,владивосток
bmw 5-series,2019,2.0,diesel,automatic,awd,100000.0,4300000,хабаровск
bmw 5-series,2021,2.0,diesel,automatic,awd,158331.0,4390000,симферополь
bmw 5-series,2005,3.0,petrol,automatic,rear,120000.0,2560000,миллерово
bmw x4,2019,2.0,diesel,automatic,awd,55000.0,4250000,хабаровск
bmw 3-series,2016,1.5,petrol,automatic,rear,220000.0,1450000,бахчисарай
bmw x3,2018,2.0,diesel,automatic,awd,98666.0,4236000,москва
bmw 3-series,2017,2.0,diesel,automatic,awd,215.0,2900000,кемерово
bmw 3-series,2008,2.5,petrol,automatic,awd,213.0,585000,челябинск
bmw 3-series,2006,2.5,petrol,automatic,rear,350000.0,470000,москва
bmw x3,2019,2.0,diesel,automatic,awd,180000.0,3550000,москва
bmw 5-series,1999,2.5,petrol,automatic,rear,388848.0,450000,пермь
bmw 1-series,2012,1.6,petrol,automatic,rear,274000.0,1200000,тольятти
bmw x6,2021,3.0,diesel,automatic,awd,74000.0,7300000,краснодар
bmw x5,2003,4.6,petrol,automatic,awd,250000.0,500000,дигора
bmw x1,2011,2.0,petrol,automatic,rear,144000.0,1300000,моздок
bmw 5-series,2004,3.0,petrol,automatic,rear,222999.0,1000099,прокопьевск
bmw x6,2019,3.0,diesel,automatic,awd,175019.0,4470000,москва
bmw x5,2002,4.4,petrol,automatic,awd,180000.0,500000,улан-удэ
bmw 7-series,2012,3.0,diesel,automatic,awd,,1599000,москва
bmw 5-series,2012,2.0,petrol,automatic,rear,173200.0,2000000,томск
bmw x4,2019,2.0,petrol,automatic,awd,55000.0,4550000,владивосток
bmw x5,2010,3.0,petrol,automatic,awd,191045.0,1899000,сургут
bmw 3-series,2012,2.0,petrol,automatic,rear,229000.0,1699000,михайловск
bmw 7-series,2010,4.4,petrol,automatic,awd,235000.0,2000000,москва
bmw 3-series,2011,2.0,petrol,automatic,rear,270000.0,1900000,москва
bmw 1-series,2013,1.6,petrol,automatic,rear,111111.0,1250000,ангарск
bmw x5,2014,3.0,petrol,automatic,awd,220050.0,2495000,санкт-петербург
bmw 5-series,1999,2.0,petrol,manual,rear,360000.0,650000,мариинск
bmw 5-series,2017,2.0,diesel,automatic,rear,212000.0,2350000,санкт-петербург
bmw 2-series active tourer,2015,1.5,petrol,automatic,front,81273.0,1245000,иркутск
bmw x1,2012,2.0,diesel,automatic,awd,224500.0,1299000,уфа
bmw x3,2013,3.0,diesel,automatic,awd,200000.0,2150000,москва
bmw 5-series,2021,2.0,petrol,automatic,rear,78800.0,4300000,москва
bmw x4,2018,2.0,petrol,automatic,awd,212200.0,3420000,курган
bmw 5-series,1998,2.8,petrol,automatic,rear,280000.0,320000,беслан
bmw 5-series,2012,2.0,diesel,automatic,awd,164000.0,1930000,челябинск
bmw 7-series,2002,4.4,petrol,automatic,rear,299000.0,550000,ульяновск
bmw 3-series,2016,2.0,petrol,automatic,rear,195000.0,1790000,москва
bmw x5,2020,3.0,diesel,automatic,awd,79612.0,9900000,тюмень
bmw x6,2016,3.0,diesel,automatic,awd,141372.0,3000000,иркутск
bmw x6,2019,3.0,diesel,automatic,awd,199000.0,4999999,санкт-петербург
bmw 3-series,2013,2.0,diesel,automatic,awd,185000.0,1820000,екатеринбург
bmw x1,2019,1.5,petrol,robot,front,72900.0,1969000,иркутск
bmw 1-series,2010,1.6,petrol,automatic,rear,165223.0,829900,уфа
bmw x5,2012,3.0,diesel,automatic,awd,150000.0,2500000,пенза
bmw x3,2023,2.0,petrol,automatic,awd,37731.0,5597000,красноярск
bmw 7-series,2016,3.0,diesel,automatic,awd,180000.0,3000000,москва
bmw x5,2009,3.0,petrol,automatic,awd,196645.0,1627000,барнаул
bmw 3-series,2011,2.0,petrol,automatic,rear,173200.0,900000,москва
bmw 5-series,2010,2.5,petrol,automatic,rear,233000.0,1690000,красноярск
bmw 3-series,2016,1.5,petrol,automatic,rear,99000.0,1650000,челябинск
bmw 3-series,2007,2.0,petrol,automatic,rear,287000.0,670000,екатеринбург
bmw 1-series,2009,1.6,petrol,automatic,rear,134000.0,849000,сургут
bmw 7-series,2019,3.0,diesel,automatic,awd,76890.0,5650000,москва
bmw 3-series,2007,2.5,petrol,automatic,rear,290000.0,1100000,тюмень
bmw 5-series,2020,2.0,petrol,automatic,awd,86089.0,4048000,волгоград
bmw x5,2011,4.4,petrol,automatic,awd,243000.0,2500000,красноярск
bmw 5-series,2012,2.0,diesel,automatic,awd,320896.0,1270000,новосибирск
bmw x5,2009,3.0,diesel,automatic,awd,358000.0,1780000,челябинск
bmw 7-series,1998,2.8,petrol,automatic,rear,299000.0,499000,тюмень
bmw 7-series,2012,3.0,petrol,automatic,awd,247000.0,2500000,барнаул
bmw x7,2022,3.0,hybrid,automatic,awd,59000.0,12500000,иркутск
bmw x5,2015,3.0,diesel,automatic,awd,205178.0,3600000,ильинское
bmw 3-series,2013,2.0,petrol,automatic,rear,134000.0,1800000,тюмень
bmw 7-series,2004,4.4,petrol,automatic,rear,333000.0,750000,владикавказ
bmw 3-series,2021,2.0,diesel,automatic,awd,35000.0,3330000,владивосток
bmw 5-series,2007,3.0,petrol,automatic,awd,248000.0,1170000,екатеринбург
bmw 5-series,2011,2.5,petrol,automatic,rear,165000.0,2100000,рубцовск
bmw x7,2025,3.0,hybrid,automatic,awd,,13555000,благовещенск
bmw 1-series,2022,1.5,petrol,robot,front,40000.0,1590000,китай→владивосток
bmw x5,2024,3.0,petrol,automatic,awd,15000.0,13200000,москва
bmw 3-series,2008,2.5,petrol,automatic,rear,280000.0,900000,кыштым
bmw 1-series,2009,1.6,petrol,automatic,rear,219811.0,718000,хабаровск
bmw x5,2022,3.0,diesel,automatic,awd,28500.0,11500000,набережные челны
bmw x5,2019,3.0,diesel,automatic,awd,150000.0,6450000,иваново
bmw x3,2013,2.0,petrol,automatic,awd,216000.0,2125000,чебоксары
bmw x3,2025,2.0,petrol,automatic,awd,,7099000,нижний новгород
bmw x5,2007,3.0,petrol,automatic,awd,191000.0,1300000,кемерово
bmw x4,2021,3.0,diesel,automatic,awd,122500.0,5050000,москва
bmw 7-series,2001,4.4,petrol,automatic,rear,356000.0,700000,шилка
bmw 3-series,2019,2.0,diesel,automatic,rear,120935.0,2899000,тюмень
bmw x1,2014,2.0,petrol,automatic,rear,147538.0,1429000,тюмень
bmw x3,2025,2.0,petrol,automatic,awd,,6990000,санкт-петербург
bmw 3-series,2016,1.5,petrol,automatic,rear,82000.0,1750000,владивосток
bmw x5,2002,3.0,petrol,automatic,awd,260000.0,800000,магнитогорск
bmw x4,2015,2.0,petrol,automatic,awd,154117.0,2639000,уфа
bmw x3,2025,2.0,petrol,automatic,awd,,7600000,москва
bmw x4,2024,2.0,petrol,automatic,awd,,8190000,москва
bmw 3-series,2014,2.0,petrol,automatic,rear,222500.0,1775000,москва
bmw x3,2023,2.0,petrol,automatic,awd,52000.0,5250000,ростов-на-дону
bmw x5,2020,3.0,petrol,automatic,awd,75000.0,6900000,пятигорск
bmw 6-series gran turismo,2018,2.0,diesel,automatic,awd,130000.0,3700000,санкт-петербург
bmw x5,2001,4.4,petrol,automatic,awd,350000.0,750000,пронск
bmw 5-series,2010,3.0,petrol,automatic,rear,268228.0,1300000,каспийск
bmw 3-series,2009,2.5,petrol,automatic,rear,122800.0,1990000,краснодар
bmw 7-series,2002,3.6,petrol,automatic,rear,330000.0,395000,москва
bmw 5-series,2017,3.0,diesel,automatic,awd,216800.0,3650000,рязань
bmw x6,2015,3.0,diesel,automatic,awd,137500.0,3950000,красноярск
bmw x5,2014,3.0,diesel,automatic,awd,71000.0,4150000,красноярск
bmw 5-series,2011,3.0,diesel,automatic,awd,220000.0,1800000,новосибирск
bmw x3,2004,3.0,petrol,automatic,awd,384000.0,775000,тогучин
bmw x3,2013,2.0,petrol,automatic,awd,177000.0,2000000,тюмень
bmw x5,2001,3.0,petrol,automatic,awd,200000.0,799000,новосибирск
bmw x7,2020,3.0,diesel,automatic,awd,155158.0,6049888,нижний новгород
bmw 8-series,2019,3.0,diesel,automatic,awd,58506.0,7349000,санкт-петербург
bmw x5,2007,3.0,petrol,automatic,awd,200.0,1300000,улан-удэ
bmw x6,2011,4.4,petrol,automatic,awd,118000.0,1650000,хабаровск
bmw x3,2025,2.0,petrol,automatic,awd,27.0,7500000,москва
bmw x3,2025,2.0,petrol,automatic,awd,,7450000,москва
bmw 3-series,2014,1.6,petrol,automatic,rear,285000.0,1199990,ростов-на-дону
bmw x5,2020,3.0,hybrid,automatic,awd,143500.0,5900000,москва
bmw x3,2019,2.0,petrol,automatic,awd,95292.0,4527000,новосибирск
bmw x7,2020,3.0,hybrid,automatic,awd,110675.0,9000000,пермь
bmw x5,2021,3.0,hybrid,automatic,awd,112000.0,6150000,артём
bmw x7,2025,3.0,hybrid,automatic,awd,50.0,16250000,ростов-на-дону
bmw 3-series,1998,3.0,petrol,manual,rear,450000.0,320000,омск
bmw x3,2015,2.0,diesel,automatic,awd,178000.0,2145000,санкт-петербург
bmw x6,2009,3.0,petrol,automatic,awd,270000.0,1600000,темрюк
bmw x1,2025,2.0,petrol,robot,awd,,5950000,москва
bmw x1,2025,2.0,petrol,robot,awd,,5900000,москва
bmw x1,2025,2.0,petrol,robot,awd,,6890000,москва
bmw x1,2025,2.0,hybrid,robot,awd,,6990000,москва
bmw x3,2025,2.0,petrol,automatic,awd,,6990000,москва
bmw x1,2025,2.0,hybrid,robot,awd,,6540000,москва
bmw x1,2025,2.0,hybrid,robot,awd,,7090000,москва
bmw x1,2025,2.0,petrol,robot,awd,,5890000,москва
bmw x3,2025,2.0,petrol,automatic,awd,,7090000,москва
bmw x1,2025,2.0,petrol,robot,awd,,6350000,москва
bmw x1,2025,2.0,hybrid,robot,awd,,6890000,москва
bmw x1,2010,3.0,petrol,automatic,awd,207000.0,1299000,сургут
bmw 4-series,2021,3.0,petrol,automatic,awd,70000.0,6600000,новосибирск
bmw 5-series,2004,2.2,petrol,automatic,rear,310000.0,750000,юрьев-польский
bmw x3,2025,2.0,petrol,automatic,awd,,7499000,красноярск
bmw 5-series,2012,2.0,petrol,automatic,rear,94967.0,2135000,чебоксары
bmw 5-series,2015,2.0,petrol,automatic,rear,193000.0,1950000,тольятти
bmw 1-series,2008,3.0,petrol,automatic,rear,252800.0,1550000,симферополь
bmw x6,2016,3.0,diesel,automatic,awd,272000.0,3300000,москва
bmw 3-series,2008,2.5,petrol,automatic,rear,250000.0,830000,томск
bmw x5,2025,3.0,diesel,automatic,awd,6351.0,15895000,новосибирск
bmw x5,2014,3.0,diesel,automatic,awd,301000.0,2690000,киров
bmw 5-series,2005,2.5,petrol,manual,rear,60000.0,987000,краснодар
bmw x5,2017,3.0,diesel,automatic,awd,198000.0,3279000,москва
bmw x5,2001,4.4,petrol,automatic,awd,350000.0,650000,пушкино
bmw 5-series,2020,2.0,diesel,automatic,awd,131124.0,3699000,тюмень
bmw x3,2009,2.0,diesel,automatic,awd,311000.0,575000,екатеринбург
bmw 3-series,2020,2.0,petrol,automatic,rear,149000.0,3150000,грозный
bmw 3-series,2003,2.2,petrol,automatic,rear,270000.0,590000,симферополь
bmw 3-series,2001,2.2,petrol,automatic,rear,324700.0,590000,екатеринбург
bmw x6,2019,3.0,diesel,automatic,awd,172592.0,4250000,москва
bmw 5-series,2019,3.0,petrol,automatic,rear,117000.0,3850000,краснодар
bmw 3-series,2015,2.0,petrol,automatic,awd,205000.0,1920000,калининград
bmw 7-series,1997,2.8,petrol,automatic,rear,210000.0,470000,тюмень
bmw x3,2008,2.5,petrol,automatic,awd,305000.0,1050000,томск
bmw 5-series,2018,2.0,petrol,automatic,rear,159000.0,2550000,москва
bmw 3-series,2024,2.0,petrol,automatic,rear,69900.0,3000000,грозный
bmw x5,2007,3.0,petrol,automatic,awd,100000.0,1850000,чита
bmw x2,2018,2.0,petrol,automatic,awd,90148.0,3200000,москва
bmw x3,2025,2.0,petrol,automatic,awd,,6850000,саратов
bmw x4,2021,2.0,petrol,automatic,awd,55000.0,5700000,краснодар
bmw 5-series,1998,2.8,petrol,manual,rear,597000.0,480000,нальчик
bmw x5,2017,3.0,petrol,automatic,awd,155000.0,3370000,москва
bmw 3-series,2014,2.0,petrol,automatic,awd,149000.0,2190000,симферополь
bmw 5-series,2013,3.0,diesel,automatic,awd,220454.0,2280000,новосибирск
bmw 5-series,2008,2.5,petrol,automatic,rear,236244.0,1350000,москва
bmw 1-series,2012,1.6,petrol,automatic,rear,270000.0,800000,суходол
bmw 3-series,2005,2.0,petrol,manual,rear,410000.0,860000,москва
bmw x5,2018,3.0,petrol,automatic,awd,85812.0,2371500,краснодар
bmw 5-series,2021,2.0,diesel,automatic,awd,60000.0,1500000,санкт-петербург
bmw x5,2007,3.0,petrol,automatic,awd,228000.0,1350000,иркутск
bmw 3-series,2008,3.0,petrol,automatic,rear,5000.0,6490000,казань
bmw 5-series,2006,2.5,petrol,automatic,awd,280000.0,1330000,евпатория
bmw 5-series,2020,2.0,petrol,automatic,rear,70982.0,4450000,москва
bmw x5,2006,3.0,petrol,automatic,awd,320000.0,830000,краснодар
bmw x5,2021,3.0,diesel,automatic,awd,89000.0,8250000,омск
bmw 5-series,2021,2.0,diesel,automatic,awd,148695.0,3988000,чебоксары
bmw 5-series,2006,3.0,petrol,automatic,awd,289050.0,730000,москва
bmw 4-series,2025,2.0,petrol,automatic,rear,8000.0,5450000,гомель
bmw 5-series,2004,2.5,petrol,automatic,rear,369000.0,700000,тольятти
bmw x6,2016,3.0,diesel,automatic,awd,170000.0,3700000,мегет
bmw 5-series,1997,2.0,petrol,manual,rear,500000.0,440000,москва
bmw 5-series,2010,2.5,petrol,automatic,rear,261930.0,1199000,санкт-петербург
bmw 5-series,2017,2.0,diesel,automatic,awd,192000.0,3350000,москва
bmw 7-series,2009,3.0,petrol,automatic,rear,185000.0,1600000,красноярск
bmw 5-series,2016,3.0,diesel,automatic,awd,210000.0,2600000,омск
bmw 3-series,2013,2.0,petrol,automatic,rear,233920.0,1600000,москва
bmw 3-series,2005,2.5,petrol,automatic,rear,428000.0,800000,уфа
bmw 3-series,2008,2.5,petrol,automatic,awd,160000.0,980000,новосибирск
bmw x3,2025,2.0,petrol,automatic,awd,1.0,7250000,тюмень
bmw 3-series,2000,3.0,petrol,automatic,rear,9999.0,5140000,казань
bmw 1-series,2008,3.0,petrol,manual,rear,3333.0,4690000,казань
bmw x5,2014,3.0,petrol,automatic,awd,168603.0,3200000,краснодар
bmw 3-series,2000,1.9,petrol,manual,rear,386000.0,600000,прокопьевск
bmw x6,2015,3.0,diesel,automatic,awd,167919.0,3550000,кемерово
bmw 3-series,2010,2.5,petrol,automatic,awd,183597.0,1150000,новосибирск
bmw x3,2008,2.0,diesel,automatic,awd,156000.0,950000,хабаровск
bmw x6,2018,3.0,diesel,automatic,awd,290000.0,3200000,троицк
bmw x5,2007,3.0,petrol,automatic,awd,260000.0,1420000,москва
bmw 3-series,2011,2.0,petrol,automatic,rear,241000.0,1098000,новосибирск
bmw 3-series,2003,2.0,petrol,automatic,rear,118010.0,830000,новосибирск
bmw x2,2019,2.0,diesel,automatic,awd,107772.0,2570000,новосибирск
bmw x3,2009,2.0,diesel,automatic,awd,239000.0,1119000,новосибирск
bmw 3-series,2013,2.0,diesel,automatic,awd,121856.0,1900000,новосибирск
bmw 5-series,2016,2.0,diesel,automatic,awd,184000.0,3598000,новосибирск
bmw x6,2009,4.4,petrol,automatic,awd,245000.0,1600000,чита
bmw x4,2024,2.0,petrol,automatic,awd,26000.0,7000000,москва
bmw x6,2019,4.4,petrol,automatic,awd,97000.0,7900000,воронеж
bmw x5,2014,3.0,petrol,automatic,awd,180000.0,3400000,краснодар
bmw x3,2008,2.5,petrol,automatic,awd,184000.0,1200000,красноярск
bmw 7-series,2015,3.0,petrol,automatic,awd,174813.0,2320000,уфа
bmw x6,2025,3.0,diesel,automatic,awd,7900.0,15450000,новосибирск
bmw x5,2017,3.0,diesel,automatic,awd,168900.0,4049999,новосибирск
bmw x4,2019,2.0,diesel,automatic,awd,104000.0,1890000,краснодар
bmw 5-series,2000,2.5,diesel,manual,rear,200000.0,349000,кемерово
bmw x6,2015,3.0,diesel,automatic,awd,217000.0,3250000,челябинск
bmw 3-series,2011,2.0,petrol,automatic,rear,147600.0,1295000,феодосия
bmw 5-series,2000,2.5,diesel,manual,rear,260000.0,240000,новосибирск
bmw 5-series,2018,2.0,diesel,automatic,awd,107000.0,3500000,москва
bmw 7-series,2010,6.0,petrol,automatic,rear,190000.0,1850000,сочи
bmw 3-series,2015,2.0,petrol,automatic,rear,140000.0,2299999,новосибирск
bmw x5,2021,4.4,petrol,automatic,awd,113219.0,8700000,тверь
bmw 3-series gran turismo,2020,2.0,diesel,automatic,awd,142500.0,2470000,омск
bmw x3,2020,2.0,petrol,automatic,awd,45239.0,5000000,барнаул
bmw 3-series,2011,2.0,petrol,automatic,rear,216000.0,1150000,большой исток
bmw x6,2010,3.0,petrol,automatic,awd,225000.0,1520000,белово
bmw 5-series,1994,2.5,petrol,automatic,rear,200000.0,127000,чита
bmw 1-series,2017,1.5,petrol,automatic,rear,78567.0,1899000,екатеринбург
bmw x1,2025,2.0,petrol,robot,awd,,5699000,нягань
bmw 2-series active tourer,2017,1.5,petrol,automatic,front,49500.0,1475000,нижняя тура
bmw 7-series,2004,3.0,diesel,automatic,rear,208000.0,1500000,лангепас
bmw 3-series,2014,1.6,petrol,automatic,rear,185000.0,1495000,симферополь
bmw x3,2019,2.0,diesel,automatic,awd,168000.0,3600000,шахты
bmw 5-series,2020,2.0,diesel,automatic,awd,244000.0,3250000,москва
bmw x3,2015,2.0,petrol,automatic,awd,238000.0,2050000,надым
bmw 7-series,2001,3.6,petrol,automatic,rear,330000.0,650000,краснодар
bmw 5-series,2004,2.5,diesel,automatic,rear,420000.0,1250000,калининград
bmw x5,2016,2.0,diesel,automatic,awd,198000.0,3720000,стерлитамак
bmw x1,2012,2.0,petrol,automatic,awd,260000.0,1490000,тюмень
bmw 7-series,2001,3.6,petrol,automatic,rear,150000.0,385000,москва
bmw 5-series,1999,2.0,petrol,automatic,rear,540000.0,530000,новосибирск
bmw 5-series,2008,2.5,petrol,automatic,rear,272000.0,1249999,сургут
bmw 1-series,2011,1.6,petrol,automatic,rear,168560.0,900000,пушкино
bmw x1,2025,2.0,petrol,robot,awd,3000.0,5150000,симферополь
bmw 3-series,2011,2.0,petrol,automatic,rear,214700.0,1020000,уфа
bmw 5-series,2016,2.0,diesel,automatic,awd,180000.0,2350000,иваново
bmw 2-series,2020,1.5,petrol,robot,front,46000.0,1500000,владивосток
bmw 3-series,2012,2.5,petrol,automatic,rear,143313.0,1549000,москва
bmw 3-series,1999,2.0,petrol,manual,rear,200000.0,870000,омск
bmw 3-series,2006,2.0,petrol,automatic,rear,275000.0,950000,иркутск
bmw 3-series,2012,2.0,petrol,automatic,rear,167156.0,1619000,сургут
bmw 3-series,2020,2.0,petrol,automatic,awd,29000.0,4500000,москва
bmw x3,2012,2.0,petrol,automatic,awd,180000.0,2450000,челябинск
bmw x5,2013,3.0,diesel,automatic,awd,243000.0,1750000,калининград
bmw x5,2014,3.0,diesel,automatic,awd,137000.0,3000000,иркутск
bmw x3,2015,2.0,petrol,automatic,awd,183153.0,2200000,екатеринбург
bmw 3-series,1999,1.9,petrol,automatic,rear,430000.0,450000,верх-суетка
bmw 3-series,2021,2.0,diesel,automatic,awd,27000.0,5600000,йошкар-ола
bmw 3-series,2020,2.0,diesel,automatic,awd,68000.0,3850000,красноярск
bmw 3-series,2021,2.0,diesel,automatic,awd,130300.0,3730000,воронеж
bmw x5,2024,3.0,petrol,automatic,awd,7600.0,15100000,владикавказ
bmw 5-series,2019,2.0,petrol,automatic,rear,113000.0,3600000,благовещенск
bmw 5-series,2004,4.4,petrol,automatic,rear,285000.0,720000,ростов-на-дону
bmw 3-series,2009,2.5,petrol,automatic,awd,202000.0,1400000,москва
bmw x3,2024,2.0,petrol,automatic,awd,21798.0,6278000,краснодар
bmw 3-series,2021,2.0,diesel,automatic,awd,125000.0,3250000,москва
bmw x3,2013,2.0,petrol,automatic,awd,121300.0,1900000,москва
bmw 1-series,2011,1.6,petrol,automatic,rear,343500.0,739000,челябинск
bmw 7-series,2010,3.0,diesel,automatic,rear,299000.0,2100000,сергиев посад
bmw 1-series,2012,1.6,petrol,automatic,rear,166000.0,1100000,железнодорожный
bmw x7,2025,4.4,hybrid,automatic,awd,1250.0,18890000,москва
bmw x7,2022,3.0,hybrid,automatic,awd,85054.0,10990000,москва
bmw x7,2022,3.0,hybrid,automatic,awd,15768.0,12390000,москва
bmw x7,2022,3.0,hybrid,automatic,awd,40498.0,11990000,москва
bmw x5,2004,4.4,petrol,automatic,awd,300000.0,1000000,талинка
bmw x5,2016,3.0,diesel,automatic,awd,114000.0,3700000,москва
bmw 5-series,2010,2.5,petrol,automatic,rear,273000.0,1610000,тула
bmw 3-series,2013,1.6,petrol,automatic,rear,208000.0,1470000,минеральные воды
bmw x6,2010,4.4,petrol,automatic,awd,123600.0,1700000,барнаул
bmw 3-series,2017,1.5,petrol,automatic,rear,36800.0,1999999,барнаул
bmw x7,2019,3.0,diesel,automatic,awd,65000.0,9000000,новосибирск
bmw 5-series,2020,3.0,petrol,automatic,rear,65000.0,5600000,симферополь
bmw 3-series,2001,2.2,petrol,automatic,rear,222222.0,320000,санкт-петербург
bmw 1-series,2013,1.6,petrol,automatic,rear,123000.0,1250000,санкт-петербург
bmw x5,2001,4.4,petrol,automatic,awd,286000.0,1000000,асино
bmw 6-series,2003,4.4,petrol,automatic,rear,220000.0,1000000,бердск
bmw x3,2006,3.0,diesel,automatic,awd,10000.0,560000,москва
bmw 3-series,2020,2.0,petrol,automatic,rear,80000.0,4000000,чебоксары
bmw 1-series,2015,1.5,petrol,automatic,rear,131250.0,1300000,томск
bmw x1,2013,2.0,petrol,automatic,awd,182000.0,1350000,уфа
bmw x3,2021,2.0,diesel,automatic,awd,67000.0,4850000,кыштым
bmw 5-series,2019,3.0,diesel,automatic,awd,140280.0,4400000,казань
bmw x3,2014,2.0,petrol,automatic,awd,192297.0,1850000,екатеринбург
bmw 5-series,2011,2.5,petrol,automatic,rear,181000.0,1690000,москва
bmw xm,2023,4.4,hybrid,automatic,awd,29370.0,20600000,новосибирск
bmw x7,2025,3.0,hybrid,automatic,awd,4997.0,17595000,новосибирск
bmw x3,2021,2.0,diesel,automatic,awd,62512.0,4890000,новосибирск
bmw x6,2020,4.4,petrol,automatic,awd,40000.0,13000000,новосибирск
bmw 3-series,2021,2.0,diesel,automatic,awd,81000.0,4400000,краснодар
bmw x7,2020,3.0,hybrid,automatic,awd,117485.0,7890000,краснодар
bmw x5,2020,3.0,diesel,automatic,awd,91861.0,7949000,тюмень
bmw x5,2005,3.0,diesel,automatic,awd,330000.0,1500000,дмитров
bmw 5-series,2008,3.0,petrol,automatic,awd,222915.0,1124000,тюмень
bmw 7-series,2018,3.0,petrol,automatic,awd,119424.0,3999000,тюмень
bmw 4-series,2017,2.0,diesel,automatic,rear,153745.0,2849000,тюмень
bmw 5-series,2015,2.0,petrol,automatic,awd,147617.0,2399000,тюмень
bmw 3-series gran turismo,2014,2.0,petrol,automatic,awd,177500.0,1984000,тюмень
bmw 8-series,2020,3.0,diesel,automatic,awd,52350.0,7995000,новосибирск
bmw x3,2013,2.0,petrol,automatic,awd,186000.0,1630000,томск
bmw x3,2013,2.0,petrol,automatic,awd,123000.0,1900000,рыбинск
bmw 5-series,2019,3.0,diesel,automatic,awd,150000.0,4690000,симферополь
bmw x5,2009,3.0,petrol,automatic,awd,286000.0,1230000,вологда
bmw x5,2005,4.4,petrol,automatic,awd,242000.0,1500000,сургут
bmw x3,2015,2.0,petrol,automatic,awd,121041.0,2630000,набережные челны
bmw 7-series,1997,2.8,petrol,automatic,rear,197000.0,785000,краснодар
bmw 4-series,2014,2.0,petrol,automatic,rear,227966.0,1979000,сургут
bmw 1-series,2013,1.6,petrol,automatic,rear,210798.0,959000,сургут
bmw 5-series,2013,2.0,petrol,automatic,rear,211000.0,1550000,москва
bmw 5-series,2007,2.5,petrol,automatic,rear,354937.0,990000,кореновск
bmw x1,2018,1.5,petrol,robot,front,64557.0,2000000,хабаровск
bmw x5,2026,3.0,petrol,automatic,awd,,18375000,москва
bmw 3-series,2013,2.0,diesel,automatic,awd,81000.0,2380000,новосибирск
bmw 8-series,2019,3.0,diesel,automatic,awd,147766.0,6290000,санкт-петербург
bmw 5-series,1998,2.0,petrol,automatic,rear,435000.0,600000,воронеж
bmw x4,2018,2.0,petrol,automatic,awd,107000.0,4199999,донецк
bmw x5,2014,3.0,petrol,automatic,awd,330000.0,3000000,москва
bmw 3-series,2012,2.0,petrol,automatic,rear,223562.0,1630000,новосибирск
bmw 3-series,2011,2.0,petrol,automatic,rear,346334.0,790000,новосибирск
bmw x1,2014,2.0,diesel,automatic,awd,292454.0,1195000,москва
bmw x3,2012,3.0,petrol,automatic,awd,90000.0,3250000,самара
bmw x3,2013,3.0,diesel,automatic,awd,201000.0,2050000,томск
bmw 7-series,2016,2.0,hybrid,automatic,rear,49000.0,3350000,хабаровск
bmw x5,2021,3.0,petrol,automatic,awd,50469.0,8850000,иркутск
bmw 3-series,1995,1.8,petrol,manual,rear,101000.0,150000,красноярск
bmw x5,2019,3.0,diesel,automatic,awd,66000.0,7100000,москва
bmw 5-series,2012,2.0,petrol,automatic,rear,267400.0,1500000,кемерово
bmw x5,2007,3.0,petrol,automatic,awd,207806.0,1250000,москва
bmw 5-series,2020,2.0,diesel,automatic,awd,127312.0,3650000,санкт-петербург
bmw 3-series,2000,2.0,petrol,automatic,rear,212000.0,600000,первомайский
bmw 1-series,2011,1.6,petrol,automatic,rear,225900.0,1050000,славянск-на-кубани
bmw 3-series,2000,1.9,petrol,manual,rear,325000.0,385000,краснодар
bmw 5-series,2014,3.0,diesel,automatic,awd,205993.0,2890000,казань
bmw x5,2020,3.0,diesel,automatic,awd,107829.0,7350000,москва
bmw x3,2024,2.0,petrol,automatic,awd,38819.0,6000000,москва
bmw 3-series,2016,2.0,hybrid,automatic,rear,92000.0,1835000,хабаровск
bmw x6,2010,3.0,diesel,automatic,awd,287200.0,2600000,кемерово
bmw x5,2001,3.0,petrol,automatic,awd,280000.0,865000,томск
bmw x5,2016,3.0,petrol,automatic,awd,101000.0,3590000,иркутск
bmw 5-series,1997,2.0,petrol,manual,rear,316000.0,235000,калининград
bmw 7-series,2000,2.8,petrol,automatic,rear,300000.0,540001,тюмень
bmw x7,2026,3.0,hybrid,automatic,awd,,18990000,москва
bmw x6,2025,3.0,diesel,automatic,awd,,14650000,москва
bmw 3-series,2017,1.5,petrol,automatic,rear,24700.0,1395000,япония→владивосток
bmw 3-series,2012,2.0,petrol,automatic,awd,210000.0,1750000,екатеринбург
bmw 5-series,2021,2.0,diesel,automatic,awd,72968.0,4599000,екатеринбург
bmw 2-series,2020,2.0,petrol,automatic,awd,63209.0,4797000,воронеж
bmw 3-series,2000,1.9,petrol,automatic,rear,200000.0,400000,нижнеудинск
bmw x5,2013,3.0,diesel,automatic,awd,225000.0,2350000,иркутск
bmw x5,2020,3.0,diesel,automatic,awd,118000.0,6750000,москва
bmw 5-series,2017,2.0,diesel,automatic,rear,72000.0,3800000,владивосток
bmw 4-series,2021,3.0,petrol,automatic,awd,63869.0,5680000,самара
bmw x1,2020,2.0,petrol,automatic,awd,76000.0,2350000,могилёв
bmw x5,2013,3.0,diesel,automatic,awd,280000.0,2900000,челябинск
bmw x5,2004,3.0,petrol,automatic,awd,316000.0,1045000,новосибирск
bmw 2-series gran tourer,2017,2.0,diesel,automatic,front,185000.0,1730000,шахты
bmw x3,2012,2.0,petrol,automatic,awd,108512.0,1614000,самара
bmw x6,2008,3.0,petrol,automatic,awd,275608.0,1777000,барнаул
bmw x1,2011,2.0,petrol,automatic,awd,320000.0,1333333,москва
bmw 5-series,2024,2.0,diesel,automatic,awd,35898.0,8490000,ижевск
bmw x5,2022,3.0,diesel,automatic,awd,25066.0,8800000,новосибирск
bmw x6,2013,4.4,petrol,automatic,awd,171000.0,2150000,краснодар
bmw x5,2008,3.0,petrol,automatic,awd,360000.0,1600000,москва
bmw 5-series,2020,2.0,diesel,automatic,rear,192500.0,3730000,симферополь
bmw 2-series active tourer,2017,1.5,petrol,automatic,front,68000.0,1250000,большой камень
bmw 5-series,2019,2.0,petrol,automatic,rear,199000.0,2950000,краснодар
bmw x1,2018,2.0,diesel,automatic,awd,91400.0,2550000,москва
bmw 5-series,2022,2.0,petrol,automatic,rear,44000.0,4999999,челябинск
bmw 4-series,2018,2.0,petrol,automatic,rear,95000.0,2500000,москва
bmw x6,2012,3.0,petrol,automatic,awd,206000.0,2098900,самара
bmw 3-series,1998,1.9,petrol,manual,rear,200000.0,350000,новокузнецк
bmw x3,2021,3.0,diesel,automatic,awd,71932.0,6000000,иркутск
bmw x3,2024,2.0,petrol,automatic,awd,,7150000,иркутск
bmw x5,2008,3.0,petrol,automatic,awd,310000.0,1350000,самара
bmw 3-series,2018,2.0,petrol,automatic,rear,68000.0,2820000,пятигорск
bmw x3,2017,2.0,diesel,automatic,awd,176278.0,2030000,хабаровск
bmw 5-series,2013,2.0,petrol,automatic,awd,343907.0,1530000,екатеринбург
bmw 3-series,2022,2.0,petrol,automatic,rear,45000.0,3268000,минск
bmw x5,2002,3.0,petrol,automatic,awd,333000.0,979000,оренбург
bmw x6,2009,3.0,petrol,automatic,awd,220000.0,1580000,новосибирск
bmw x3,2021,2.0,petrol,automatic,awd,23500.0,4600000,москва
bmw x5,2007,3.0,petrol,automatic,awd,224608.0,1300000,копейск
bmw x7,2026,3.0,hybrid,automatic,awd,,19060000,новосибирск
bmw 3-series,2017,2.0,petrol,automatic,awd,161950.0,1570000,минск
bmw x1,2015,2.0,petrol,automatic,awd,106000.0,2300000,москва
bmw x3,2025,2.0,petrol,automatic,awd,,7900000,санкт-петербург
bmw 1-series,2019,1.5,petrol,robot,front,44900.0,2195000,санкт-петербург
bmw x4,2019,3.0,diesel,automatic,awd,161000.0,4550000,санкт-петербург
bmw 5-series,2010,2.5,petrol,automatic,rear,300000.0,1610000,зуя
bmw 3-series,1999,2.0,petrol,automatic,rear,350000.0,317000,бийск
bmw 5-series,2011,3.0,petrol,automatic,awd,190000.0,2500000,сургут
bmw 5-series,2018,2.0,petrol,automatic,rear,130000.0,3100000,пушкино
bmw 3-series,2008,2.0,petrol,automatic,rear,376000.0,790000,красноярск
bmw x5,2008,3.0,diesel,automatic,awd,220000.0,2050000,новый уренгой
bmw x5,2026,3.0,diesel,automatic,awd,,17283000,новосибирск
bmw x5,2025,3.0,petrol,automatic,awd,,16030000,новосибирск
bmw 3-series,1999,2.5,petrol,manual,rear,346000.0,610000,красноярск
bmw 7-series,2015,4.4,petrol,automatic,awd,115000.0,4500000,москва
bmw x5,2004,4.8,petrol,automatic,awd,395000.0,1850000,сочи
bmw 5-series,2004,2.5,petrol,automatic,rear,380000.0,850000,советский
bmw x6,2013,3.0,petrol,automatic,awd,164000.0,2500000,иркутск
bmw 1-series,2013,1.6,petrol,automatic,rear,175000.0,1150000,тольятти
bmw x3,2025,2.0,petrol,automatic,awd,,7150000,красноярск
bmw 7-series,2025,3.0,hybrid,automatic,awd,19385.0,15300000,краснодар
bmw ix,2022,523.0,electric,automatic,awd,15000.0,9500000,омск
bmw x5,2011,3.0,diesel,automatic,awd,310255.0,2250000,новосибирск
bmw 4-series,2013,2.0,diesel,automatic,rear,229500.0,1799000,нижний новгород
bmw x6,2020,3.0,diesel,automatic,awd,78475.0,8300000,новосибирск
bmw 3-series,2004,,автомат,задний,352 000 км,,800000,тоцкое второе
bmw 2-series active tourer,2019,1.5,petrol,robot,front,90900.0,1250000,владивосток
bmw 1-series,2005,2.0,petrol,automatic,rear,268595.0,650000,новосибирск
bmw x7,2021,3.0,hybrid,automatic,awd,80805.0,7450000,новосибирск
bmw 3-series,2002,2.0,petrol,manual,rear,408000.0,605000,снежинск
bmw x5,2025,3.0,diesel,automatic,awd,4200.0,16500000,новосибирск
bmw x7,2021,3.0,hybrid,automatic,awd,126000.0,7095000,хабаровск
bmw x1,2023,2.0,hybrid,robot,awd,23900.0,4595000,хабаровск
bmw 5-series,2019,2.0,petrol,automatic,awd,182000.0,3045000,челябинск
bmw 6-series,2013,4.4,petrol,automatic,awd,186000.0,2500000,москва
bmw x5,2020,3.0,diesel,automatic,awd,81000.0,6990000,абакан
bmw 5-series,1997,2.0,petrol,manual,rear,,399000,уфа
bmw x5,2013,3.0,diesel,automatic,awd,212000.0,3000000,омск
bmw x6,2008,3.0,petrol,automatic,awd,253000.0,1500000,москва
bmw 5-series,2021,2.0,diesel,automatic,awd,146000.0,4230000,анапа
bmw 5-series,2019,2.0,petrol,automatic,awd,61000.0,4450000,челябинск
bmw x5,2008,3.0,petrol,automatic,awd,249000.0,1540000,новосибирск
bmw x7,2022,3.0,hybrid,automatic,awd,28900.0,12890000,новосибирск
bmw x1,2019,1.5,diesel,robot,front,140000.0,2400000,екатеринбург
bmw x7,2021,3.0,hybrid,automatic,awd,120000.0,8500000,нефтеюганск
bmw 5-series,2021,2.0,diesel,automatic,rear,73000.0,4900000,хабаровск
bmw 3-series,2008,2.0,petrol,automatic,rear,147000.0,800000,юрга
bmw 5-series gran turismo,2011,3.0,diesel,automatic,awd,263000.0,2000000,тула
bmw 3-series,2007,2.5,petrol,automatic,rear,150000.0,1340000,кемерово
bmw i3,2014,34.0,electric,automatic,rear,125000.0,1350000,кропоткин
bmw x6,2010,3.0,diesel,automatic,awd,320000.0,1850000,златоуст
bmw x6,2022,3.0,diesel,automatic,awd,41000.0,10490000,астрахань
bmw x5,2020,2.0,diesel,automatic,awd,85193.0,5699000,москва
bmw x6,2021,3.0,diesel,automatic,awd,53000.0,8949000,москва
bmw 4-series,2020,1.5,petrol,automatic,rear,161000.0,1856000,гродно
bmw x4,2015,2.0,diesel,automatic,awd,92481.0,3300000,киров
bmw 5-series,1988,2.0,petrol,manual,rear,291000.0,250000,кемерово
bmw x5,2007,4.8,petrol,automatic,awd,258000.0,1000000,омск
bmw 5-series,2008,2.0,petrol,automatic,rear,250000.0,1400000,новосибирск
bmw 5-series,2018,3.0,diesel,automatic,awd,139796.0,3850000,москва
bmw 6-series,2004,4.4,petrol,automatic,rear,202000.0,1200000,братск
bmw 7-series,1991,5.0,petrol,automatic,rear,148000.0,1490000,калининград
bmw i3,2015,0.6,hybrid,automatic,rear,110000.0,796000,гродно
bmw x5,2018,3.0,diesel,automatic,awd,153000.0,4300000,новосибирск
bmw x3,2018,2.0,petrol,automatic,awd,67000.0,3750000,новосибирск
bmw x5,2007,4.8,petrol,automatic,awd,310000.0,1690000,новосибирск
bmw 5-series,2008,2.0,diesel,manual,rear,324372.0,1600000,новосибирск
bmw x4,2017,3.0,diesel,automatic,awd,117000.0,3580000,санкт-петербург
bmw x3,2014,2.0,petrol,automatic,awd,168886.0,2280000,ноябрьск
bmw x3,2011,3.0,petrol,automatic,awd,134100.0,1900000,новосибирск
bmw x3,2011,2.0,diesel,automatic,awd,292024.0,1400000,новосибирск
bmw 5-series,1999,2.0,petrol,manual,rear,380000.0,490000,томск
bmw x5,2003,4.4,petrol,automatic,awd,477000.0,660000,новосибирск
bmw 1-series,2018,1.5,petrol,automatic,rear,79700.0,1825000,красноярск
bmw 5-series,2021,2.0,petrol,automatic,awd,74917.0,4999995,кемерово
bmw x1,2016,1.5,petrol,automatic,front,67000.0,1849000,красноярск
bmw 1-series,2018,1.5,petrol,automatic,rear,103000.0,1750000,красноярск
bmw x5,2014,3.0,petrol,automatic,awd,195641.0,3225000,томск
bmw x1,2019,2.0,diesel,automatic,awd,91259.0,3277000,москва
bmw x2,2019,2.0,petrol,robot,awd,102422.0,2880000,москва
bmw x5,2024,3.0,hybrid,automatic,awd,13170.0,13300000,москва
bmw x5,2019,3.0,diesel,automatic,awd,188500.0,4012000,минск
bmw 3-series,2008,2.0,petrol,automatic,rear,297000.0,800000,екатеринбург
bmw x5,2020,3.0,petrol,automatic,awd,79200.0,5990000,новосибирск
bmw 5-series,1980,2.0,petrol,automatic,rear,250000.0,300000,могзон
bmw x6,2008,4.4,petrol,automatic,awd,280160.0,1500000,новосибирск
bmw 5-series,1996,2.5,petrol,manual,rear,405000.0,440000,калуга
bmw x1,2017,1.5,petrol,automatic,front,67000.0,1950000,саяногорск
bmw 5-series gran turismo,2010,3.0,diesel,automatic,awd,269000.0,1900000,симферополь
bmw 5-series,1985,2.7,petrol,automatic,rear,380000.0,500000,анапа
bmw 3-series,2019,2.0,diesel,automatic,awd,107900.0,4100000,москва
bmw x3,2014,2.0,diesel,automatic,awd,142000.0,2320000,челябинск
bmw 3-series gran turismo,2020,2.0,diesel,automatic,rear,110000.0,2550000,крымск
bmw 3-series,2014,2.0,petrol,automatic,rear,169000.0,1850000,москва
bmw 5-series,2000,2.5,diesel,automatic,rear,620000.0,725000,севастополь
bmw x1,2012,2.0,petrol,automatic,rear,158085.0,1300000,чита
bmw m5,2018,4.4,petrol,automatic,awd,69500.0,6500000,магнитогорск
bmw 1-series,2012,1.6,petrol,automatic,rear,277700.0,2500000,ставрополь
bmw x5,2005,3.0,diesel,automatic,awd,343000.0,1700000,судак
bmw 5-series,2011,2.0,diesel,automatic,rear,260000.0,1650000,ивдель
bmw 5-series,2021,2.0,diesel,automatic,awd,62527.0,5200000,москва
bmw 5-series,1998,2.5,petrol,automatic,rear,311000.0,465000,ува
bmw x5,2007,3.0,petrol,automatic,awd,382000.0,1350000,тюмень
bmw x5,2010,3.0,diesel,automatic,awd,322000.0,1950000,кингисепп
bmw x3,2007,2.5,petrol,automatic,awd,153000.0,1500000,саратов
bmw x7,2026,3.0,hybrid,automatic,awd,,18750000,москва
bmw x5,2008,4.8,petrol,automatic,awd,350000.0,2200000,новосибирск
bmw x5,2023,3.0,diesel,automatic,awd,34500.0,13100000,москва
bmw 3-series,2001,2.2,petrol,automatic,rear,245000.0,1200000,симферополь
bmw x4,2019,2.0,petrol,automatic,awd,97527.0,4500000,тюмень
bmw x7,2019,3.0,hybrid,automatic,awd,94000.0,7300000,иркутск
bmw 3-series,2006,2.5,petrol,automatic,awd,299999.0,1200000,ставрополь
bmw 4-series,2018,2.0,petrol,automatic,rear,125000.0,2850000,сочи
bmw 4-series,2014,2.0,petrol,automatic,awd,90531.0,2280000,москва
bmw 5-series,2012,2.0,petrol,automatic,awd,320000.0,1600000,псков
bmw x7,2025,3.0,diesel,automatic,awd,,18000000,москва
bmw x1,2016,1.5,petrol,automatic,front,88000.0,1847000,красноярск
bmw x1,2017,1.5,petrol,automatic,front,105000.0,1880000,краснодар
bmw 3-series,2005,2.5,petrol,automatic,rear,270000.0,750000,солнечногорск
bmw m4,2024,3.0,petrol,automatic,awd,6120.0,15200000,москва
bmw 3-series,2006,2.0,petrol,automatic,rear,330000.0,1100000,ипатово
bmw x5,2025,3.0,diesel,automatic,awd,,16300000,москва
bmw x3,2011,3.0,diesel,automatic,awd,187000.0,1900000,новосибирск
bmw 3-series,2003,2.0,petrol,automatic,rear,245000.0,590000,омск
bmw 5-series,2023,2.0,diesel,automatic,awd,9795.0,8000000,казань
bmw 5-series gran turismo,2012,3.0,diesel,automatic,awd,267000.0,1800000,тюмень
bmw x3,2010,3.0,petrol,automatic,awd,220000.0,1200000,симферополь
bmw 1-series,2013,1.6,petrol,automatic,rear,59000.0,1500000,иркутск
bmw x1,2017,1.5,petrol,automatic,front,29680.0,2000000,хабаровск
bmw 7-series,2009,3.0,diesel,automatic,rear,255000.0,1520000,сочи
bmw 5-series,2009,3.0,petrol,automatic,awd,305000.0,1100000,краснодар
bmw 3-series,2019,2.0,diesel,automatic,awd,97000.0,3600000,владивосток
bmw 2-series,2021,2.0,petrol,automatic,awd,22000.0,5120000,владивосток
bmw x3,2019,2.0,diesel,automatic,awd,77359.0,3850000,калуга
bmw x6,2011,4.4,petrol,automatic,awd,83000.0,1900000,рязань
bmw x5,2018,3.0,diesel,automatic,awd,186822.0,4260000,москва
bmw 3-series,2008,2.0,petrol,automatic,rear,360000.0,850000,нижний тагил
bmw 3-series,2009,2.0,petrol,automatic,rear,240000.0,700000,томск
bmw x5,2011,3.0,diesel,automatic,awd,160000.0,2360000,иркутск
bmw x5,2013,3.0,petrol,automatic,awd,140000.0,1769777,нижний новгород
bmw 5-series,2025,2.0,petrol,automatic,awd,,7990000,екатеринбург
bmw x3,2008,2.5,petrol,automatic,awd,216000.0,1150000,кемерово
bmw x5,2004,3.0,diesel,automatic,awd,167101.0,1600000,новосибирск
bmw x5,2026,3.0,hybrid,automatic,awd,,17590000,москва
bmw x3,2006,3.0,petrol,automatic,awd,314000.0,1000000,уфа
bmw x5,2012,3.0,petrol,automatic,awd,148790.0,2400000,нижневартовск
bmw 5-series,2013,2.0,diesel,automatic,rear,285000.0,1700000,набережные челны
bmw x6,2008,4.4,petrol,automatic,awd,205000.0,1500000,пермь
bmw x6,2024,4.4,hybrid,automatic,awd,,23300000,москва
bmw 6-series gran turismo,2018,3.0,petrol,automatic,awd,152871.0,3880000,калининград
bmw x6,2019,3.0,diesel,automatic,awd,50055.0,5200000,ярославль
bmw 5-series,2002,2.5,diesel,automatic,rear,430000.0,680000,целинное
bmw 3-series,2020,3.0,petrol,automatic,awd,126613.0,5000000,москва
bmw 7-series,2005,6.0,petrol,automatic,rear,215600.0,950000,новочеркасск
bmw x7,2025,3.0,hybrid,automatic,awd,94.0,17250000,санкт-петербург
bmw x5,2005,3.0,diesel,automatic,awd,375000.0,1550000,томск
bmw 3-series,2011,3.0,petrol,automatic,awd,176100.0,1250000,москва
bmw 5-series,2017,2.0,petrol,automatic,rear,70000.0,2899000,владивосток
bmw x6,2016,3.0,petrol,automatic,awd,157000.0,3100000,владивосток
bmw x3,2016,3.0,diesel,automatic,awd,205000.0,2950000,санкт-петербург
bmw 6-series,2013,3.0,petrol,automatic,awd,205000.0,3200000,магнитогорск
bmw 5-series,2020,2.0,petrol,automatic,rear,130000.0,4590000,красноярск
bmw x3,2025,2.0,petrol,automatic,awd,,8000000,москва
bmw x4,2015,2.0,petrol,automatic,awd,110000.0,2950000,иркутск
bmw 1-series,2011,1.6,petrol,automatic,rear,131000.0,999000,томск
bmw x3,2011,2.0,diesel,automatic,awd,170000.0,1850000,анапа
bmw x6,2008,3.0,petrol,automatic,awd,206000.0,1600000,кострома
bmw x5,2000,3.0,petrol,automatic,awd,248172.0,925000,пермь
bmw x7,2021,3.0,hybrid,automatic,awd,61713.0,9800000,челябинск
bmw 5-series,2006,2.5,petrol,automatic,awd,216000.0,1000000,хасавюрт
bmw x1,2020,2.0,diesel,automatic,awd,44532.0,3350000,санкт-петербург
bmw 5-series,2021,3.0,diesel,automatic,rear,112253.0,4300000,москва
bmw 5-series,2018,3.0,diesel,automatic,awd,105400.0,3960000,ставрополь
bmw x6,2015,3.0,petrol,automatic,awd,270000.0,2600000,тюмень
bmw x4,2022,3.0,petrol,automatic,awd,32500.0,7700000,бердск
bmw 3-series,2012,2.0,petrol,automatic,rear,140000.0,1290000,новосибирск
bmw 5-series,2019,3.0,diesel,automatic,awd,98000.0,4950000,иркутск
bmw 5-series,1987,2.0,petrol,manual,rear,300000.0,300000,тобольск
bmw 5-series,2021,2.0,diesel,automatic,awd,54987.0,5300000,набережные челны
bmw x6,2012,3.0,petrol,automatic,awd,188947.0,1799000,волгоград
bmw x5,2024,3.0,petrol,automatic,awd,9505.0,11799000,москва
bmw 5-series,2007,2.5,petrol,automatic,rear,270000.0,999999,новомихайловский
bmw x5,2008,3.0,petrol,automatic,awd,254000.0,1350000,нальчик
bmw 5-series,2019,3.0,diesel,automatic,awd,143000.0,3800000,москва
bmw 3-series,2014,1.6,petrol,automatic,rear,147559.0,1325150,москва
bmw x6,2013,4.4,petrol,automatic,awd,210000.0,1800000,тюмень
bmw 5-series,2018,3.0,diesel,automatic,awd,130000.0,4350000,симферополь
bmw 5-series,2011,3.0,diesel,automatic,awd,285428.0,1650000,челябинск
bmw x5,2007,3.0,petrol,automatic,awd,289000.0,1680000,иркутск
bmw 5-series,2016,2.0,diesel,automatic,rear,180000.0,2360000,калининград
bmw 3-series,2000,2.0,petrol,automatic,rear,366000.0,950000,старый оскол
bmw x3,2004,2.5,petrol,automatic,awd,305000.0,850000,калининград
bmw 5-series,2017,4.4,petrol,automatic,awd,300000.0,4800000,иркутск
bmw 3-series,2011,2.5,petrol,automatic,awd,193500.0,1200000,москва
bmw 7-series,2025,3.0,hybrid,automatic,awd,,22200000,москва
bmw 3-series,2015,2.0,petrol,automatic,awd,220000.0,1800000,южноуральск
bmw x3,2025,2.0,petrol,automatic,awd,,7390000,самара
bmw x1,2019,2.0,diesel,automatic,awd,96445.0,2799444,москва
bmw x3,2021,2.0,petrol,automatic,awd,131000.0,3750000,сосновый бор
bmw 3-series,1999,2.0,petrol,manual,rear,545000.0,705000,первоуральск
bmw 5-series,2012,2.0,diesel,automatic,rear,256000.0,2050000,екатеринбург
bmw 3-series,2014,1.6,petrol,automatic,rear,138000.0,1440000,красноярск
bmw 3-series,1988,1.8,petrol,manual,rear,100000.0,700000,пермь
bmw 5-series,2021,2.0,petrol,automatic,rear,102000.0,4350000,тюмень
bmw x5,2021,3.0,diesel,automatic,awd,109000.0,7990000,чебоксары
bmw 5-series,2018,2.0,diesel,automatic,rear,92703.0,2800000,краснодар
bmw 4-series,2018,2.0,petrol,automatic,rear,36883.0,3050000,москва
bmw x3,2019,3.0,diesel,automatic,awd,90000.0,4500000,сочи
bmw 1-series,2011,1.6,petrol,automatic,rear,116000.0,1180000,краснодар
bmw 7-series,2000,2.9,diesel,automatic,rear,468000.0,1100000,симферополь
bmw x5,2018,3.0,diesel,automatic,awd,105943.0,9000000,владивосток
bmw x5,2007,3.0,petrol,automatic,awd,287000.0,1590000,березники
bmw x1,2014,2.0,petrol,automatic,awd,126000.0,1900000,нижневартовск
bmw x6,2009,3.0,diesel,automatic,awd,326011.0,1465000,брянск
bmw 5-series,2014,2.0,petrol,automatic,rear,240271.0,1499000,балашиха
bmw 3-series,2012,2.0,petrol,automatic,rear,250000.0,1750000,белово
bmw 8-series,2021,3.0,diesel,automatic,awd,23500.0,10000000,москва
bmw x3,2018,2.0,diesel,automatic,awd,180000.0,3500000,тюмень
bmw 3-series,2018,2.0,petrol,automatic,rear,90000.0,2300000,владивосток
bmw x5,2000,4.4,petrol,automatic,awd,435000.0,950000,махачкала
bmw 3-series,2012,2.0,diesel,automatic,rear,175327.0,1699000,орел
bmw 1-series,2007,2.0,petrol,automatic,rear,200000.0,900000,красноярск
bmw 3-series,2011,2.0,petrol,automatic,rear,220000.0,1199999,москва
bmw x1,2024,2.0,petrol,robot,front,45.0,6000000,пермь
bmw 7-series,2017,2.0,petrol,automatic,rear,146647.0,2950000,москва
bmw 3-series,2018,2.0,petrol,automatic,awd,96000.0,3020000,краснодар
bmw 5-series,2004,2.5,petrol,automatic,rear,285630.0,840000,ульяновск
bmw 1-series,2014,1.6,petrol,automatic,rear,60000.0,1360000,улан-удэ
bmw 5-series,1993,2.0,petrol,automatic,rear,563000.0,40000,гвардейск
bmw x3,2021,2.0,diesel,automatic,awd,31900.0,5750000,уфа
bmw 5-series,2006,2.5,petrol,automatic,rear,436174.0,1550000,челябинск
bmw 5-series,2016,2.0,petrol,automatic,rear,168900.0,1950000,кемерово
bmw 5-series,2018,2.0,diesel,automatic,rear,262000.0,2560000,тула
bmw x5,2010,3.0,petrol,automatic,awd,200000.0,1950000,омск
bmw 3-series,2019,2.0,diesel,automatic,rear,195000.0,2650000,челябинск
bmw x1,2015,1.5,petrol,automatic,front,67000.0,2050000,новосибирск
bmw x5,2019,3.0,diesel,automatic,awd,116500.0,5750000,симферополь
bmw 5-series,2017,2.0,diesel,automatic,awd,160000.0,2850000,екатеринбург
bmw x6,2013,3.0,diesel,automatic,awd,190000.0,2500000,барнаул
bmw 5-series,1991,2.0,petrol,manual,rear,195000.0,790000,нальчик
bmw 5-series,1996,2.5,diesel,manual,rear,500000.0,270000,санкт-петербург
bmw x5,2019,3.0,diesel,automatic,awd,145000.0,5900000,краснодар
bmw x7,2025,3.0,hybrid,automatic,awd,,19150000,москва
bmw 5-series,1996,2.0,petrol,manual,rear,320200.0,480000,раздольное
bmw 5-series,2008,2.5,petrol,automatic,rear,221000.0,1200000,рязань
bmw x5,2008,3.0,diesel,automatic,awd,320000.0,1650000,ростов-на-дону
bmw 5-series,2013,2.0,diesel,automatic,rear,164000.0,2150000,москва
bmw x5,2001,3.0,petrol,automatic,awd,310000.0,1100000,иркутск
bmw x5,2017,3.0,diesel,automatic,awd,198300.0,4350000,сургут
bmw x3,2021,3.0,diesel,automatic,awd,62864.0,6099000,санкт-петербург
bmw 3-series,2012,2.0,petrol,automatic,awd,125000.0,1700000,новый уренгой
bmw x6,2012,3.0,petrol,automatic,awd,149052.0,2300000,краснодар
bmw 3-series,2000,2.5,petrol,manual,rear,300000.0,500000,гагарин
bmw x5,2004,3.0,petrol,automatic,awd,390000.0,1550000,юрга
bmw x3,2013,2.0,petrol,automatic,awd,222000.0,1650000,новороссийск
bmw 1-series,2011,1.6,petrol,automatic,rear,173000.0,1159000,новомосковск
bmw 5-series,2020,2.0,diesel,automatic,rear,69000.0,3800000,белебей
bmw 5-series,2012,2.0,petrol,automatic,rear,198000.0,1750000,краснодар
bmw 5-series,2006,2.5,petrol,automatic,rear,200000.0,1260000,улан-удэ
bmw x5,2021,4.4,petrol,automatic,awd,57177.0,11750000,москва
bmw x6,2018,3.0,diesel,automatic,awd,201685.0,3550000,санкт-петербург
bmw 5-series,2001,2.9,diesel,automatic,rear,500000.0,690000,анапа
bmw x6,2011,3.0,diesel,automatic,awd,220000.0,2300000,калининград
bmw 5-series,2014,2.0,diesel,automatic,rear,210800.0,1799000,москва
bmw 4-series,2014,2.0,diesel,automatic,awd,252875.0,1830000,калининград
bmw x5,2010,3.0,diesel,automatic,awd,255000.0,2250000,красноярск
bmw 3-series,2008,2.0,petrol,automatic,rear,250000.0,1050000,калининград
bmw 5-series,1996,2.0,petrol,automatic,rear,420000.0,490000,калининград
bmw x5,2003,2.9,diesel,automatic,awd,398000.0,949000,арзамас
bmw x6,2008,3.0,petrol,automatic,awd,247000.0,1800000,москва
bmw 5-series,2018,2.0,diesel,automatic,awd,103500.0,3700000,ростов-на-дону
bmw 3-series gran turismo,2013,2.0,diesel,automatic,awd,115893.0,1975000,краснодар
bmw x2,2021,1.5,автомат,4wd,57 900 км,,3650000,москва
bmw x7,2020,3.0,hybrid,automatic,awd,125000.0,9900000,барнаул
bmw x5,2009,3.0,diesel,automatic,awd,286000.0,1800000,новосибирск
bmw x5,2017,3.0,diesel,automatic,awd,175000.0,3500000,иркутск
bmw 3-series,2018,2.0,petrol,automatic,awd,138000.0,2400000,москва
bmw x3,2008,3.0,petrol,automatic,awd,177800.0,1200000,краснодар
bmw x6,2010,4.4,petrol,automatic,awd,200000.0,1500000,абакан
bmw 5-series,2004,3.0,diesel,automatic,rear,326500.0,1400000,тюмень
bmw x3,2012,2.0,petrol,automatic,awd,206000.0,1219000,санкт-петербург
bmw 5-series,2001,2.5,petrol,automatic,rear,399999.0,860000,видное
bmw 4-series,2019,2.0,petrol,automatic,rear,78000.0,3150000,уссурийск
bmw x5,2015,3.0,diesel,automatic,awd,219000.0,3750000,симферополь
bmw 3-series,2016,,157 000 км,,,,2100000,санкт-петербург
bmw 3-series,2017,2.0,petrol,automatic,awd,235000.0,1830000,казань
bmw 5-series,1994,2.5,petrol,manual,rear,408000.0,900000,москва
bmw 5-series,2018,2.0,diesel,automatic,awd,100000.0,4100000,ачинск
bmw 3-series,2017,1.5,petrol,automatic,rear,123000.0,1580000,санкт-петербург
bmw 3-series,2018,2.0,petrol,automatic,rear,120084.0,2200000,борисоглебск
bmw x5,2010,3.0,diesel,automatic,awd,250000.0,2500000,ангарск
bmw 3-series,2015,2.0,petrol,automatic,awd,109765.0,1620000,екатеринбург
bmw x5,2018,3.0,diesel,automatic,awd,26146.0,6600000,владивосток
bmw 5-series,2012,2.0,petrol,automatic,awd,256000.0,1800000,сургут
bmw x5,2013,3.0,petrol,automatic,awd,300000.0,2400000,братск
bmw x5,2007,4.8,petrol,automatic,awd,209000.0,1550000,чита
bmw x2,2020,1.5,petrol,robot,front,45874.0,3330000,москва
bmw x2,2018,2.0,petrol,automatic,awd,69000.0,2560000,москва
bmw x3,2021,2.0,diesel,automatic,awd,49000.0,5775000,москва
bmw 8-series,2021,3.0,petrol,automatic,awd,44200.0,7390000,самара
bmw x1,2012,2.0,diesel,automatic,awd,210893.0,1280000,москва
bmw x5,2020,3.0,hybrid,automatic,73 500 км,,6690000,москва
bmw x3,2015,2.0,petrol,automatic,awd,189000.0,1890000,мытищи
bmw 3-series,1991,1.6,petrol,manual,rear,455000.0,455000,калининград
bmw 3-series,1990,1.6,petrol,manual,rear,350000.0,3000000,калининград
bmw 5-series,2019,2.0,diesel,automatic,awd,69269.0,4100000,москва
bmw 5-series,1997,2.5,petrol,automatic,rear,450000.0,730000,тюмень
bmw 5-series,2016,2.0,petrol,automatic,rear,290407.0,1597000,тверь
bmw 3-series,2000,1.9,petrol,manual,rear,238000.0,335000,щёлково
bmw 5-series,2013,2.0,diesel,automatic,rear,240000.0,1700000,краснодар
bmw x5,2008,3.0,diesel,automatic,awd,310000.0,2400000,дивное
bmw 5-series,2018,2.0,diesel,automatic,rear,96389.0,3745000,минеральные воды
bmw x4,2019,3.0,diesel,automatic,awd,128301.0,5700000,воронеж
bmw 5-series,2022,2.0,petrol,automatic,rear,19000.0,5100000,москва
bmw x6,2010,3.0,petrol,automatic,awd,187000.0,2100000,владикавказ
bmw 5-series,2017,3.0,petrol,automatic,awd,190000.0,3999000,тюмень
bmw 5-series,2004,3.0,petrol,automatic,rear,400000.0,750000,лобня
bmw 5-series,2016,2.0,diesel,automatic,awd,180000.0,2000000,москва
bmw x4,2020,3.0,diesel,automatic,awd,62835.0,6400000,москва
bmw 3-series,2014,2.0,petrol,automatic,awd,89380.0,2350000,нижний новгород
bmw x1,2024,2.0,petrol,robot,awd,16000.0,4800000,екатеринбург
bmw x5,2004,3.0,diesel,automatic,awd,600000.0,1200000,выселки
bmw x5,2020,2.0,diesel,automatic,awd,125060.0,5200000,москва
bmw x6,2014,3.0,diesel,automatic,awd,165500.0,3250000,краснодар
bmw 5-series,2004,2.5,petrol,automatic,rear,1.0,870000,орск
bmw x6,2018,3.0,diesel,automatic,awd,141920.0,3848000,москва
bmw 3-series,1999,1.9,petrol,manual,rear,350000.0,575000,красногорский
bmw x5,2007,4.8,petrol,automatic,awd,264000.0,1450000,нижневартовск
bmw x7,2021,3.0,hybrid,automatic,awd,67935.0,8950000,москва
bmw x5,2007,3.0,petrol,automatic,awd,161000.0,1500000,евпатория
bmw 3-series,1988,1.8,petrol,manual,rear,200000.0,170000,санкт-петербург
bmw x7,2020,3.0,diesel,automatic,awd,15200.0,10300000,москва
bmw 5-series,2011,3.0,diesel,automatic,awd,290000.0,1400000,пенза
bmw 5-series,2006,2.5,petrol,automatic,rear,300000.0,1400000,нижний новгород
bmw 3-series,1998,1.6,petrol,manual,rear,373000.0,410000,оренбург
bmw x3,2020,2.0,petrol,automatic,awd,59288.0,4380000,москва
bmw x6,2009,3.0,petrol,automatic,awd,275000.0,1800000,муром
bmw x5,2006,3.0,petrol,automatic,awd,294000.0,1200000,новосибирск
bmw 3-series,2019,2.0,diesel,automatic,awd,123000.0,3200000,смоленск
bmw 6-series,2008,4.8,petrol,automatic,rear,97000.0,2600000,санкт-петербург
bmw x6,2016,3.0,diesel,automatic,awd,119716.0,4100000,москва
bmw x5,2015,4.4,petrol,automatic,awd,173590.0,3800000,москва
bmw x7,2021,3.0,diesel,automatic,awd,80700.0,9300000,москва
bmw 3-series,2014,2.0,petrol,automatic,rear,73000.0,222555,новороссийск
bmw 3-series,2021,3.0,diesel,automatic,awd,46000.0,4500000,судак
bmw 3-series,2001,2.5,petrol,automatic,awd,332000.0,622000,екатеринбург
bmw x3,2015,2.0,petrol,automatic,awd,88377.0,2448000,казань
bmw x1,2011,2.0,petrol,automatic,rear,,1097000,стерлитамак
bmw 3-series,2012,2.0,petrol,automatic,awd,199000.0,1620000,нижний новгород
bmw 3-series,2021,2.0,diesel,automatic,awd,61799.0,4498000,волгоград
bmw x5,2019,3.0,petrol,automatic,awd,140557.0,5500000,екатеринбург
bmw m5,2019,4.4,petrol,automatic,awd,77299.0,7950000,химки
bmw x3,2014,2.0,petrol,automatic,awd,205000.0,2100000,раменское
bmw 5-series,2018,3.0,petrol,automatic,awd,125000.0,4200000,ростов-на-дону
bmw 5-series,2021,2.0,petrol,automatic,awd,83500.0,5150000,москва
bmw x1,2020,2.0,petrol,automatic,awd,108334.0,2875150,москва
bmw 3-series,2002,2.5,petrol,manual,awd,260000.0,650000,сургут
bmw 5-series,2017,2.0,diesel,automatic,awd,180.0,3800000,барнаул
bmw x5,2021,3.0,diesel,automatic,awd,74500.0,8500000,гвардейское
bmw 3-series,2019,2.0,diesel,automatic,rear,210000.0,1750000,москва
bmw 5-series,1988,2.5,petrol,manual,rear,224000.0,449000,ессентуки
bmw x5,2024,3.0,diesel,automatic,awd,23159.0,12490000,санкт-петербург
bmw x3,2025,2.0,petrol,automatic,awd,66.0,7300000,казань
bmw 6-series gran turismo,2022,3.0,diesel,automatic,awd,125316.0,6290000,санкт-петербург
bmw x3,2019,2.0,diesel,automatic,awd,180804.0,3790000,москва
bmw xm,2024,4.4,hybrid,automatic,awd,26300.0,23800000,москва
bmw x6,2011,3.0,diesel,automatic,awd,177616.0,2235000,иркутск
bmw x3,2015,3.0,diesel,automatic,awd,203000.0,3000000,москва
bmw x3,2015,3.0,diesel,automatic,awd,128000.0,3000000,новосибирск
bmw x3,2019,2.0,diesel,automatic,awd,82500.0,3950000,воткинск
bmw x6,2020,3.0,diesel,automatic,awd,166100.0,6900000,москва
bmw 3-series,2021,3.0,petrol,automatic,awd,119000.0,5250000,москва
bmw x5,2007,3.0,diesel,automatic,awd,356000.0,1350000,домодедово
bmw x5,2019,3.0,diesel,automatic,awd,94000.0,6300000,миасс
bmw 3-series,2003,2.5,petrol,automatic,rear,340000.0,650000,нижний тагил
bmw x6,2008,3.0,petrol,automatic,awd,251000.0,1775000,курган
bmw 3-series,2014,2.0,petrol,automatic,awd,115000.0,1749000,москва
bmw 5-series,2015,2.0,petrol,automatic,awd,172801.0,1899000,москва
bmw 3-series,2015,2.0,petrol,automatic,awd,198000.0,2300000,краснодар
bmw x3,2014,2.0,petrol,automatic,awd,137000.0,1749000,москва
bmw x5,2013,3.0,diesel,automatic,awd,172000.0,2059000,москва
bmw 3-series,2015,2.0,petrol,automatic,awd,121000.0,1899000,москва
bmw x5,2012,3.0,petrol,automatic,awd,154358.0,1924000,москва
bmw x5,2008,4.8,petrol,automatic,awd,373000.0,1300000,челябинск
bmw 5-series,2012,2.0,petrol,automatic,awd,160000.0,1479000,москва
bmw x5,2019,4.4,petrol,automatic,awd,99893.0,6377000,пермь
bmw x5,2017,3.0,diesel,automatic,awd,120003.0,4390000,москва
bmw x5,2007,4.8,petrol,automatic,awd,400000.0,1000000,нальчик
bmw 3-series,2012,2.0,petrol,automatic,awd,238000.0,2050000,аргаяш
bmw 5-series,2020,3.0,diesel,automatic,awd,66800.0,6850000,новосибирск
bmw x5,2021,3.0,diesel,automatic,awd,115096.0,7299000,ярославль
bmw 5-series,2005,3.0,petrol,automatic,rear,350000.0,999000,ростов-на-дону
bmw 2-series,2016,3.0,petrol,automatic,awd,98000.0,2998000,краснодар
bmw 6-series,2012,4.4,petrol,automatic,rear,104903.0,2290000,лабинск
bmw x5,2004,3.0,petrol,manual,awd,277000.0,1000000,салават
bmw x5,2013,4.4,petrol,automatic,awd,143000.0,2380000,новосибирск
bmw 7-series,2012,3.0,diesel,automatic,rear,250000.0,2400000,тюмень
bmw 5-series,2017,2.0,petrol,automatic,awd,65211.0,3850000,москва
bmw x1,2017,2.0,petrol,automatic,awd,103832.0,2709000,казань
bmw 2-series active tourer,2014,1.5,petrol,automatic,front,83000.0,1230000,новосибирск
bmw 7-series,2006,3.0,diesel,automatic,rear,240000.0,520000,москва
bmw 4-series,2021,2.0,petrol,automatic,rear,69518.0,5845000,москва
bmw 7-series,2001,4.4,petrol,automatic,rear,200000.0,550000,астрахань
bmw 7-series,2011,3.0,diesel,automatic,awd,273185.0,1599000,москва
bmw x2,2018,2.0,petrol,automatic,awd,87426.0,2380000,санкт-петербург
bmw x3,2018,2.0,diesel,automatic,awd,160104.0,3110000,москва
bmw 7-series,2012,3.0,petrol,automatic,awd,178000.0,1950000,москва
bmw x4,2023,2.0,petrol,automatic,awd,28000.0,6500000,москва
bmw x5,2004,3.0,petrol,automatic,awd,340000.0,750000,брянск
bmw x5,2015,2.0,hybrid,automatic,awd,170000.0,2950000,хабаровск
bmw 3-series,2007,2.0,petrol,automatic,rear,180000.0,700000,санкт-петербург
bmw x7,2020,3.0,hybrid,automatic,awd,117500.0,6400000,москва
bmw 5-series,2019,3.0,diesel,automatic,awd,112271.0,4697000,москва
bmw x1,2011,2.0,petrol,automatic,rear,185000.0,1250000,улан-удэ
bmw x1,2011,2.0,petrol,automatic,rear,218000.0,1150000,ачинск
bmw m3,2021,3.0,petrol,automatic,rear,27970.0,9595000,красноярск
bmw 3-series,2013,2.0,diesel,automatic,rear,290000.0,1300000,кострома
bmw x1,2020,2.0,petrol,automatic,awd,72000.0,3960000,железногорск
bmw x3,2025,2.0,petrol,automatic,awd,26.0,6420000,краснодар
bmw 1-series,2013,1.6,petrol,automatic,rear,175000.0,1000000,калининград
bmw 3-series,2002,2.2,petrol,automatic,rear,331000.0,880000,старотитаровская
bmw x5,2015,3.0,diesel,automatic,awd,203000.0,3525000,иркутск
bmw x5,2007,4.8,petrol,automatic,awd,235000.0,1335000,махачкала
bmw x1,2009,3.0,petrol,automatic,awd,62000.0,1900000,барнаул
bmw x3,2004,3.0,petrol,automatic,awd,330000.0,719000,вологда
bmw 3-series,2001,2.0,petrol,automatic,rear,340000.0,500000,архипо-осиповка
bmw x6,2016,3.0,diesel,automatic,awd,106056.0,4400000,москва
bmw 5-series,2014,2.0,petrol,automatic,awd,210000.0,2100000,магнитогорск
bmw 3-series,2017,1.5,petrol,automatic,rear,90000.0,1900000,барнаул
bmw x5,2015,3.0,diesel,automatic,awd,328000.0,3200000,москва
bmw x4,2019,3.0,diesel,automatic,awd,170634.0,4550000,санкт-петербург
bmw 5-series,2019,3.0,diesel,automatic,awd,94500.0,4850000,москва
bmw 5-series,2018,3.0,diesel,automatic,awd,190000.0,2950000,санкт-петербург
bmw 5-series,2011,3.0,petrol,automatic,rear,250000.0,1860000,краснодар
bmw x2,2025,2.0,petrol,robot,awd,,7390000,москва
bmw x2,2025,2.0,petrol,robot,awd,,6400000,москва
bmw x3,2025,2.0,petrol,automatic,awd,,6790000,москва
bmw x2,2025,2.0,petrol,robot,awd,,6450000,москва
bmw x6,2011,4.4,petrol,automatic,awd,111000.0,2500000,тюмень
bmw x5,2001,3.0,petrol,automatic,awd,370000.0,850000,белокуриха
bmw 8-series,2021,3.0,petrol,automatic,rear,37000.0,8000000,чита
bmw x3,2004,3.0,diesel,automatic,awd,194000.0,670000,нижний новгород
bmw x5,2001,3.0,petrol,automatic,awd,300000.0,439000,нижний тагил
bmw x1,2022,2.0,petrol,robot,front,29000.0,3700000,санкт-петербург
bmw x6,2016,3.0,diesel,automatic,awd,78000.0,4400000,санкт-петербург
bmw x6,2017,3.0,diesel,automatic,awd,77972.0,4750000,новосибирск
bmw x7,2022,3.0,petrol,automatic,awd,25435.0,11500000,новосибирск
bmw 2-series gran tourer,2015,1.5,petrol,automatic,front,140000.0,1300000,чита
bmw x5,2000,4.4,petrol,automatic,awd,200000.0,555000,новосибирск
bmw x5,2010,3.0,petrol,automatic,awd,153.0,2285000,якутск
bmw x5,2025,3.0,petrol,automatic,awd,7000.0,14400000,корея→иркутск
bmw x3,2014,2.0,diesel,automatic,awd,181085.0,2199000,новосибирск
bmw x5,2012,4.4,petrol,automatic,awd,86091.0,3800000,новосибирск
bmw 7-series,2015,3.0,diesel,automatic,awd,233932.0,2570000,новосибирск
bmw x5,2001,3.0,petrol,automatic,awd,397000.0,860000,новосибирск
bmw x5,2008,3.0,petrol,automatic,awd,250000.0,1649000,кемерово
bmw x5,2015,3.0,diesel,automatic,awd,194036.0,3150000,стерлитамак
bmw 5-series,2017,2.0,diesel,automatic,awd,165000.0,3199999,красноярск
bmw x5,2004,3.0,petrol,automatic,awd,320000.0,1000000,норильск
bmw 5-series,2015,2.0,petrol,automatic,rear,122158.0,2350000,новосибирск
bmw 5-series,2006,3.0,petrol,automatic,rear,290000.0,1000000,омск
bmw 5-series,2018,2.0,diesel,automatic,awd,143564.0,3119000,кемерово
bmw x3,2011,3.0,petrol,automatic,awd,258000.0,1669000,красноярск
bmw x5,2010,3.0,petrol,automatic,awd,276878.0,1557000,новосибирск
bmw 5-series,2000,2.0,petrol,automatic,rear,481150.0,599999,тюмень
bmw x5,2003,3.0,petrol,automatic,awd,234363.0,1200000,канск
bmw x1,2012,2.0,petrol,automatic,awd,80000.0,700000,омск
bmw 3-series,2010,2.0,petrol,automatic,rear,230000.0,1047000,красноярск
bmw x6,2013,3.0,petrol,automatic,awd,232000.0,1987000,красноярск
bmw x5,2017,3.0,diesel,automatic,awd,138000.0,4500000,красноярск
bmw x3,2006,2.5,petrol,automatic,awd,227000.0,997000,красноярск
bmw 5-series,2020,2.0,petrol,automatic,rear,104685.0,4779000,красноярск
bmw 5-series,2013,2.0,diesel,automatic,awd,171862.0,1795000,красноярск
bmw 1-series,2015,1.6,petrol,automatic,rear,135000.0,980000,уссурийск
bmw 3-series,2019,2.0,diesel,automatic,awd,49000.0,3450000,владивосток
bmw x3,2019,3.0,diesel,automatic,awd,58100.0,5350000,владивосток
bmw x3,2022,3.0,diesel,automatic,awd,53500.0,4655000,минск
bmw x3,2011,2.0,diesel,automatic,awd,279000.0,1390000,барнаул
bmw 3-series,2016,1.5,petrol,automatic,rear,48000.0,1900000,томск
bmw 3-series,2021,2.0,petrol,automatic,rear,30000.0,2890000,китай→уссурийск
bmw 3-series,2012,2.0,petrol,automatic,rear,136000.0,1970000,уссурийск
bmw x6,2011,4.4,petrol,automatic,awd,170000.0,2450000,владивосток
bmw x3,2012,2.0,diesel,automatic,awd,300000.0,1350000,красноярск
bmw x7,2019,3.0,petrol,automatic,awd,40000.0,9000000,южно-сахалинск
bmw i3,2016,0.6,hybrid,automatic,rear,72416.0,1052000,минск
bmw x5,2015,3.0,diesel,automatic,awd,253700.0,2253000,минск
bmw 5-series,2011,2.5,petrol,automatic,rear,150000.0,1980000,красноярск
bmw x1,2019,1.5,petrol,robot,front,78700.0,1650000,япония→владивосток
bmw x5,2008,3.0,diesel,automatic,awd,270000.0,1750000,новосибирск
bmw 5-series,2021,2.0,hybrid,automatic,rear,99800.0,3682000,минск
bmw 3-series,2017,1.5,petrol,automatic,rear,85000.0,1825000,кемерово
bmw x5,2008,3.0,petrol,automatic,awd,293785.0,1259000,кемерово
bmw 5-series,2010,3.0,petrol,automatic,rear,300000.0,2000000,екатеринбург
bmw x3,2021,2.0,hybrid,automatic,awd,43000.0,5300000,иркутск
bmw 3-series,2017,1.5,petrol,automatic,rear,43457.0,1850000,лесозаводск
bmw 3-series,2012,2.0,petrol,automatic,awd,255000.0,1539000,кемерово
bmw x5,2012,3.0,diesel,automatic,awd,316060.0,2300000,красноярск
bmw x5,2008,3.0,petrol,automatic,awd,250000.0,1550000,новосибирск
bmw x3,2012,2.0,petrol,automatic,awd,202000.0,1347000,красноярск
bmw 5-series,2014,2.0,petrol,automatic,rear,109000.0,3299900,абакан
bmw x6,2020,3.0,petrol,automatic,awd,136000.0,7999000,барнаул
bmw x5,2017,3.0,diesel,automatic,awd,185544.0,3897000,барнаул
bmw 4-series,2023,2.0,petrol,automatic,rear,34000.0,10208000,минск
bmw x5,2011,3.0,diesel,automatic,awd,255753.0,1950000,красноярск
bmw 5-series,2010,3.0,diesel,automatic,rear,231276.0,2150000,новосибирск
bmw 5-series,2021,2.0,petrol,automatic,rear,167000.0,4000000,санкт-петербург
bmw 5-series,2013,2.0,diesel,automatic,awd,250000.0,1427000,витебск
bmw x1,2019,1.5,petrol,robot,front,48610.0,1960000,чита
bmw x5,2004,4.4,petrol,automatic,awd,300000.0,950000,чита
bmw x1,2016,1.5,petrol,automatic,front,110000.0,1860000,находка
bmw 5-series,2012,3.0,petrol,automatic,awd,213213.0,2365000,краснодар
bmw x5,2022,3.0,diesel,automatic,awd,69000.0,7850000,иркутск
bmw x5,2009,3.0,petrol,automatic,awd,259000.0,1585000,улан-удэ
bmw x1,2018,1.5,petrol,robot,front,92000.0,2150000,благовещенск
bmw x5,2021,3.0,diesel,automatic,awd,60000.0,8900000,сургут
bmw 5-series,2012,2.0,petrol,automatic,rear,190149.0,1667000,барнаул
bmw x5,2021,3.0,petrol,automatic,awd,14000.0,8700000,владивосток
bmw 2-series active tourer,2018,1.5,petrol,automatic,front,62000.0,970000,япония→владивосток
bmw 2-series gran tourer,2016,1.5,petrol,automatic,front,77500.0,1049000,япония→владивосток
bmw 5-series,2020,2.0,petrol,automatic,rear,87000.0,4200000,владивосток
bmw x5,2023,3.0,petrol,automatic,awd,19000.0,10900000,сургут
bmw 5-series,2016,2.0,petrol,automatic,awd,164000.0,2325000,новосибирск
bmw 5-series,2019,2.0,petrol,automatic,awd,79000.0,4700000,уссурийск
bmw 5-series,2018,2.0,petrol,automatic,rear,103185.0,3149000,хабаровск
bmw x5,2014,3.0,petrol,automatic,awd,186000.0,3600000,владивосток
bmw 5-series,2017,3.0,petrol,automatic,awd,79000.0,4700000,владивосток
bmw x3,2019,2.0,diesel,automatic,awd,81000.0,2700000,владивосток
bmw x1,2025,2.0,petrol,robot,awd,,6149900,екатеринбург
bmw 3-series,2018,2.0,petrol,automatic,rear,142000.0,1650000,махачкала
bmw x7,2021,3.0,hybrid,automatic,awd,27500.0,8500000,благовещенск
bmw 5-series gran turismo,2009,3.0,petrol,automatic,rear,220000.0,1050000,красноярск
bmw x7,2021,3.0,hybrid,automatic,awd,23174.0,10000000,сочи
bmw x5,2019,3.0,diesel,automatic,awd,107182.0,6500000,краснодар
bmw x4,2020,3.0,diesel,automatic,awd,100000.0,5855000,симферополь
bmw x5,2023,3.0,diesel,automatic,awd,4410.0,11888000,санкт-петербург
bmw 5-series,2020,2.0,diesel,automatic,awd,144460.0,3000000,химки
bmw m5,2022,4.4,petrol,automatic,awd,21497.0,14900000,москва
bmw 5-series,2015,3.0,diesel,automatic,awd,148554.0,2391885,санкт-петербург
bmw 5-series,2018,2.0,petrol,automatic,awd,142267.0,3269000,санкт-петербург
bmw 5-series gran turismo,2011,3.0,diesel,automatic,awd,318123.0,1890000,казань
bmw 5-series,2020,3.0,diesel,automatic,awd,133000.0,4200000,челябинск
bmw x4,2023,2.0,petrol,automatic,awd,22255.0,7400000,тюмень
bmw x5,2006,4.4,petrol,automatic,awd,253051.0,1535000,тюмень
bmw x6,2010,4.4,petrol,automatic,awd,257000.0,1680000,сочи
bmw 5-series,2018,2.0,petrol,automatic,rear,105000.0,2190000,махачкала
bmw x5,2018,3.0,diesel,automatic,awd,195000.0,3850000,краснодар
bmw 7-series,2014,3.0,diesel,automatic,awd,270000.0,1750000,волгоград
bmw 3-series,2001,1.9,petrol,automatic,rear,350000.0,630000,барнаул
bmw 1-series,2015,1.6,petrol,automatic,rear,64000.0,1250000,владивосток
bmw x5,2025,3.0,diesel,automatic,awd,,16750000,москва
bmw x5,2007,4.8,petrol,automatic,awd,270355.0,1300000,усть-катав
bmw 5-series,2016,2.0,petrol,automatic,rear,230000.0,1990000,пермь
bmw x5,2008,3.0,diesel,automatic,awd,298000.0,2100000,тула
bmw 5-series,2013,2.0,petrol,automatic,rear,290000.0,1450000,волгодонск
bmw x3,2025,2.0,diesel,automatic,awd,4500.0,8598000,нижний новгород
bmw x5,2020,3.0,diesel,automatic,awd,113624.0,7980000,нижний новгород
bmw 3-series,2006,2.5,petrol,automatic,awd,312000.0,1100000,красноярск
bmw x5,2026,3.0,diesel,automatic,awd,,16790000,москва
bmw 6-series,2012,4.4,petrol,automatic,awd,40000.0,2700000,москва
bmw x5,2007,3.0,diesel,automatic,awd,315000.0,1850000,нижнебаканская
bmw 3-series gran turismo,2018,2.0,diesel,automatic,awd,124754.0,3100000,люберцы
bmw 1-series,2018,1.5,petrol,automatic,rear,85500.0,1817777,челябинск
bmw x6,2008,3.0,petrol,automatic,awd,3250.0,1850000,омск
bmw 3-series,2020,2.0,petrol,automatic,rear,149000.0,3490000,екатеринбург
bmw x6,2011,3.0,petrol,automatic,awd,248162.0,1395000,пермь
bmw 3-series,2009,2.5,petrol,automatic,rear,345272.0,1089000,тюмень
bmw 5-series,2018,2.0,diesel,automatic,awd,85000.0,3330000,магнитогорск
bmw 7-series,2017,2.0,hybrid,automatic,rear,72025.0,4000000,иркутск
bmw x6,2013,3.0,petrol,automatic,awd,198000.0,2300000,краснодар
bmw x3,2015,2.0,petrol,automatic,awd,87000.0,2700000,екатеринбург
bmw x6,2010,3.0,petrol,automatic,awd,298000.0,1600000,новокузнецк
bmw x3,2018,2.0,petrol,automatic,awd,99000.0,4300000,новосибирск
bmw x5,2009,3.0,diesel,automatic,awd,133750.0,3000000,началово
bmw x1,2019,2.0,petrol,automatic,awd,110659.0,2797000,тверь
bmw 5-series,2009,2.5,petrol,automatic,rear,147000.0,1550000,сургут
bmw x2,2025,2.0,petrol,robot,awd,,7300000,москва
bmw x3,2007,2.5,petrol,automatic,awd,394000.0,950000,челябинск
bmw 7-series,2016,3.0,diesel,automatic,awd,163189.0,2945150,москва
bmw x5,2010,3.0,petrol,automatic,awd,267000.0,1690000,пятигорск
bmw x3,2010,2.0,diesel,automatic,awd,246000.0,1050000,тольятти
bmw 4-series,2014,2.0,diesel,automatic,rear,182000.0,2395000,краснодар
bmw x5,2007,4.8,petrol,automatic,awd,240000.0,1700000,барнаул
bmw x5,2017,3.0,diesel,automatic,awd,196000.0,2800000,красноярск
bmw 7-series,1999,2.9,diesel,automatic,rear,310000.0,900000,челябинск
bmw x5,2019,3.0,diesel,automatic,awd,85000.0,7100000,пермь
bmw x6,2023,3.0,petrol,automatic,awd,16260.0,12434434,москва
bmw x5,2009,3.0,diesel,automatic,awd,300000.0,1799900,нижний новгород
bmw x6,2023,3.0,petrol,automatic,awd,9000.0,10500000,ростов-на-дону
bmw x3,2012,2.0,petrol,automatic,awd,250000.0,1500000,киров
bmw 1-series,2008,2.0,petrol,automatic,rear,320000.0,595000,санкт-петербург
bmw x5,2009,3.0,petrol,automatic,awd,220000.0,1670000,краснодар
bmw x3,2012,2.0,petrol,automatic,awd,150000.0,1900000,москва
bmw x5,2012,3.0,petrol,automatic,awd,208000.0,2180000,омск
bmw 7-series,2023,3.0,hybrid,automatic,awd,26298.0,19500000,краснодар
bmw x1,2012,2.0,petrol,automatic,awd,167404.0,1290000,калининград
bmw x7,2020,3.0,diesel,automatic,awd,121000.0,8300000,ростов-на-дону
bmw x5,2025,3.0,petrol,automatic,awd,,13905000,москва
bmw x5,2004,4.4,petrol,automatic,awd,210.0,1200000,каменка
bmw x3,2005,3.0,petrol,automatic,awd,233000.0,900000,новосибирск
bmw x5,2013,3.0,diesel,automatic,awd,265000.0,3050000,симферополь
bmw x1,2011,2.0,petrol,automatic,rear,258000.0,1000000,екатеринбург
bmw x5,2016,3.0,diesel,automatic,awd,130000.0,4500000,ярославль
bmw x4,2015,2.0,diesel,automatic,awd,315000.0,2150000,одинцово
bmw 4-series,2025,2.0,petrol,automatic,rear,1095.0,8500000,краснодар
bmw x6,2018,3.0,diesel,automatic,awd,137000.0,4250000,воронеж
bmw 7-series,2008,4.4,petrol,automatic,rear,244000.0,1000000,уфа
bmw 5-series,2007,2.5,petrol,automatic,rear,262000.0,1280000,смоленск
bmw 3-series,2016,1.5,petrol,automatic,rear,75000.0,1900000,омск
bmw 3-series,1992,1.6,petrol,manual,rear,250000.0,350000,новосибирск
bmw 7-series,2006,4.8,petrol,automatic,rear,193000.0,730000,хабаровск
bmw 5-series,1997,2.0,petrol,manual,rear,229291.0,620000,кемерово
bmw 5-series,2020,2.0,hybrid,automatic,awd,140000.0,4500000,москва
bmw x3,2015,3.0,diesel,automatic,awd,271148.0,1824000,воронеж
bmw x4,2016,3.0,petrol,automatic,awd,92000.0,3200000,сочи
bmw 5-series,2013,2.0,petrol,automatic,awd,251000.0,1850000,санкт-петербург
bmw x1,2014,2.0,petrol,automatic,rear,107700.0,1400000,волгоград
bmw i3,2019,184.0,electric,automatic,rear,47440.0,4000000,подольск
bmw x3,2014,2.0,petrol,automatic,awd,197000.0,2150000,чебоксары
bmw 1-series,2011,1.6,petrol,automatic,rear,259068.0,850000,челябинск
bmw x3,2012,2.0,petrol,automatic,awd,312200.0,1250000,санкт-петербург
bmw x5,2015,3.0,diesel,automatic,awd,392000.0,3750000,ростов-на-дону
bmw 1-series,2008,1.6,petrol,automatic,rear,186000.0,770000,омск
bmw 5-series,2001,2.2,petrol,manual,rear,319210.0,777777,казань
bmw 6-series,2015,3.0,diesel,automatic,awd,169749.0,2790000,пермь
bmw 7-series,2020,3.0,petrol,automatic,rear,76000.0,6999999,брюховецкая
bmw 5-series,1998,2.9,diesel,automatic,rear,419000.0,750000,калининград
bmw 3-series,2013,2.0,diesel,automatic,rear,217000.0,1500000,санкт-петербург
bmw x3,2004,2.5,petrol,automatic,awd,520000.0,550000,пермь
bmw x6,2025,3.0,diesel,automatic,awd,,15890000,москва
bmw x5,2017,3.0,diesel,automatic,awd,180000.0,4537000,абакан
bmw 1-series,2016,1.5,petrol,automatic,rear,53000.0,1900000,владивосток
bmw x5,2015,3.0,diesel,automatic,awd,172000.0,3580000,кировск
bmw 3-series,1994,1.6,petrol,automatic,rear,300000.0,100000,калининград
bmw 5-series,2014,2.0,petrol,automatic,rear,184000.0,2650000,красноярск
bmw x3,2025,2.0,petrol,automatic,awd,16.0,6899000,яблоновский
bmw 3-series,2013,2.0,diesel,automatic,rear,315000.0,1700000,москва
bmw x6,2011,3.0,petrol,automatic,awd,281000.0,1900000,новосибирск
bmw 3-series,2001,2.2,petrol,manual,rear,370000.0,599900,воронеж
bmw 5-series,2004,2.5,petrol,automatic,rear,273000.0,459000,мурманск
bmw 5-series,2012,2.0,diesel,automatic,awd,280000.0,1400000,троицкое
bmw x6,2017,3.0,diesel,automatic,awd,73000.0,4699000,омск
bmw 5-series,2002,2.5,petrol,automatic,rear,340000.0,700000,югорск
bmw 3-series,2013,2.0,petrol,automatic,awd,167000.0,1750000,псков
bmw x5,2001,4.4,petrol,automatic,awd,245000.0,1000000,чита
bmw x3,2015,2.0,petrol,automatic,awd,176000.0,2100000,магнитогорск
bmw 5-series,1998,2.5,petrol,automatic,rear,400000.0,630000,нижний тагил
bmw x6,2015,3.0,diesel,automatic,awd,89000.0,3350000,челябинск
bmw x5,2015,3.0,diesel,automatic,awd,172806.0,2815400,калуга
bmw x3,2015,2.0,petrol,automatic,awd,122000.0,2340000,уфа
bmw x5,2004,4.4,petrol,automatic,awd,78000.0,1000000,сургут
bmw x5,2024,3.0,diesel,automatic,awd,,15700000,москва
bmw x4,2018,2.0,petrol,automatic,awd,67179.0,3330000,казань
bmw x5,2026,4.4,petrol,automatic,awd,,24990000,москва
bmw x6,2008,3.0,diesel,automatic,awd,268345.0,1850000,мурманск
bmw x5,2025,3.0,petrol,automatic,awd,,15900000,москва
bmw x2,2025,2.0,petrol,robot,awd,45.0,6299000,яблоновский
bmw x5,2020,2.0,diesel,automatic,awd,115000.0,5200000,красноярск
bmw 3-series,2014,2.0,diesel,automatic,awd,160000.0,2200000,челябинск
bmw x3,2007,3.0,petrol,automatic,awd,130000.0,2000000,москва
bmw 1-series,2010,1.6,petrol,automatic,rear,162982.0,660000,уфа
bmw 5-series,2005,2.5,petrol,manual,rear,200000.0,1019000,нижний новгород
bmw 7-series,2015,3.0,diesel,automatic,awd,157215.0,5100000,новосибирск
bmw x5,2008,3.0,diesel,automatic,awd,339000.0,1750000,красноярск
bmw 5-series,1988,2.5,petrol,manual,rear,573000.0,420000,озёрск
bmw x3,2007,2.5,petrol,automatic,awd,260000.0,1050000,верхняя пышма
bmw 3-series,2008,3.0,petrol,automatic,rear,290000.0,1600000,благовещенск
bmw 1-series,2010,1.6,petrol,automatic,rear,210000.0,650000,нижний новгород
bmw x6,2011,3.0,petrol,automatic,awd,179027.0,1600000,сочи
bmw 7-series,2003,4.4,petrol,automatic,rear,239280.0,760000,лесной
bmw 5-series,2001,2.5,petrol,automatic,rear,267664.0,600000,нижневартовск
bmw x6,2012,3.0,petrol,automatic,awd,285000.0,1950000,липецк
bmw 5-series,2004,3.0,petrol,automatic,rear,345000.0,1300000,симферополь
bmw x5,2018,3.0,diesel,automatic,awd,102751.0,5999000,уфа
bmw 3-series,2008,2.0,petrol,automatic,rear,252000.0,1300000,воронеж
bmw 1-series,2008,1.6,petrol,automatic,rear,186000.0,799999,кропоткин
bmw 2-series active tourer,2014,1.5,petrol,automatic,front,98863.0,1150000,владивосток
bmw 7-series,1990,5.0,petrol,automatic,rear,138000.0,1600000,москва
bmw 5-series,2025,2.0,petrol,automatic,awd,,8450000,москва
bmw x3,2012,3.0,diesel,automatic,awd,176216.0,2099000,казань
bmw x1,2011,2.0,diesel,automatic,awd,251000.0,1199000,кемерово
bmw 5-series,2025,2.0,petrol,automatic,awd,,8700000,москва
bmw x3,2025,2.0,petrol,automatic,awd,,7489000,москва
bmw 1-series,2019,1.5,petrol,robot,front,36079.0,2100000,владивосток
bmw 6-series gran turismo,2021,2.0,diesel,automatic,awd,99997.0,4735000,москва
bmw 2-series active tourer,2015,1.5,petrol,automatic,front,101120.0,1250000,барнаул
bmw i8,2017,1.5,hybrid,automatic,awd,23814.0,7199000,сочи
bmw x5,2005,3.0,petrol,automatic,awd,350000.0,900000,воронеж
bmw x4,2021,2.0,petrol,automatic,awd,125450.0,4292800,москва
bmw x4,2016,2.0,petrol,automatic,awd,92000.0,2730000,петропавловск-камчатский
bmw 1-series,2010,1.6,petrol,automatic,rear,212000.0,950000,красноярск
bmw 3-series,2001,2.0,diesel,manual,rear,460000.0,500000,волгодонск
bmw 1-series,2012,1.6,petrol,automatic,rear,199900.0,1195000,набережные челны
bmw 1-series,2013,1.6,petrol,automatic,rear,87000.0,1200000,красноярск
bmw x6,2010,3.0,petrol,automatic,awd,198000.0,1850000,оренбург
bmw x5,2000,4.4,petrol,automatic,awd,300000.0,650000,красноярск
bmw x1,2011,2.0,petrol,automatic,rear,217000.0,1000000,саратов
bmw 5-series,2020,2.0,petrol,automatic,awd,104000.0,4500000,москва
bmw 5-series,2005,2.5,diesel,automatic,rear,320000.0,1000000,симферополь
bmw x7,2023,3.0,diesel,automatic,awd,25.0,17100000,москва
bmw 1-series,2011,1.6,petrol,automatic,rear,247488.0,654070,краснодар
bmw 3-series,2002,2.2,petrol,automatic,rear,345500.0,1050000,краснодар
bmw 5-series,2020,2.0,diesel,automatic,awd,195000.0,3900000,туймазы
bmw 3-series,2010,2.0,petrol,automatic,rear,183455.0,1049000,магнитогорск
bmw x1,2010,2.0,petrol,automatic,rear,217000.0,1180000,новосибирск
bmw 5-series,2017,2.0,diesel,automatic,awd,118356.0,3200000,краснодар
bmw 5-series,2013,2.0,petrol,automatic,awd,145000.0,2390000,красноярск
bmw 3-series,2019,2.0,diesel,automatic,rear,129000.0,3550000,тюмень
bmw 7-series,2018,2.0,hybrid,automatic,rear,65000.0,5000000,владивосток
bmw x6,2022,3.0,diesel,automatic,awd,20000.0,11999999,краснодар
bmw 3-series,2000,2.0,petrol,automatic,rear,263000.0,455000,нижний новгород
bmw 3-series,1996,1.6,petrol,manual,rear,530000.0,320000,староминская
bmw 3-series,2010,2.0,petrol,automatic,rear,283000.0,980000,ростов-на-дону
bmw m4,2021,3.0,petrol,automatic,rear,80000.0,8250000,краснодар
bmw 5-series gran turismo,2010,3.0,petrol,automatic,rear,60000.0,1530000,махачкала
bmw x6,2017,4.4,petrol,automatic,awd,98000.0,4800000,москва
bmw 3-series gran turismo,2014,2.0,petrol,automatic,rear,45000.0,1730000,курск
bmw x1,2020,1.5,petrol,robot,front,68700.0,2570000,ставрополь
bmw x6,2009,3.0,diesel,automatic,awd,192000.0,2390000,симферополь
bmw 3-series,2009,2.0,petrol,automatic,rear,198961.0,850000,пермь
bmw 5-series,1998,2.5,petrol,automatic,rear,450000.0,560000,москва
bmw x5,2008,4.8,petrol,automatic,awd,258300.0,1700000,москва
bmw x5,2020,3.0,diesel,automatic,awd,57762.0,7410000,калининград
bmw 5-series,2015,2.0,petrol,automatic,rear,110000.0,2550000,омск
bmw 4-series,2014,2.0,diesel,automatic,awd,135000.0,2250000,москва
bmw 5-series,2010,3.0,diesel,automatic,rear,299000.0,3500000,москва
bmw x6,2017,3.0,diesel,automatic,awd,209000.0,3900000,краснодар
bmw 5-series,1998,2.5,petrol,automatic,rear,434500.0,650000,лабинск
bmw 2-series active tourer,2016,1.5,hybrid,automatic,awd,94000.0,1888888,благовещенск
bmw 5-series,2021,2.0,petrol,automatic,rear,65000.0,4750000,санкт-петербург
bmw x1,2020,1.5,petrol,robot,front,95499.0,2899000,ставрополь
bmw x5,2026,3.0,diesel,automatic,awd,,16990000,москва
bmw x1,2019,1.5,petrol,robot,front,100000.0,1995000,владивосток
bmw x7,2021,3.0,diesel,automatic,awd,139000.0,8200000,абакан
bmw x5,2023,4.4,petrol,automatic,awd,24000.0,15500000,ростов-на-дону
bmw x6,2015,4.4,petrol,automatic,awd,131000.0,4300000,краснодар
bmw 5-series,1997,2.5,petrol,automatic,rear,430000.0,450000,красноярск
bmw x5,2004,3.0,petrol,automatic,awd,384000.0,1500000,кореновск
bmw 7-series,2006,4.0,petrol,automatic,rear,202800.0,850000,абакан
bmw 3-series,1996,1.6,petrol,manual,rear,447788.0,299999,екатеринбург
bmw x5,2025,3.0,diesel,automatic,awd,,18650000,москва
bmw x5,2001,3.0,petrol,automatic,awd,400000.0,850000,омск
bmw 3-series,2008,3.0,petrol,automatic,awd,50.0,1100000,минск
bmw 5-series,2002,3.0,petrol,automatic,rear,350000.0,1000000,белореченск
bmw x7,2024,3.0,hybrid,automatic,awd,26880.0,14600000,ставрополь
bmw x5,2025,3.0,diesel,automatic,awd,,18800000,москва
bmw x4,2018,2.0,diesel,automatic,awd,90000.0,3750000,брянск
bmw x5,2004,3.0,petrol,automatic,awd,324000.0,850000,шарья
bmw 5-series,2019,2.0,diesel,automatic,rear,48000.0,3800000,лангепас
bmw x5,2008,3.0,petrol,automatic,awd,192100.0,1640000,владивосток
bmw x6,2008,3.0,petrol,automatic,awd,192500.0,1600000,саяногорск
bmw x5,2017,3.0,diesel,automatic,awd,150215.0,4179000,уфа
bmw 5-series,2010,2.5,petrol,automatic,rear,270000.0,1950000,советский
bmw x5,2004,3.0,petrol,automatic,awd,284533.0,1400000,томск
bmw x3,2012,2.0,diesel,automatic,awd,317000.0,1800000,москва
bmw x7,2021,3.0,hybrid,automatic,awd,59000.0,11300000,барнаул
bmw 5-series,2014,2.0,petrol,automatic,rear,125000.0,2300000,когалым
bmw 3-series gran turismo,2017,2.0,petrol,automatic,awd,89000.0,2850000,новосибирск
bmw 5-series,2002,2.2,petrol,manual,rear,85000.0,1100000,судак
bmw 5-series,2001,2.5,petrol,automatic,rear,351000.0,700000,одинцово
bmw x5,2008,3.0,petrol,automatic,awd,245000.0,1400000,ростов-на-дону
bmw x6,2016,4.4,petrol,automatic,awd,170000.0,3960000,энгельс
bmw 3-series,2008,2.0,petrol,automatic,rear,317440.0,820000,москва
bmw x6,2012,3.0,petrol,automatic,awd,168000.0,2100000,симферополь
bmw 3-series,1998,2.5,petrol,manual,rear,346500.0,1600000,калининград
bmw x5,2025,3.0,diesel,automatic,awd,,15290000,москва
bmw x5,2009,3.0,petrol,automatic,awd,230500.0,1800000,томск
bmw 1-series,2012,1.6,petrol,automatic,rear,204861.0,1000000,ханты-мансийск
bmw x5,2015,3.0,petrol,automatic,awd,98172.0,3300000,пермь
bmw x6,2015,3.0,petrol,automatic,awd,282022.0,2285150,москва
bmw x6,2022,3.0,diesel,automatic,awd,60000.0,12000000,барнаул
bmw 3-series,2013,2.0,diesel,automatic,awd,185000.0,2200000,ижевск
bmw x5,2025,3.0,diesel,automatic,awd,27.0,15490000,москва
bmw x5,2018,3.0,diesel,automatic,awd,144000.0,6800000,пермь
bmw x1,2019,2.0,petrol,automatic,awd,97161.0,2349714,санкт-петербург
bmw 3-series,2010,2.0,diesel,automatic,awd,192629.0,1349000,нижнекамск
bmw x6,2022,3.0,petrol,automatic,awd,25000.0,10499999,тюмень
bmw x5,2025,3.0,petrol,automatic,awd,,15650000,москва
bmw 3-series,2020,2.0,petrol,automatic,rear,86335.0,3900000,балашиха
bmw x5,2018,2.0,diesel,automatic,awd,115000.0,4600000,симферополь
bmw i8,2016,1.5,hybrid,automatic,awd,39405.0,6650000,сочи
bmw x5,2015,3.0,diesel,automatic,awd,165343.0,3079000,калининград
bmw 5-series,2003,3.0,petrol,manual,rear,373500.0,1099000,тольятти
bmw 3-series,2006,3.0,petrol,automatic,rear,248000.0,1650000,севастополь
bmw 2-series,2021,1.5,petrol,robot,front,44000.0,1800000,якутск
bmw x6,2010,3.0,diesel,automatic,awd,260000.0,2000000,черкесск
bmw 5-series,2021,2.0,petrol,automatic,awd,16117.0,5990000,химки
bmw 5-series,2018,2.0,diesel,automatic,rear,100000.0,2950000,краснодар
bmw x5,2005,3.0,petrol,automatic,awd,400.0,1000000,курганинск
bmw 1-series,2013,1.6,petrol,automatic,rear,186457.0,1129000,екатеринбург
bmw 3-series,2020,2.0,diesel,automatic,rear,43949.0,3109000,ижевск
bmw x6,2013,3.5,petrol,automatic,awd,215000.0,1999999,раменское
bmw 3-series,2007,2.0,diesel,automatic,rear,247000.0,1699999,краснодар
bmw x3,2013,2.0,diesel,automatic,awd,169000.0,1690000,чебоксары
bmw 5-series,2010,3.0,petrol,automatic,rear,210000.0,1550000,екатеринбург
bmw x7,2021,3.0,hybrid,automatic,awd,66000.0,9500000,уссурийск
bmw x5,2018,3.0,diesel,automatic,awd,149444.0,4200000,владивосток
bmw x5,2004,3.0,diesel,automatic,awd,350000.0,1595000,сочи
bmw 7-series,2022,3.0,diesel,automatic,awd,49422.0,10500000,ростов-на-дону
bmw x4,2018,3.0,petrol,automatic,awd,63000.0,6200000,барнаул
bmw 3-series,2016,2.0,petrol,automatic,awd,225000.0,2100000,москва
bmw 5-series,1998,2.0,petrol,manual,rear,366660.0,800000,новошахтинск
bmw 7-series,2018,3.0,petrol,automatic,awd,163239.0,3929000,ростов-на-дону
bmw x3,2021,2.0,diesel,automatic,awd,72000.0,4750000,калининград
bmw x5,2026,3.0,diesel,automatic,awd,,17290000,москва
bmw 3-series,2010,2.5,petrol,automatic,awd,210000.0,1400000,сургут
bmw x6,2009,3.0,petrol,automatic,awd,169500.0,1645000,оренбург
bmw 3-series,2008,2.0,petrol,automatic,rear,195000.0,800000,санкт-петербург
bmw 3-series,2000,2.2,petrol,manual,rear,450000.0,500000,сергиев посад
bmw x3,2018,2.0,petrol,automatic,awd,162368.0,2709150,москва
bmw 5-series,2005,3.0,diesel,automatic,rear,530000.0,1150000,москва
bmw 3-series,1997,2.0,petrol,manual,rear,320000.0,300000,старый оскол
bmw x6,2013,4.4,petrol,automatic,awd,195000.0,2000000,омск
bmw 5-series,2005,2.5,petrol,manual,rear,362300.0,1200000,новосибирск
bmw 5-series,2023,2.0,hybrid,automatic,awd,15200.0,7350000,москва
bmw x6,2020,3.0,diesel,automatic,awd,133000.0,7500000,новочебоксарск
bmw 3-series,2002,2.0,petrol,automatic,rear,209855.0,800000,барнаул
bmw 1-series,2019,1.5,petrol,robot,front,70000.0,2200000,иркутск
bmw 2-series active tourer,2014,1.5,petrol,automatic,front,125000.0,1150000,севастополь
bmw x4,2019,2.0,diesel,automatic,awd,74715.0,4129000,санкт-петербург
bmw i3,2018,170.0,electric,automatic,rear,47988.0,1900000,москва
bmw 5-series,1997,2.5,petrol,manual,rear,462000.0,430000,северодвинск
bmw x7,2023,3.0,diesel,automatic,awd,24600.0,13580000,москва
bmw 5-series,2013,2.0,petrol,automatic,rear,250000.0,1500000,санкт-петербург
bmw 5-series,2018,2.0,diesel,automatic,awd,123420.0,3575000,москва
bmw 7-series,2002,3.0,diesel,automatic,rear,500000.0,750000,шадринск
bmw 5-series,2008,3.0,petrol,automatic,awd,260000.0,1599999,белово
bmw 3-series,2008,2.5,petrol,automatic,awd,171000.0,1400000,кемерово
bmw m5,2021,4.4,petrol,automatic,awd,2990.0,17250000,екатеринбург
bmw x5,2017,3.0,diesel,automatic,awd,109800.0,4200000,москва
bmw 5-series,1997,2.0,petrol,manual,rear,866526.0,300000,калининск
bmw x4,2017,2.0,petrol,automatic,awd,119427.0,3300000,тольятти
bmw i3,2018,170.0,electric,automatic,rear,92432.0,1900000,москва
bmw x3,2021,3.0,diesel,automatic,awd,150000.0,6700000,тюмень
bmw 5-series,2018,3.0,diesel,automatic,awd,70000.0,7280000,владивосток
bmw x1,2012,2.0,petrol,automatic,rear,178000.0,1150000,москва
bmw 5-series,2005,2.5,petrol,automatic,rear,330000.0,950000,дзержинск
bmw x5,2014,3.0,petrol,automatic,awd,196500.0,2390000,омск
bmw m3,2022,3.0,petrol,automatic,awd,9250.0,11900000,москва
bmw x7,2025,3.0,hybrid,automatic,awd,,16900000,москва
bmw x3,2018,2.0,diesel,automatic,awd,117000.0,3760000,голубицкая
bmw 5-series,2002,2.5,diesel,manual,rear,519000.0,700000,бузулук
bmw x2,2018,2.0,diesel,automatic,awd,154000.0,2950000,донецк
bmw x5,2010,3.0,diesel,automatic,awd,331000.0,1800000,москва
bmw 1-series,2008,1.6,petrol,automatic,rear,950000.0,670000,москва
bmw 5-series,2019,2.0,diesel,automatic,rear,1150000.0,2650000,москва
bmw 3-series,2016,2.0,petrol,automatic,awd,1300000.0,2550000,москва
bmw x7,2020,3.0,diesel,automatic,awd,797400.0,10599000,москва
bmw 3-series,2020,2.0,petrol,automatic,rear,930000.0,4100000,москва
bmw 5-series,2024,2.0,petrol,automatic,awd,220000.0,7950000,москва
bmw 4-series,2022,2.0,petrol,automatic,awd,740000.0,4690000,москва
bmw x5,2020,2.0,diesel,automatic,awd,1050000.0,5900000,москва
bmw 5-series,2020,2.0,diesel,automatic,awd,553000.0,5500000,москва
bmw x6,2012,3.0,petrol,automatic,awd,1734000.0,1775000,москва
bmw x5,2016,3.0,diesel,automatic,awd,2310000.0,3450000,москва
bmw x5,2012,3.0,diesel,automatic,awd,1580000.0,1640000,москва
bmw 5-series,2020,2.0,petrol,automatic,awd,820000.0,5300000,москва
bmw 5-series,2014,2.0,petrol,automatic,rear,2410000.0,1690000,москва
bmw 5-series,2012,2.0,petrol,automatic,rear,2390000.0,1390000,москва
bmw 5-series,2014,3.0,diesel,automatic,awd,2630000.0,1940000,москва
bmw x6,2011,3.0,petrol,automatic,awd,2330000.0,1490000,москва
bmw x5,2020,4.4,petrol,automatic,awd,215000.0,9990000,москва
bmw x6,2021,3.0,diesel,automatic,awd,217000.0,11000000,москва
bmw x7,2024,3.0,hybrid,automatic,awd,230000.0,13450000,москва
bmw m5,2021,4.4,petrol,automatic,awd,350000.0,12500000,москва
bmw 7-series,2003,4.4,petrol,automatic,rear,1360000.0,745000,москва
bmw x5,2009,3.0,petrol,automatic,awd,2286390.0,1879000,воронеж
bmw x1,2023,2.0,petrol,robot,awd,506800.0,5200000,домодедово
bmw 5-series,2004,2.5,petrol,automatic,rear,2480000.0,670000,санкт-петербург
bmw 3-series,2007,2.5,petrol,automatic,awd,1050000.0,1070000,чебоксары
bmw 5-series,2019,2.0,diesel,automatic,awd,1335020.0,3500000,краснодар
bmw 5-series,2019,2.0,diesel,automatic,awd,638610.0,4495000,ростов-на-дону
bmw x3,2024,2.0,petrol,automatic,awd,304190.0,6500000,москва
bmw x5,2021,3.0,diesel,automatic,awd,380000.0,9200000,москва
bmw x5,2004,3.0,petrol,automatic,awd,4200000.0,1100000,волгоград
bmw x4,2021,2.0,petrol,automatic,awd,473000.0,5700000,москва
bmw x1,2011,2.0,petrol,automatic,awd,2993750.0,1179000,санкт-петербург
bmw x7,2019,3.0,diesel,automatic,awd,1514000.0,6700000,тюмень
bmw 6-series,2005,4.4,petrol,automatic,rear,2388040.0,999999,обнинск
bmw x3,2019,2.0,petrol,automatic,awd,1060000.0,4390000,санкт-петербург
bmw 7-series,2025,3.0,hybrid,automatic,awd,41130.0,15900000,москва
bmw x6,2016,3.0,diesel,automatic,awd,1461220.0,3899000,ярославль
bmw 5-series,2013,2.0,petrol,automatic,rear,3009090.0,1800000,советский
bmw 2-series,2018,2.0,diesel,automatic,awd,1157080.0,3100000,санкт-петербург
bmw 5-series,2013,2.0,petrol,automatic,rear,2130000.0,660000,москва
bmw 5-series,2002,3.0,petrol,automatic,rear,3990000.0,2100000,таганрог
bmw 8-series,1992,5.0,petrol,automatic,rear,1170000.0,7500000,москва
bmw 5-series,2021,2.0,diesel,automatic,awd,1086250.0,4950000,москва
bmw x1,2016,2.0,petrol,automatic,awd,2125000.0,1950000,челябинск
bmw 5-series,1997,2.8,petrol,automatic,rear,2967000.0,699000,симферополь
bmw 5-series,2004,2.2,petrol,automatic,rear,4070000.0,800000,орел
bmw 5-series,2008,2.5,petrol,automatic,rear,1780000.0,1350000,зеленокумск
bmw x1,2018,2.0,diesel,automatic,awd,1010000.0,2850000,москва
bmw x5,2011,4.4,petrol,automatic,awd,1800000.0,3333333,таганрог
bmw 5-series,2012,2.0,petrol,automatic,rear,1585650.0,1750000,челябинск
bmw x1,2017,2.0,petrol,automatic,awd,754540.0,2100000,сургут
bmw 5-series,2020,2.0,petrol,automatic,awd,440000.0,5450000,москва
bmw 6-series,2019,3.0,diesel,automatic,awd,2563880.0,3390000,подольск
bmw 7-series,2007,4.0,petrol,automatic,rear,3250000.0,1100000,калининград
bmw x3,2012,2.0,diesel,automatic,awd,1700000.0,1090000,кемерово
bmw x4,2020,2.0,diesel,automatic,awd,374220.0,5250000,москва
bmw 1-series,2021,1.5,petrol,robot,front,490000.0,1700000,новосибирск
bmw 4-series,2020,2.0,diesel,automatic,awd,955500.0,4958000,москва
bmw x6,2013,3.0,diesel,automatic,awd,1955080.0,2380000,москва
bmw x5,2019,3.0,diesel,automatic,awd,1130000.0,6660000,москва
bmw x6,2011,3.0,diesel,automatic,awd,2470000.0,1990000,астрахань
bmw 3-series,2007,2.0,petrol,automatic,rear,2020000.0,750000,воронеж
bmw 5-series,2011,2.0,diesel,automatic,rear,3130000.0,1590000,санкт-петербург
bmw 5-series,2018,3.0,diesel,automatic,rear,860000.0,4900000,барнаул
bmw x1,2022,1.5,petrol,robot,front,250000.0,2050000,новосибирск
bmw x6,2012,3.0,petrol,automatic,awd,3000.0,2200000,омск
bmw 5-series,2016,2.0,diesel,automatic,rear,1680000.0,2150000,тула
bmw 3-series,2018,2.0,petrol,automatic,awd,1362970.0,3000000,москва
bmw 5-series,2019,2.0,diesel,automatic,awd,1506300.0,3280000,москва
bmw 5-series,2019,3.0,diesel,automatic,awd,1032450.0,3700000,екатеринбург
bmw m3,2012,4.0,petrol,robot,rear,700000.0,10000000,москва
bmw x7,2021,3.0,hybrid,automatic,awd,800000.0,9390000,новосибирск
bmw 3-series,2023,3.0,petrol,automatic,awd,167010.0,7990000,москва
bmw 3-series,2020,2.0,diesel,automatic,rear,210000.0,3850000,нижний новгород
bmw 6-series,2008,3.0,petrol,automatic,rear,3040000.0,2100000,новосибирск
bmw x5,2021,3.0,diesel,automatic,awd,563000.0,9200000,краснодар
bmw 5-series,2000,2.0,petrol,manual,rear,3988630.0,549999,новокузнецк
bmw x5,2009,3.0,petrol,automatic,awd,1966660.0,1700000,барнаул
bmw 5-series,1998,2.0,petrol,manual,rear,3925000.0,320000,псков
bmw x5,2013,3.0,diesel,automatic,awd,1950000.0,2500000,первоуральск
bmw 3-series,2013,2.0,diesel,manual,rear,1943400.0,1700000,ростов-на-дону
bmw x5,2017,3.0,diesel,automatic,awd,1411000.0,3700000,ростов-на-дону
bmw 6-series,2011,3.0,petrol,automatic,rear,1050000.0,2999999,москва
bmw 5-series,1995,2.0,petrol,manual,rear,8263520.0,450000,челябинск
bmw x5,2013,3.0,diesel,automatic,awd,2300000.0,2300000,нижнекамск
bmw 5-series gran turismo,2011,3.0,diesel,automatic,awd,2990000.0,1100000,абинск
bmw 5-series,2019,2.0,diesel,automatic,rear,1094510.0,4000000,москва
bmw x6,2021,4.4,petrol,automatic,awd,722000.0,11500000,москва
bmw 7-series,2011,4.4,petrol,automatic,awd,2530000.0,1150000,екатеринбург
bmw x3,2025,2.0,petrol,automatic,awd,33930.0,6990000,санкт-петербург
bmw 3-series,2020,2.0,diesel,automatic,awd,795520.0,4090000,санкт-петербург
bmw x5,2008,3.0,petrol,automatic,awd,3900000.0,1300000,красково
bmw x6,2012,3.0,petrol,automatic,awd,2060000.0,2250000,бийск
bmw x5,2002,4.6,petrol,automatic,awd,2840000.0,1299999,краснотурьинск
bmw 3-series,2004,1.8,petrol,manual,rear,1940000.0,600000,тольятти
bmw x5,2016,3.0,diesel,automatic,awd,2295700.0,4050000,симферополь
bmw x5,2008,4.8,petrol,automatic,awd,210.0,1930000,кызыл
bmw 5-series,2016,2.0,diesel,automatic,rear,2600000.0,1850000,москва
bmw 3-series,2016,1.5,petrol,automatic,rear,520000.0,1620000,владивосток
bmw x1,2012,2.0,diesel,automatic,awd,2680000.0,1300000,никольское
bmw 3-series,2017,1.5,petrol,automatic,rear,366000.0,1770000,владивосток
bmw 3-series,2014,1.6,petrol,automatic,rear,2600000.0,1400000,голицыно
bmw 5-series,2015,3.0,diesel,automatic,awd,1641690.0,2599000,санкт-петербург
bmw x3,2012,2.0,diesel,automatic,awd,2370000.0,1820000,казань
bmw 5-series,2020,2.0,petrol,automatic,rear,1050000.0,3750000,каспийск
bmw 2-series,2021,1.5,petrol,robot,front,350000.0,2500000,тюмень
bmw x5,2016,3.0,diesel,automatic,awd,1650000.0,3900000,сургут
bmw x5,2021,3.0,diesel,automatic,awd,470000.0,8500000,красноярск
bmw x5,2000,3.0,petrol,automatic,awd,4000000.0,1500000,барнаул
bmw x3,2025,2.0,hybrid,automatic,awd,65430.0,9350000,москва
bmw x3,2025,2.0,hybrid,automatic,awd,74140.0,8350000,москва
bmw x6,2013,3.0,diesel,automatic,awd,3400000.0,2299000,сургут
bmw x5,2007,3.0,petrol,automatic,awd,3840000.0,1100000,краснодар
bmw x5,2001,3.0,petrol,automatic,awd,2310000.0,600000,чебаркуль
bmw 1-series,2012,1.6,petrol,automatic,rear,780000.0,1450000,минусинск
bmw 1-series,2006,2.0,petrol,automatic,rear,2500000.0,485000,екатеринбург
bmw x6,2015,3.0,diesel,automatic,awd,1780000.0,3200000,новосибирск
bmw 1-series,2012,1.6,petrol,automatic,rear,1630000.0,1095000,яблоновский
bmw 3-series,2019,2.0,petrol,automatic,rear,1680000.0,2770000,воронеж
bmw 5-series,1999,2.0,petrol,automatic,rear,4179000.0,500000,москва
bmw 5-series,1991,2.5,petrol,manual,rear,3665000.0,610000,москва
bmw x5,2013,3.0,diesel,automatic,awd,1390000.0,3850000,махачкала
bmw 5-series,2016,2.0,diesel,automatic,rear,1710000.0,2550000,москва
bmw 1-series,2013,1.6,petrol,automatic,rear,1530000.0,1200000,пенза
bmw x7,2022,3.0,hybrid,automatic,awd,370000.0,10700000,владивосток
bmw x5,2022,3.0,diesel,automatic,awd,849000.0,9500000,москва
bmw 3-series,2002,2.0,petrol,manual,rear,3400000.0,150000,северобайкальск
bmw x3,2008,2.5,petrol,automatic,awd,3460000.0,1283000,красноярск
bmw 5-series,1997,2.8,petrol,automatic,rear,2768680.0,545000,йошкар-ола
bmw x3,2008,3.0,petrol,automatic,awd,1000000.0,1350000,онохой
bmw 3-series,2012,2.0,petrol,automatic,rear,1454460.0,1749000,уфа
bmw x4,2019,3.0,diesel,automatic,awd,1214700.0,4700000,москва
bmw 5-series,2019,2.0,diesel,automatic,awd,3004950.0,2259000,москва
bmw 2-series,2021,1.5,petrol,robot,front,830000.0,2769000,москва
bmw 5-series,2008,3.0,petrol,automatic,awd,1810000.0,2000000,новосибирск
bmw x6,2010,3.0,petrol,automatic,awd,2000000.0,300000,пермь
bmw 3-series,2013,1.6,petrol,automatic,rear,2756280.0,1364900,самара
bmw 3-series,2008,2.0,diesel,manual,rear,3133620.0,1250000,челябинск
bmw x6,2009,3.0,petrol,automatic,awd,3600000.0,1690000,новосибирск
bmw 1-series,2007,1.6,petrol,manual,rear,3260000.0,599000,старый оскол
bmw x5,2017,3.0,diesel,automatic,awd,1501520.0,4689600,казань
bmw 6-series,2012,3.0,diesel,automatic,rear,910630.0,3350000,чебоксары
bmw 5-series,2021,2.0,petrol,automatic,awd,370000.0,5950000,новосибирск
bmw x1,2012,2.0,petrol,automatic,awd,1239690.0,1448000,волгоград
bmw x5,2004,3.0,petrol,automatic,awd,2684070.0,1599000,тверь
bmw 3-series,2021,2.0,petrol,automatic,rear,528000.0,3205000,китай→тюмень
bmw x6,2025,3.0,petrol,automatic,awd,430.0,15960000,санкт-петербург
bmw 2-series,2020,1.5,petrol,robot,front,529900.0,2779000,санкт-петербург
bmw 5-series,2000,2.0,petrol,manual,rear,2700000.0,700000,москва
bmw 5-series,2004,2.2,petrol,manual,rear,4000000.0,1200000,новосибирск
bmw 5-series,2020,2.0,diesel,automatic,rear,690000.0,3590000,владивосток
bmw x5,2004,3.0,petrol,automatic,awd,2930000.0,900000,краснодар
bmw 7-series,2012,4.4,petrol,automatic,awd,1320000.0,2100000,иркутск
bmw x5,2017,3.0,diesel,automatic,awd,985000.0,5250000,барнаул
bmw 5-series,2004,2.5,petrol,automatic,rear,1557410.0,670000,хабаровск
bmw 1-series,2018,1.5,petrol,automatic,rear,910000.0,1390000,новосибирск
bmw x5,2005,4.4,petrol,automatic,awd,1950000.0,1025000,новосибирск
bmw x5,2005,3.0,petrol,automatic,awd,2230000.0,1150000,новосибирск
bmw 3-series,2019,2.0,diesel,automatic,awd,1053000.0,3299999,красноярск
bmw x6,2021,4.4,petrol,automatic,awd,650000.0,10150000,санкт-петербург
bmw x1,2023,2.0,petrol,robot,awd,190000.0,5350000,хабаровск
bmw x5,2019,3.0,diesel,automatic,awd,1490000.0,5700000,санкт-петербург
bmw 2-series,2019,1.5,petrol,robot,front,1254250.0,2110000,владивосток
bmw 5-series,2019,3.0,diesel,automatic,awd,390000.0,5500000,омск
bmw 5-series,2020,2.0,petrol,automatic,rear,560000.0,4900000,владивосток
bmw 5-series,2013,3.0,diesel,automatic,awd,2120000.0,1890000,красноярск
bmw 5-series,1990,2.5,petrol,manual,rear,4500000.0,350000,саянск
bmw x5,2021,3.0,diesel,automatic,awd,648450.0,9400000,москва
bmw 5-series,2014,2.0,petrol,automatic,rear,2074320.0,1660000,москва
bmw x6,2020,3.0,diesel,automatic,awd,824090.0,8900000,москва
bmw x7,2020,3.0,hybrid,automatic,awd,1980000.0,6200000,сочи
bmw 1-series,2012,1.6,petrol,automatic,rear,2100000.0,1185000,екатеринбург
bmw x5,2015,3.0,petrol,automatic,awd,1375000.0,3000000,новосибирск
bmw x1,2023,1.5,petrol,robot,front,230000.0,3100000,китай→владивосток
bmw x3,2021,2.0,diesel,automatic,awd,545000.0,4900000,москва
bmw 1-series,2018,1.5,petrol,automatic,rear,980000.0,2290000,краснодар
bmw 5-series,1998,2.8,petrol,manual,rear,5000000.0,750000,чита
bmw 5-series,2012,3.0,diesel,automatic,awd,2730000.0,1650000,санкт-петербург
bmw 1-series,2011,1.6,petrol,automatic,rear,2580000.0,780000,новосибирск
bmw x1,2012,2.0,petrol,automatic,awd,2375160.0,1134000,тюмень
bmw x1,2017,2.0,petrol,automatic,awd,890000.0,2510000,владивосток
bmw 5-series,2012,2.0,petrol,automatic,rear,1790000.0,1550000,ростов-на-дону
bmw 1-series,2021,2.0,petrol,automatic,awd,230000.0,3450000,владивосток
bmw x5,2016,3.0,diesel,automatic,awd,1400470.0,3700000,иркутск
bmw 5-series,2019,2.0,diesel,automatic,awd,1697000.0,2790000,москва
bmw x1,2017,1.5,petrol,automatic,front,533000.0,2000000,чита
bmw 5-series,2020,3.0,petrol,automatic,awd,500000.0,7000000,владивосток
bmw x6,2015,3.0,diesel,automatic,awd,1800000.0,3250000,тольятти
bmw 5-series,2013,2.0,petrol,automatic,awd,1025000.0,2460000,новосибирск
bmw 3-series,2002,2.0,petrol,automatic,rear,1100000.0,700000,новосибирск
bmw 3-series,2006,2.0,petrol,automatic,rear,1400000.0,310000,владивосток
bmw 5-series,1999,2.5,petrol,automatic,rear,3345000.0,750000,калининград
bmw x5,2021,3.0,petrol,automatic,awd,1300000.0,6700000,самара
bmw 5-series,2018,2.0,diesel,automatic,rear,2498540.0,2500000,севастополь
bmw x6,2016,3.0,petrol,automatic,awd,1130000.0,3200000,благовещенск
bmw 5-series,2021,2.0,diesel,automatic,awd,1380000.0,5000000,екатеринбург
bmw x4,2016,2.0,petrol,automatic,awd,1430000.0,2650000,санкт-петербург
bmw x3,2018,2.0,diesel,automatic,awd,910000.0,3950000,владивосток
bmw 5-series,2013,3.0,diesel,automatic,awd,2090000.0,2499000,тюмень
bmw 5-series,2013,2.0,petrol,automatic,rear,2155350.0,1817000,красноярск
bmw x2,2018,1.5,petrol,robot,front,189000.0,2097000,красноярск
bmw 5-series,2021,2.0,hybrid,automatic,rear,770000.0,4897000,красноярск
bmw 1-series,2004,2.0,petrol,automatic,rear,2500000.0,750000,краснодар
bmw 4-series,2021,3.0,hybrid,automatic,awd,259150.0,7980000,москва
bmw 5-series,2010,3.0,diesel,automatic,rear,1743100.0,2250000,москва
bmw 5-series gran turismo,2012,3.0,petrol,automatic,awd,1430000.0,1850000,сочи
bmw 5-series,2010,3.0,petrol,automatic,rear,1770000.0,1800000,тюмень
bmw 5-series,2012,2.0,petrol,automatic,rear,2340000.0,1499000,красноярск
bmw x5,2014,3.0,petrol,automatic,awd,2500500.0,2450000,омск
bmw 3-series,1984,2.0,petrol,manual,rear,3044140.0,120000,сочи
bmw x5,2025,3.0,diesel,automatic,awd,100.0,15090000,москва
bmw 5-series,2005,3.0,petrol,automatic,rear,2500000.0,739990,новосибирск
bmw 5-series,2009,2.5,petrol,automatic,rear,4831880.0,1289000,волгоград
bmw 5-series,2017,2.0,diesel,automatic,awd,753000.0,3345000,красноярск
bmw x3,2004,2.5,petrol,automatic,awd,2550000.0,780000,томск
bmw x6,2018,3.0,diesel,automatic,awd,1331220.0,5290000,новосибирск
bmw x6,2015,3.0,diesel,automatic,awd,992500.0,3990000,ростов-на-дону
bmw 5-series,2013,2.0,petrol,automatic,awd,1340000.0,2100000,химки
bmw x6,2011,3.0,petrol,automatic,awd,1950000.0,1750000,хабаровск
bmw 5-series,2020,2.0,petrol,automatic,rear,1300000.0,3750000,краснодар
bmw 1-series,2012,1.6,petrol,manual,rear,1940000.0,1400000,уфа
bmw x6,2015,3.0,diesel,automatic,awd,1380000.0,3499000,кемерово
bmw x5,2009,3.0,diesel,automatic,awd,3110000.0,1900000,подольск
bmw xm,2023,4.4,hybrid,automatic,awd,350000.0,16000000,иркутск
bmw 3-series,2009,2.0,petrol,automatic,rear,860000.0,1249000,иркутск
bmw 1-series,2017,1.5,petrol,automatic,rear,838820.0,1962000,ставрополь
bmw x6,2016,3.0,diesel,automatic,awd,1305300.0,3849000,ставрополь
bmw m5,2022,4.4,petrol,automatic,awd,220000.0,15000000,барнаул
bmw 5-series,2014,2.0,petrol,automatic,awd,2600000.0,2250000,бийск
bmw x6,2009,3.0,petrol,automatic,awd,2250000.0,1350000,ногинск
bmw x5,2011,3.0,diesel,automatic,awd,2490000.0,1999000,санкт-петербург
bmw 5-series,2010,2.5,petrol,automatic,rear,2540000.0,1450000,новосибирск
bmw x5,2020,3.0,diesel,automatic,awd,1050390.0,6299000,калининград
bmw 3-series,2011,2.0,petrol,automatic,rear,2317900.0,1200000,москва
bmw 3-series,2000,2.0,petrol,manual,rear,4000000.0,390000,москва
bmw 1-series,2010,1.6,petrol,automatic,rear,1760000.0,750000,апшеронск
bmw 5-series,2011,3.0,petrol,automatic,rear,3080000.0,1650000,иркутск
bmw 7-series,2015,4.4,petrol,automatic,awd,1640540.0,3980000,краснодар
bmw 3-series,2019,2.0,diesel,automatic,rear,468780.0,4280000,краснодар
bmw x5,2019,3.0,diesel,automatic,awd,1448350.0,5444000,краснодар
bmw 3-series,2012,2.0,petrol,automatic,rear,1953200.0,1765000,краснодар
bmw 5-series,2002,2.2,petrol,automatic,rear,2540000.0,770000,тюмень
bmw 1-series,2011,2.0,petrol,automatic,rear,1860000.0,1200000,самара
bmw x5,2008,3.0,diesel,automatic,awd,2250000.0,1599999,москва
bmw m4,2021,3.0,petrol,automatic,awd,373500.0,9500000,симферополь
bmw 5-series,2024,2.0,petrol,automatic,awd,159000.0,8200000,симферополь
bmw x5,2020,3.0,diesel,automatic,awd,640000.0,8100000,симферополь
bmw x6,2024,3.0,petrol,automatic,awd,100.0,12999000,нягань
bmw x2,2018,2.0,petrol,automatic,awd,975000.0,2190000,владивосток
bmw 3-series,2013,2.0,diesel,automatic,awd,1890000.0,2350000,брянск
bmw 1-series,2011,1.6,petrol,automatic,rear,2885000.0,665000,екатеринбург
bmw x5,2008,3.0,petrol,automatic,awd,1857580.0,1399000,ярославль
bmw x5,2020,3.0,diesel,automatic,awd,460000.0,6850000,владивосток
bmw x7,2021,3.0,hybrid,automatic,awd,1050000.0,6780000,санкт-петербург
bmw 3-series,2022,2.0,petrol,automatic,rear,490000.0,3230000,китай→владивосток
bmw x5,2007,4.8,petrol,automatic,awd,2150.0,1850000,молодежный
bmw x6,2023,3.0,diesel,automatic,awd,360000.0,11000000,омск
bmw 6-series,2007,3.0,petrol,automatic,rear,3160000.0,1080000,жаворонки
bmw x5,2002,3.0,petrol,manual,awd,2287000.0,1100000,шелехов
bmw 7-series,1992,3.0,petrol,manual,rear,2000000.0,190000,краснодар
bmw x3,2005,3.0,petrol,automatic,awd,3070550.0,670000,екатеринбург
bmw 4-series,2015,3.0,petrol,automatic,awd,1800000.0,2650000,санкт-петербург
bmw x1,2013,2.0,petrol,automatic,awd,2374320.0,1560000,воронеж
bmw 3-series,2016,1.5,petrol,automatic,rear,917910.0,1489999,кемерово
bmw 6-series,2007,3.0,petrol,automatic,rear,1700000.0,1000000,волгоград
bmw x4,2021,2.0,petrol,automatic,awd,1096500.0,4870000,ростов-на-дону
bmw 5-series,2006,2.5,petrol,automatic,rear,2000000.0,1100000,омск
bmw 3-series,2010,2.0,petrol,automatic,rear,1606480.0,1350000,краснодар
bmw x5,2013,3.0,diesel,automatic,awd,2490000.0,2649000,кемерово
bmw 1-series,2012,1.6,petrol,automatic,rear,2930000.0,990000,симферополь
bmw 5-series,1998,2.0,petrol,manual,rear,3800000.0,420000,клин
bmw 3-series,2003,2.5,petrol,automatic,rear,1200000.0,650000,иркутск
bmw 3-series,2007,2.0,petrol,automatic,rear,1300000.0,890000,новокузнецк
bmw x1,2016,2.0,petrol,automatic,awd,1670000.0,1887000,новокузнецк
bmw 2-series,2020,1.5,petrol,robot,front,363800.0,2050000,владивосток
bmw 3-series,2008,2.5,petrol,automatic,rear,3000000.0,950000,карталы
bmw x6,2021,3.0,petrol,automatic,awd,448000.0,9490000,новосибирск
bmw x4,2024,2.0,petrol,automatic,awd,192100.0,6500000,новосибирск
bmw x1,2018,1.5,petrol,robot,front,747330.0,2299000,яблоновский
bmw 5-series,2020,2.0,petrol,automatic,rear,868890.0,4599000,яблоновский
bmw x6,2015,3.0,diesel,automatic,awd,1992000.0,3290000,екатеринбург
bmw 3-series,2014,1.6,petrol,automatic,rear,1343520.0,1400000,краснодар
bmw x3,2012,3.0,diesel,automatic,awd,1400000.0,1800000,барнаул
bmw x5,2010,3.0,petrol,automatic,awd,2231640.0,1775000,красноярск
bmw 3-series,2012,2.0,petrol,automatic,rear,2400000.0,2100000,тюмень
bmw 7-series,2019,3.0,diesel,automatic,awd,781000.0,5300000,иркутск
bmw m5,2024,4.4,hybrid,automatic,awd,60000.0,18500000,иркутск
bmw 5-series,2020,2.0,petrol,automatic,rear,1030000.0,4350000,хабаровск
bmw 3-series,2019,2.0,diesel,automatic,rear,1400000.0,1821000,санкт-петербург
bmw 1-series,2012,1.6,petrol,automatic,rear,1668900.0,970000,красноярск
bmw x5,2007,3.0,diesel,automatic,awd,3971390.0,1400000,воронеж
bmw 5-series,2013,2.0,diesel,automatic,awd,2238960.0,1743000,москва
bmw x3,2013,2.0,petrol,automatic,awd,2223880.0,1980000,екатеринбург
bmw 3-series,1992,1.6,petrol,manual,rear,3000000.0,190000,тюмень
bmw x3,2012,2.0,petrol,automatic,awd,1390000.0,2090000,сургут
bmw 5-series,1995,2.5,diesel,manual,rear,4900000.0,550000,евпатория
bmw x5,2019,3.0,diesel,automatic,awd,1150000.0,5850000,краснодар
bmw 3-series,2020,2.0,diesel,automatic,awd,2135630.0,3300000,иркутск
bmw 5-series,2017,2.0,diesel,automatic,rear,970000.0,3199000,красноярск
bmw 1-series,2010,1.6,petrol,automatic,rear,1379370.0,880000,кемерово
bmw 7-series,2019,3.0,diesel,automatic,awd,1115810.0,5690000,москва
bmw x7,2022,3.0,hybrid,automatic,awd,615870.0,11900000,москва
bmw 1-series,2010,1.6,petrol,automatic,rear,2025000.0,750000,санкт-петербург
bmw x5,2006,4.4,petrol,automatic,awd,2770000.0,1000000,североуральск
bmw 2-series gran tourer,2016,1.5,petrol,automatic,front,1165000.0,1300000,владивосток
bmw 5-series,2019,2.0,diesel,automatic,awd,1000000.0,4300000,хабаровск
bmw 5-series,2021,2.0,diesel,automatic,awd,1583310.0,4390000,симферополь
bmw 5-series,2005,3.0,petrol,automatic,rear,1200000.0,2560000,миллерово
bmw x4,2019,2.0,diesel,automatic,awd,550000.0,4250000,хабаровск
bmw 3-series,2016,1.5,petrol,automatic,rear,2200000.0,1450000,бахчисарай
bmw x3,2018,2.0,diesel,automatic,awd,986660.0,4236000,москва
bmw 3-series,2017,2.0,diesel,automatic,awd,2150.0,2900000,кемерово
bmw 3-series,2008,2.5,petrol,automatic,awd,2130.0,585000,челябинск
bmw 3-series,2006,2.5,petrol,automatic,rear,3500000.0,470000,москва
bmw x3,2019,2.0,diesel,automatic,awd,1800000.0,3550000,москва
bmw 5-series,1999,2.5,petrol,automatic,rear,3888480.0,450000,пермь
bmw 1-series,2012,1.6,petrol,automatic,rear,2740000.0,1200000,тольятти
bmw x6,2021,3.0,diesel,automatic,awd,740000.0,7300000,краснодар
bmw x5,2003,4.6,petrol,automatic,awd,2500000.0,500000,дигора
bmw x1,2011,2.0,petrol,automatic,rear,1440000.0,1300000,моздок
bmw 5-series,2004,3.0,petrol,automatic,rear,2229990.0,1000099,прокопьевск
bmw x6,2019,3.0,diesel,automatic,awd,1750190.0,4470000,москва
bmw x5,2002,4.4,petrol,automatic,awd,1800000.0,500000,улан-удэ
bmw 5-series,2012,2.0,petrol,automatic,rear,1732000.0,2000000,томск
bmw x4,2019,2.0,petrol,automatic,awd,550000.0,4550000,владивосток
bmw x5,2010,3.0,petrol,automatic,awd,1910450.0,1899000,сургут
bmw 3-series,2012,2.0,petrol,automatic,rear,2290000.0,1699000,михайловск
bmw 7-series,2010,4.4,petrol,automatic,awd,2350000.0,2000000,москва
bmw 3-series,2011,2.0,petrol,automatic,rear,2700000.0,1900000,москва
bmw 1-series,2013,1.6,petrol,automatic,rear,1111110.0,1250000,ангарск
bmw x5,2014,3.0,petrol,automatic,awd,2200500.0,2495000,санкт-петербург
bmw 5-series,1999,2.0,petrol,manual,rear,3600000.0,650000,мариинск
bmw 5-series,2017,2.0,diesel,automatic,rear,2120000.0,2350000,санкт-петербург
bmw 2-series active tourer,2015,1.5,petrol,automatic,front,812730.0,1245000,иркутск
bmw x1,2012,2.0,diesel,automatic,awd,2245000.0,1299000,уфа
bmw x3,2013,3.0,diesel,automatic,awd,2000000.0,2150000,москва
bmw 5-series,2021,2.0,petrol,automatic,rear,788000.0,4300000,москва
bmw x4,2018,2.0,petrol,automatic,awd,2122000.0,3420000,курган
bmw 5-series,1998,2.8,petrol,automatic,rear,2800000.0,320000,беслан
bmw 5-series,2012,2.0,diesel,automatic,awd,1640000.0,1930000,челябинск
bmw 7-series,2002,4.4,petrol,automatic,rear,2990000.0,550000,ульяновск
bmw 3-series,2016,2.0,petrol,automatic,rear,1950000.0,1790000,москва
bmw x5,2020,3.0,diesel,automatic,awd,796120.0,9900000,тюмень
bmw x6,2016,3.0,diesel,automatic,awd,1413720.0,3000000,иркутск
bmw x6,2019,3.0,diesel,automatic,awd,1990000.0,4999999,санкт-петербург
bmw 3-series,2013,2.0,diesel,automatic,awd,1850000.0,1820000,екатеринбург
bmw x1,2019,1.5,petrol,robot,front,729000.0,1969000,иркутск
bmw 1-series,2010,1.6,petrol,automatic,rear,1652230.0,829900,уфа
bmw x5,2012,3.0,diesel,automatic,awd,1500000.0,2500000,пенза
bmw x3,2023,2.0,petrol,automatic,awd,377310.0,5597000,красноярск
bmw 7-series,2016,3.0,diesel,automatic,awd,1800000.0,3000000,москва
bmw x5,2009,3.0,petrol,automatic,awd,1966450.0,1627000,барнаул
bmw 3-series,2011,2.0,petrol,automatic,rear,1732000.0,900000,москва
bmw 5-series,2010,2.5,petrol,automatic,rear,2330000.0,1690000,красноярск
bmw 3-series,2016,1.5,petrol,automatic,rear,990000.0,1650000,челябинск
bmw 3-series,2007,2.0,petrol,automatic,rear,2870000.0,670000,екатеринбург
bmw 1-series,2009,1.6,petrol,automatic,rear,1340000.0,849000,сургут
bmw 7-series,2019,3.0,diesel,automatic,awd,768900.0,5650000,москва
bmw 3-series,2007,2.5,petrol,automatic,rear,2900000.0,1100000,тюмень
bmw 5-series,2020,2.0,petrol,automatic,awd,860890.0,4048000,волгоград
bmw x5,2011,4.4,petrol,automatic,awd,2430000.0,2500000,красноярск
bmw 5-series,2012,2.0,diesel,automatic,awd,3208960.0,1270000,новосибирск
bmw x5,2009,3.0,diesel,automatic,awd,3580000.0,1780000,челябинск
bmw 7-series,1998,2.8,petrol,automatic,rear,2990000.0,499000,тюмень
bmw 7-series,2012,3.0,petrol,automatic,awd,2470000.0,2500000,барнаул
bmw x7,2022,3.0,hybrid,automatic,awd,590000.0,12500000,иркутск
bmw x5,2015,3.0,diesel,automatic,awd,2051780.0,3600000,ильинское
bmw 3-series,2013,2.0,petrol,automatic,rear,1340000.0,1800000,тюмень
bmw 7-series,2004,4.4,petrol,automatic,rear,3330000.0,750000,владикавказ
bmw 3-series,2021,2.0,diesel,automatic,awd,350000.0,3330000,владивосток
bmw 5-series,2007,3.0,petrol,automatic,awd,2480000.0,1170000,екатеринбург
bmw 5-series,2011,2.5,petrol,automatic,rear,1650000.0,2100000,рубцовск
bmw 1-series,2022,1.5,petrol,robot,front,400000.0,1590000,китай→владивосток
bmw x5,2024,3.0,petrol,automatic,awd,150000.0,13200000,москва
bmw 3-series,2008,2.5,petrol,automatic,rear,2800000.0,900000,кыштым
bmw 1-series,2009,1.6,petrol,automatic,rear,2198110.0,718000,хабаровск
bmw x5,2022,3.0,diesel,automatic,awd,285000.0,11500000,набережные челны
bmw x5,2019,3.0,diesel,automatic,awd,1500000.0,6450000,иваново
bmw x3,2013,2.0,petrol,automatic,awd,2160000.0,2125000,чебоксары
bmw x5,2007,3.0,petrol,automatic,awd,1910000.0,1300000,кемерово
bmw x4,2021,3.0,diesel,automatic,awd,1225000.0,5050000,москва
bmw 7-series,2001,4.4,petrol,automatic,rear,3560000.0,700000,шилка
bmw 3-series,2019,2.0,diesel,automatic,rear,1209350.0,2899000,тюмень
bmw x1,2014,2.0,petrol,automatic,rear,1475380.0,1429000,тюмень
bmw 3-series,2016,1.5,petrol,automatic,rear,820000.0,1750000,владивосток
bmw x5,2002,3.0,petrol,automatic,awd,2600000.0,800000,магнитогорск
bmw x4,2015,2.0,petrol,automatic,awd,1541170.0,2639000,уфа
bmw 3-series,2014,2.0,petrol,automatic,rear,2225000.0,1775000,москва
bmw x3,2023,2.0,petrol,automatic,awd,520000.0,5250000,ростов-на-дону
bmw x5,2020,3.0,petrol,automatic,awd,750000.0,6900000,пятигорск
bmw 6-series gran turismo,2018,2.0,diesel,automatic,awd,1300000.0,3700000,санкт-петербург
bmw x5,2001,4.4,petrol,automatic,awd,3500000.0,750000,пронск
bmw 5-series,2010,3.0,petrol,automatic,rear,2682280.0,1300000,каспийск
bmw 3-series,2009,2.5,petrol,automatic,rear,1228000.0,1990000,краснодар
bmw 7-series,2002,3.6,petrol,automatic,rear,3300000.0,395000,москва
bmw 5-series,2017,3.0,diesel,automatic,awd,2168000.0,3650000,рязань
bmw x6,2015,3.0,diesel,automatic,awd,1375000.0,3950000,красноярск
bmw x5,2014,3.0,diesel,automatic,awd,710000.0,4150000,красноярск
bmw 5-series,2011,3.0,diesel,automatic,awd,2200000.0,1800000,новосибирск
bmw x3,2004,3.0,petrol,automatic,awd,3840000.0,775000,тогучин
bmw x3,2013,2.0,petrol,automatic,awd,1770000.0,2000000,тюмень
bmw x5,2001,3.0,petrol,automatic,awd,2000000.0,799000,новосибирск
bmw x7,2020,3.0,diesel,automatic,awd,1551580.0,6049888,нижний новгород
bmw 8-series,2019,3.0,diesel,automatic,awd,585060.0,7349000,санкт-петербург
bmw x5,2007,3.0,petrol,automatic,awd,2000.0,1300000,улан-удэ
bmw x6,2011,4.4,petrol,automatic,awd,1180000.0,1650000,хабаровск
bmw x3,2025,2.0,petrol,automatic,awd,270.0,7500000,москва
bmw 3-series,2014,1.6,petrol,automatic,rear,2850000.0,1199990,ростов-на-дону
bmw x5,2020,3.0,hybrid,automatic,awd,1435000.0,5900000,москва
bmw x3,2019,2.0,petrol,automatic,awd,952920.0,4527000,новосибирск
bmw x7,2020,3.0,hybrid,automatic,awd,1106750.0,9000000,пермь
bmw x5,2021,3.0,hybrid,automatic,awd,1120000.0,6150000,артём
bmw x7,2025,3.0,hybrid,automatic,awd,500.0,16250000,ростов-на-дону
bmw 3-series,1998,3.0,petrol,manual,rear,4500000.0,320000,омск
bmw x3,2015,2.0,diesel,automatic,awd,1780000.0,2145000,санкт-петербург
bmw x6,2009,3.0,petrol,automatic,awd,2700000.0,1600000,темрюк
bmw x1,2010,3.0,petrol,automatic,awd,2070000.0,1299000,сургут
bmw 4-series,2021,3.0,petrol,automatic,awd,700000.0,6600000,новосибирск
bmw 5-series,2004,2.2,petrol,automatic,rear,3100000.0,750000,юрьев-польский
bmw 5-series,2012,2.0,petrol,automatic,rear,949670.0,2135000,чебоксары
bmw 5-series,2015,2.0,petrol,automatic,rear,1930000.0,1950000,тольятти
bmw 1-series,2008,3.0,petrol,automatic,rear,2528000.0,1550000,симферополь
bmw x6,2016,3.0,diesel,automatic,awd,2720000.0,3300000,москва
bmw 3-series,2008,2.5,petrol,automatic,rear,2500000.0,830000,томск
bmw x5,2025,3.0,diesel,automatic,awd,63510.0,15895000,новосибирск
bmw x5,2014,3.0,diesel,automatic,awd,3010000.0,2690000,киров
bmw 5-series,2005,2.5,petrol,manual,rear,600000.0,987000,краснодар
bmw x5,2017,3.0,diesel,automatic,awd,1980000.0,3279000,москва
bmw x5,2001,4.4,petrol,automatic,awd,3500000.0,650000,пушкино
bmw 5-series,2020,2.0,diesel,automatic,awd,1311240.0,3699000,тюмень
bmw x3,2009,2.0,diesel,automatic,awd,3110000.0,575000,екатеринбург
bmw 3-series,2020,2.0,petrol,automatic,rear,1490000.0,3150000,грозный
bmw 3-series,2003,2.2,petrol,automatic,rear,2700000.0,590000,симферополь
bmw 3-series,2001,2.2,petrol,automatic,rear,3247000.0,590000,екатеринбург
bmw x6,2019,3.0,diesel,automatic,awd,1725920.0,4250000,москва
bmw 5-series,2019,3.0,petrol,automatic,rear,1170000.0,3850000,краснодар
bmw 3-series,2015,2.0,petrol,automatic,awd,2050000.0,1920000,калининград
bmw 7-series,1997,2.8,petrol,automatic,rear,2100000.0,470000,тюмень
bmw x3,2008,2.5,petrol,automatic,awd,3050000.0,1050000,томск
bmw 5-series,2018,2.0,petrol,automatic,rear,1590000.0,2550000,москва
bmw 3-series,2024,2.0,petrol,automatic,rear,699000.0,3000000,грозный
bmw x5,2007,3.0,petrol,automatic,awd,1000000.0,1850000,чита
bmw x2,2018,2.0,petrol,automatic,awd,901480.0,3200000,москва
bmw x4,2021,2.0,petrol,automatic,awd,550000.0,5700000,краснодар
bmw 5-series,1998,2.8,petrol,manual,rear,5970000.0,480000,нальчик
bmw x5,2017,3.0,petrol,automatic,awd,1550000.0,3370000,москва
bmw 3-series,2014,2.0,petrol,automatic,awd,1490000.0,2190000,симферополь
bmw 5-series,2013,3.0,diesel,automatic,awd,2204540.0,2280000,новосибирск
bmw 5-series,2008,2.5,petrol,automatic,rear,2362440.0,1350000,москва
bmw 1-series,2012,1.6,petrol,automatic,rear,2700000.0,800000,суходол
bmw 3-series,2005,2.0,petrol,manual,rear,4100000.0,860000,москва
bmw x5,2018,3.0,petrol,automatic,awd,858120.0,2371500,краснодар
bmw 5-series,2021,2.0,diesel,automatic,awd,600000.0,1500000,санкт-петербург
bmw x5,2007,3.0,petrol,automatic,awd,2280000.0,1350000,иркутск
bmw 3-series,2008,3.0,petrol,automatic,rear,50000.0,6490000,казань
bmw 5-series,2006,2.5,petrol,automatic,awd,2800000.0,1330000,евпатория
bmw 5-series,2020,2.0,petrol,automatic,rear,709820.0,4450000,москва
bmw x5,2006,3.0,petrol,automatic,awd,3200000.0,830000,краснодар
bmw x5,2021,3.0,diesel,automatic,awd,890000.0,8250000,омск
bmw 5-series,2021,2.0,diesel,automatic,awd,1486950.0,3988000,чебоксары
bmw 5-series,2006,3.0,petrol,automatic,awd,2890500.0,730000,москва
bmw 4-series,2025,2.0,petrol,automatic,rear,80000.0,5450000,гомель
bmw 5-series,2004,2.5,petrol,automatic,rear,3690000.0,700000,тольятти
bmw x6,2016,3.0,diesel,automatic,awd,1700000.0,3700000,мегет
bmw 5-series,1997,2.0,petrol,manual,rear,5000000.0,440000,москва
bmw 5-series,2010,2.5,petrol,automatic,rear,2619300.0,1199000,санкт-петербург
bmw 5-series,2017,2.0,diesel,automatic,awd,1920000.0,3350000,москва
bmw 7-series,2009,3.0,petrol,automatic,rear,1850000.0,1600000,красноярск
bmw 5-series,2016,3.0,diesel,automatic,awd,2100000.0,2600000,омск
bmw 3-series,2013,2.0,petrol,automatic,rear,2339200.0,1600000,москва
bmw 3-series,2005,2.5,petrol,automatic,rear,4280000.0,800000,уфа
bmw 3-series,2008,2.5,petrol,automatic,awd,1600000.0,980000,новосибирск
bmw x3,2025,2.0,petrol,automatic,awd,10.0,7250000,тюмень
bmw 3-series,2000,3.0,petrol,automatic,rear,99990.0,5140000,казань
bmw 1-series,2008,3.0,petrol,manual,rear,33330.0,4690000,казань
bmw x5,2014,3.0,petrol,automatic,awd,1686030.0,3200000,краснодар
bmw 3-series,2000,1.9,petrol,manual,rear,3860000.0,600000,прокопьевск
bmw x6,2015,3.0,diesel,automatic,awd,1679190.0,3550000,кемерово
bmw 3-series,2010,2.5,petrol,automatic,awd,1835970.0,1150000,новосибирск
bmw x3,2008,2.0,diesel,automatic,awd,1560000.0,950000,хабаровск
bmw x6,2018,3.0,diesel,automatic,awd,2900000.0,3200000,троицк
bmw x5,2007,3.0,petrol,automatic,awd,2600000.0,1420000,москва
bmw 3-series,2011,2.0,petrol,automatic,rear,2410000.0,1098000,новосибирск
bmw 3-series,2003,2.0,petrol,automatic,rear,1180100.0,830000,новосибирск
bmw x2,2019,2.0,diesel,automatic,awd,1077720.0,2570000,новосибирск
bmw x3,2009,2.0,diesel,automatic,awd,2390000.0,1119000,новосибирск
bmw 3-series,2013,2.0,diesel,automatic,awd,1218560.0,1900000,новосибирск
bmw 5-series,2016,2.0,diesel,automatic,awd,1840000.0,3598000,новосибирск
bmw x6,2009,4.4,petrol,automatic,awd,2450000.0,1600000,чита
bmw x4,2024,2.0,petrol,automatic,awd,260000.0,7000000,москва
bmw x6,2019,4.4,petrol,automatic,awd,970000.0,7900000,воронеж
bmw x5,2014,3.0,petrol,automatic,awd,1800000.0,3400000,краснодар
bmw x3,2008,2.5,petrol,automatic,awd,1840000.0,1200000,красноярск
bmw 7-series,2015,3.0,petrol,automatic,awd,1748130.0,2320000,уфа
bmw x6,2025,3.0,diesel,automatic,awd,79000.0,15450000,новосибирск
bmw x5,2017,3.0,diesel,automatic,awd,1689000.0,4049999,новосибирск
bmw x4,2019,2.0,diesel,automatic,awd,1040000.0,1890000,краснодар
bmw 5-series,2000,2.5,diesel,manual,rear,2000000.0,349000,кемерово
bmw x6,2015,3.0,diesel,automatic,awd,2170000.0,3250000,челябинск
bmw 3-series,2011,2.0,petrol,automatic,rear,1476000.0,1295000,феодосия
bmw 5-series,2000,2.5,diesel,manual,rear,2600000.0,240000,новосибирск
bmw 5-series,2018,2.0,diesel,automatic,awd,1070000.0,3500000,москва
bmw 7-series,2010,6.0,petrol,automatic,rear,1900000.0,1850000,сочи
bmw 3-series,2015,2.0,petrol,automatic,rear,1400000.0,2299999,новосибирск
bmw x5,2021,4.4,petrol,automatic,awd,1132190.0,8700000,тверь
bmw 3-series gran turismo,2020,2.0,diesel,automatic,awd,1425000.0,2470000,омск
bmw x3,2020,2.0,petrol,automatic,awd,452390.0,5000000,барнаул
bmw 3-series,2011,2.0,petrol,automatic,rear,2160000.0,1150000,большой исток
bmw x6,2010,3.0,petrol,automatic,awd,2250000.0,1520000,белово
bmw 5-series,1994,2.5,petrol,automatic,rear,2000000.0,127000,чита
bmw 1-series,2017,1.5,petrol,automatic,rear,785670.0,1899000,екатеринбург
bmw 2-series active tourer,2017,1.5,petrol,automatic,front,495000.0,1475000,нижняя тура
bmw 7-series,2004,3.0,diesel,automatic,rear,2080000.0,1500000,лангепас
bmw 3-series,2014,1.6,petrol,automatic,rear,1850000.0,1495000,симферополь
bmw x3,2019,2.0,diesel,automatic,awd,1680000.0,3600000,шахты
bmw 5-series,2020,2.0,diesel,automatic,awd,2440000.0,3250000,москва
bmw x3,2015,2.0,petrol,automatic,awd,2380000.0,2050000,надым
bmw 7-series,2001,3.6,petrol,automatic,rear,3300000.0,650000,краснодар
bmw 5-series,2004,2.5,diesel,automatic,rear,4200000.0,1250000,калининград
bmw x5,2016,2.0,diesel,automatic,awd,1980000.0,3720000,стерлитамак
bmw x1,2012,2.0,petrol,automatic,awd,2600000.0,1490000,тюмень
bmw 7-series,2001,3.6,petrol,automatic,rear,1500000.0,385000,москва
bmw 5-series,1999,2.0,petrol,automatic,rear,5400000.0,530000,новосибирск
bmw 5-series,2008,2.5,petrol,automatic,rear,2720000.0,1249999,сургут
bmw 1-series,2011,1.6,petrol,automatic,rear,1685600.0,900000,пушкино
bmw x1,2025,2.0,petrol,robot,awd,30000.0,5150000,симферополь
bmw 3-series,2011,2.0,petrol,automatic,rear,2147000.0,1020000,уфа
bmw 5-series,2016,2.0,diesel,automatic,awd,1800000.0,2350000,иваново
bmw 2-series,2020,1.5,petrol,robot,front,460000.0,1500000,владивосток
bmw 3-series,2012,2.5,petrol,automatic,rear,1433130.0,1549000,москва
bmw 3-series,1999,2.0,petrol,manual,rear,2000000.0,870000,омск
bmw 3-series,2006,2.0,petrol,automatic,rear,2750000.0,950000,иркутск
bmw 3-series,2012,2.0,petrol,automatic,rear,1671560.0,1619000,сургут
bmw 3-series,2020,2.0,petrol,automatic,awd,290000.0,4500000,москва
bmw x3,2012,2.0,petrol,automatic,awd,1800000.0,2450000,челябинск
bmw x5,2013,3.0,diesel,automatic,awd,2430000.0,1750000,калининград
bmw x5,2014,3.0,diesel,automatic,awd,1370000.0,3000000,иркутск
bmw x3,2015,2.0,petrol,automatic,awd,1831530.0,2200000,екатеринбург
bmw 3-series,1999,1.9,petrol,automatic,rear,4300000.0,450000,верх-суетка
bmw 3-series,2021,2.0,diesel,automatic,awd,270000.0,5600000,йошкар-ола
bmw 3-series,2020,2.0,diesel,automatic,awd,680000.0,3850000,красноярск
bmw 3-series,2021,2.0,diesel,automatic,awd,1303000.0,3730000,воронеж
bmw x5,2024,3.0,petrol,automatic,awd,76000.0,15100000,владикавказ
bmw 5-series,2019,2.0,petrol,automatic,rear,1130000.0,3600000,благовещенск
bmw 5-series,2004,4.4,petrol,automatic,rear,2850000.0,720000,ростов-на-дону
bmw 3-series,2009,2.5,petrol,automatic,awd,2020000.0,1400000,москва
bmw x3,2024,2.0,petrol,automatic,awd,217980.0,6278000,краснодар
bmw 3-series,2021,2.0,diesel,automatic,awd,1250000.0,3250000,москва
bmw x3,2013,2.0,petrol,automatic,awd,1213000.0,1900000,москва
bmw 1-series,2011,1.6,petrol,automatic,rear,3435000.0,739000,челябинск
bmw 7-series,2010,3.0,diesel,automatic,rear,2990000.0,2100000,сергиев посад
bmw 1-series,2012,1.6,petrol,automatic,rear,1660000.0,1100000,железнодорожный
bmw x7,2025,4.4,hybrid,automatic,awd,12500.0,18890000,москва
bmw x7,2022,3.0,hybrid,automatic,awd,850540.0,10990000,москва
bmw x7,2022,3.0,hybrid,automatic,awd,157680.0,12390000,москва
bmw x7,2022,3.0,hybrid,automatic,awd,404980.0,11990000,москва
bmw x5,2004,4.4,petrol,automatic,awd,3000000.0,1000000,талинка
bmw x5,2016,3.0,diesel,automatic,awd,1140000.0,3700000,москва
bmw 5-series,2010,2.5,petrol,automatic,rear,2730000.0,1610000,тула
bmw 3-series,2013,1.6,petrol,automatic,rear,2080000.0,1470000,минеральные воды
bmw x6,2010,4.4,petrol,automatic,awd,1236000.0,1700000,барнаул
bmw 3-series,2017,1.5,petrol,automatic,rear,368000.0,1999999,барнаул
bmw x7,2019,3.0,diesel,automatic,awd,650000.0,9000000,новосибирск
bmw 5-series,2020,3.0,petrol,automatic,rear,650000.0,5600000,симферополь
bmw 3-series,2001,2.2,petrol,automatic,rear,2222220.0,320000,санкт-петербург
bmw 1-series,2013,1.6,petrol,automatic,rear,1230000.0,1250000,санкт-петербург
bmw x5,2001,4.4,petrol,automatic,awd,2860000.0,1000000,асино
bmw 6-series,2003,4.4,petrol,automatic,rear,2200000.0,1000000,бердск
bmw x3,2006,3.0,diesel,automatic,awd,100000.0,560000,москва
bmw 3-series,2020,2.0,petrol,automatic,rear,800000.0,4000000,чебоксары
bmw 1-series,2015,1.5,petrol,automatic,rear,1312500.0,1300000,томск
bmw x1,2013,2.0,petrol,automatic,awd,1820000.0,1350000,уфа
bmw x3,2021,2.0,diesel,automatic,awd,670000.0,4850000,кыштым
bmw 5-series,2019,3.0,diesel,automatic,awd,1402800.0,4400000,казань
bmw x3,2014,2.0,petrol,automatic,awd,1922970.0,1850000,екатеринбург
bmw 5-series,2011,2.5,petrol,automatic,rear,1810000.0,1690000,москва
bmw xm,2023,4.4,hybrid,automatic,awd,293700.0,20600000,новосибирск
bmw x7,2025,3.0,hybrid,automatic,awd,49970.0,17595000,новосибирск
bmw x3,2021,2.0,diesel,automatic,awd,625120.0,4890000,новосибирск
bmw x6,2020,4.4,petrol,automatic,awd,400000.0,13000000,новосибирск
bmw 3-series,2021,2.0,diesel,automatic,awd,810000.0,4400000,краснодар
bmw x7,2020,3.0,hybrid,automatic,awd,1174850.0,7890000,краснодар
bmw x5,2020,3.0,diesel,automatic,awd,918610.0,7949000,тюмень
bmw x5,2005,3.0,diesel,automatic,awd,3300000.0,1500000,дмитров
bmw 5-series,2008,3.0,petrol,automatic,awd,2229150.0,1124000,тюмень
bmw 7-series,2018,3.0,petrol,automatic,awd,1194240.0,3999000,тюмень
bmw 4-series,2017,2.0,diesel,automatic,rear,1537450.0,2849000,тюмень
bmw 5-series,2015,2.0,petrol,automatic,awd,1476170.0,2399000,тюмень
bmw 3-series gran turismo,2014,2.0,petrol,automatic,awd,1775000.0,1984000,тюмень
bmw 8-series,2020,3.0,diesel,automatic,awd,523500.0,7995000,новосибирск
bmw x3,2013,2.0,petrol,automatic,awd,1860000.0,1630000,томск
bmw x3,2013,2.0,petrol,automatic,awd,1230000.0,1900000,рыбинск
bmw 5-series,2019,3.0,diesel,automatic,awd,1500000.0,4690000,симферополь
bmw x5,2009,3.0,petrol,automatic,awd,2860000.0,1230000,вологда
bmw x5,2005,4.4,petrol,automatic,awd,2420000.0,1500000,сургут
bmw x3,2015,2.0,petrol,automatic,awd,1210410.0,2630000,набережные челны
bmw 7-series,1997,2.8,petrol,automatic,rear,1970000.0,785000,краснодар
bmw 4-series,2014,2.0,petrol,automatic,rear,2279660.0,1979000,сургут
bmw 1-series,2013,1.6,petrol,automatic,rear,2107980.0,959000,сургут
bmw 5-series,2013,2.0,petrol,automatic,rear,2110000.0,1550000,москва
bmw 5-series,2007,2.5,petrol,automatic,rear,3549370.0,990000,кореновск
bmw x1,2018,1.5,petrol,robot,front,645570.0,2000000,хабаровск
bmw 3-series,2013,2.0,diesel,automatic,awd,810000.0,2380000,новосибирск
bmw 8-series,2019,3.0,diesel,automatic,awd,1477660.0,6290000,санкт-петербург
bmw 5-series,1998,2.0,petrol,automatic,rear,4350000.0,600000,воронеж
bmw x4,2018,2.0,petrol,automatic,awd,1070000.0,4199999,донецк
bmw x5,2014,3.0,petrol,automatic,awd,3300000.0,3000000,москва
bmw 3-series,2012,2.0,petrol,automatic,rear,2235620.0,1630000,новосибирск
bmw 3-series,2011,2.0,petrol,automatic,rear,3463340.0,790000,новосибирск
bmw x1,2014,2.0,diesel,automatic,awd,2924540.0,1195000,москва
bmw x3,2012,3.0,petrol,automatic,awd,900000.0,3250000,самара
bmw x3,2013,3.0,diesel,automatic,awd,2010000.0,2050000,томск
bmw 7-series,2016,2.0,hybrid,automatic,rear,490000.0,3350000,хабаровск
bmw x5,2021,3.0,petrol,automatic,awd,504690.0,8850000,иркутск
bmw 3-series,1995,1.8,petrol,manual,rear,1010000.0,150000,красноярск
bmw x5,2019,3.0,diesel,automatic,awd,660000.0,7100000,москва
bmw 5-series,2012,2.0,petrol,automatic,rear,2674000.0,1500000,кемерово
bmw x5,2007,3.0,petrol,automatic,awd,2078060.0,1250000,москва
bmw 5-series,2020,2.0,diesel,automatic,awd,1273120.0,3650000,санкт-петербург
bmw 3-series,2000,2.0,petrol,automatic,rear,2120000.0,600000,первомайский
bmw 1-series,2011,1.6,petrol,automatic,rear,2259000.0,1050000,славянск-на-кубани
bmw 3-series,2000,1.9,petrol,manual,rear,3250000.0,385000,краснодар
bmw 5-series,2014,3.0,diesel,automatic,awd,2059930.0,2890000,казань
bmw x5,2020,3.0,diesel,automatic,awd,1078290.0,7350000,москва
bmw x3,2024,2.0,petrol,automatic,awd,388190.0,6000000,москва
bmw 3-series,2016,2.0,hybrid,automatic,rear,920000.0,1835000,хабаровск
bmw x6,2010,3.0,diesel,automatic,awd,2872000.0,2600000,кемерово
bmw x5,2001,3.0,petrol,automatic,awd,2800000.0,865000,томск
bmw x5,2016,3.0,petrol,automatic,awd,1010000.0,3590000,иркутск
bmw 5-series,1997,2.0,petrol,manual,rear,3160000.0,235000,калининград
bmw 7-series,2000,2.8,petrol,automatic,rear,3000000.0,540001,тюмень
bmw 3-series,2017,1.5,petrol,automatic,rear,247000.0,1395000,япония→владивосток
bmw 3-series,2012,2.0,petrol,automatic,awd,2100000.0,1750000,екатеринбург
bmw 5-series,2021,2.0,diesel,automatic,awd,729680.0,4599000,екатеринбург
bmw 2-series,2020,2.0,petrol,automatic,awd,632090.0,4797000,воронеж
bmw 3-series,2000,1.9,petrol,automatic,rear,2000000.0,400000,нижнеудинск
bmw x5,2013,3.0,diesel,automatic,awd,2250000.0,2350000,иркутск
bmw x5,2020,3.0,diesel,automatic,awd,1180000.0,6750000,москва
bmw 5-series,2017,2.0,diesel,automatic,rear,720000.0,3800000,владивосток
bmw 4-series,2021,3.0,petrol,automatic,awd,638690.0,5680000,самара
bmw x1,2020,2.0,petrol,automatic,awd,760000.0,2350000,могилёв
bmw x5,2013,3.0,diesel,automatic,awd,2800000.0,2900000,челябинск
bmw x5,2004,3.0,petrol,automatic,awd,3160000.0,1045000,новосибирск
bmw 2-series gran tourer,2017,2.0,diesel,automatic,front,1850000.0,1730000,шахты
bmw x3,2012,2.0,petrol,automatic,awd,1085120.0,1614000,самара
bmw x6,2008,3.0,petrol,automatic,awd,2756080.0,1777000,барнаул
bmw x1,2011,2.0,petrol,automatic,awd,3200000.0,1333333,москва
bmw 5-series,2024,2.0,diesel,automatic,awd,358980.0,8490000,ижевск
bmw x5,2022,3.0,diesel,automatic,awd,250660.0,8800000,новосибирск
bmw x6,2013,4.4,petrol,automatic,awd,1710000.0,2150000,краснодар
bmw x5,2008,3.0,petrol,automatic,awd,3600000.0,1600000,москва
bmw 5-series,2020,2.0,diesel,automatic,rear,1925000.0,3730000,симферополь
bmw 2-series active tourer,2017,1.5,petrol,automatic,front,680000.0,1250000,большой камень
bmw 5-series,2019,2.0,petrol,automatic,rear,1990000.0,2950000,краснодар
bmw x1,2018,2.0,diesel,automatic,awd,914000.0,2550000,москва
bmw 5-series,2022,2.0,petrol,automatic,rear,440000.0,4999999,челябинск
bmw 4-series,2018,2.0,petrol,automatic,rear,950000.0,2500000,москва
bmw x6,2012,3.0,petrol,automatic,awd,2060000.0,2098900,самара
bmw 3-series,1998,1.9,petrol,manual,rear,2000000.0,350000,новокузнецк
bmw x3,2021,3.0,diesel,automatic,awd,719320.0,6000000,иркутск
bmw x5,2008,3.0,petrol,automatic,awd,3100000.0,1350000,самара
bmw 3-series,2018,2.0,petrol,automatic,rear,680000.0,2820000,пятигорск
bmw x3,2017,2.0,diesel,automatic,awd,1762780.0,2030000,хабаровск
bmw 5-series,2013,2.0,petrol,automatic,awd,3439070.0,1530000,екатеринбург
bmw 3-series,2022,2.0,petrol,automatic,rear,450000.0,3268000,минск
bmw x5,2002,3.0,petrol,automatic,awd,3330000.0,979000,оренбург
bmw x6,2009,3.0,petrol,automatic,awd,2200000.0,1580000,новосибирск
bmw x3,2021,2.0,petrol,automatic,awd,235000.0,4600000,москва
bmw x5,2007,3.0,petrol,automatic,awd,2246080.0,1300000,копейск
bmw 3-series,2017,2.0,petrol,automatic,awd,1619500.0,1570000,минск
bmw x1,2015,2.0,petrol,automatic,awd,1060000.0,2300000,москва
bmw 1-series,2019,1.5,petrol,robot,front,449000.0,2195000,санкт-петербург
bmw x4,2019,3.0,diesel,automatic,awd,1610000.0,4550000,санкт-петербург
bmw 5-series,2010,2.5,petrol,automatic,rear,3000000.0,1610000,зуя
bmw 3-series,1999,2.0,petrol,automatic,rear,3500000.0,317000,бийск
bmw 5-series,2011,3.0,petrol,automatic,awd,1900000.0,2500000,сургут
bmw 5-series,2018,2.0,petrol,automatic,rear,1300000.0,3100000,пушкино
bmw 3-series,2008,2.0,petrol,automatic,rear,3760000.0,790000,красноярск
bmw x5,2008,3.0,diesel,automatic,awd,2200000.0,2050000,новый уренгой
bmw 3-series,1999,2.5,petrol,manual,rear,3460000.0,610000,красноярск
bmw 7-series,2015,4.4,petrol,automatic,awd,1150000.0,4500000,москва
bmw x5,2004,4.8,petrol,automatic,awd,3950000.0,1850000,сочи
bmw 5-series,2004,2.5,petrol,automatic,rear,3800000.0,850000,советский
bmw x6,2013,3.0,petrol,automatic,awd,1640000.0,2500000,иркутск
bmw 1-series,2013,1.6,petrol,automatic,rear,1750000.0,1150000,тольятти
bmw 7-series,2025,3.0,hybrid,automatic,awd,193850.0,15300000,краснодар
bmw ix,2022,523.0,electric,automatic,awd,150000.0,9500000,омск
bmw x5,2011,3.0,diesel,automatic,awd,3102550.0,2250000,новосибирск
bmw 4-series,2013,2.0,diesel,automatic,rear,2295000.0,1799000,нижний новгород
bmw x6,2020,3.0,diesel,automatic,awd,784750.0,8300000,новосибирск
bmw 2-series active tourer,2019,1.5,petrol,robot,front,909000.0,1250000,владивосток
bmw 1-series,2005,2.0,petrol,automatic,rear,2685950.0,650000,новосибирск
bmw x7,2021,3.0,hybrid,automatic,awd,808050.0,7450000,новосибирск
bmw 3-series,2002,2.0,petrol,manual,rear,4080000.0,605000,снежинск
bmw x5,2025,3.0,diesel,automatic,awd,42000.0,16500000,новосибирск
bmw x7,2021,3.0,hybrid,automatic,awd,1260000.0,7095000,хабаровск
bmw x1,2023,2.0,hybrid,robot,awd,239000.0,4595000,хабаровск
bmw 5-series,2019,2.0,petrol,automatic,awd,1820000.0,3045000,челябинск
bmw 6-series,2013,4.4,petrol,automatic,awd,1860000.0,2500000,москва
bmw x5,2020,3.0,diesel,automatic,awd,810000.0,6990000,абакан
bmw x5,2013,3.0,diesel,automatic,awd,2120000.0,3000000,омск
bmw x6,2008,3.0,petrol,automatic,awd,2530000.0,1500000,москва
bmw 5-series,2021,2.0,diesel,automatic,awd,1460000.0,4230000,анапа
bmw 5-series,2019,2.0,petrol,automatic,awd,610000.0,4450000,челябинск
bmw x5,2008,3.0,petrol,automatic,awd,2490000.0,1540000,новосибирск
bmw x7,2022,3.0,hybrid,automatic,awd,289000.0,12890000,новосибирск
bmw x1,2019,1.5,diesel,robot,front,1400000.0,2400000,екатеринбург
bmw x7,2021,3.0,hybrid,automatic,awd,1200000.0,8500000,нефтеюганск
bmw 5-series,2021,2.0,diesel,automatic,rear,730000.0,4900000,хабаровск
bmw 3-series,2008,2.0,petrol,automatic,rear,1470000.0,800000,юрга
bmw 5-series gran turismo,2011,3.0,diesel,automatic,awd,2630000.0,2000000,тула
bmw 3-series,2007,2.5,petrol,automatic,rear,1500000.0,1340000,кемерово
bmw i3,2014,34.0,electric,automatic,rear,1250000.0,1350000,кропоткин
bmw x6,2010,3.0,diesel,automatic,awd,3200000.0,1850000,златоуст
bmw x6,2022,3.0,diesel,automatic,awd,410000.0,10490000,астрахань
bmw x5,2020,2.0,diesel,automatic,awd,851930.0,5699000,москва
bmw x6,2021,3.0,diesel,automatic,awd,530000.0,8949000,москва
bmw 4-series,2020,1.5,petrol,automatic,rear,1610000.0,1856000,гродно
bmw x4,2015,2.0,diesel,automatic,awd,924810.0,3300000,киров
bmw 5-series,1988,2.0,petrol,manual,rear,2910000.0,250000,кемерово
bmw x5,2007,4.8,petrol,automatic,awd,2580000.0,1000000,омск
bmw 5-series,2008,2.0,petrol,automatic,rear,2500000.0,1400000,новосибирск
bmw 5-series,2018,3.0,diesel,automatic,awd,1397960.0,3850000,москва
bmw 6-series,2004,4.4,petrol,automatic,rear,2020000.0,1200000,братск
bmw 7-series,1991,5.0,petrol,automatic,rear,1480000.0,1490000,калининград
bmw i3,2015,0.6,hybrid,automatic,rear,1100000.0,796000,гродно
bmw x5,2018,3.0,diesel,automatic,awd,1530000.0,4300000,новосибирск
bmw x3,2018,2.0,petrol,automatic,awd,670000.0,3750000,новосибирск
bmw x5,2007,4.8,petrol,automatic,awd,3100000.0,1690000,новосибирск
bmw 5-series,2008,2.0,diesel,manual,rear,3243720.0,1600000,новосибирск
bmw x4,2017,3.0,diesel,automatic,awd,1170000.0,3580000,санкт-петербург
bmw x3,2014,2.0,petrol,automatic,awd,1688860.0,2280000,ноябрьск
bmw x3,2011,3.0,petrol,automatic,awd,1341000.0,1900000,новосибирск
bmw x3,2011,2.0,diesel,automatic,awd,2920240.0,1400000,новосибирск
bmw 5-series,1999,2.0,petrol,manual,rear,3800000.0,490000,томск
bmw x5,2003,4.4,petrol,automatic,awd,4770000.0,660000,новосибирск
bmw 1-series,2018,1.5,petrol,automatic,rear,797000.0,1825000,красноярск
bmw 5-series,2021,2.0,petrol,automatic,awd,749170.0,4999995,кемерово
bmw x1,2016,1.5,petrol,automatic,front,670000.0,1849000,красноярск
bmw 1-series,2018,1.5,petrol,automatic,rear,1030000.0,1750000,красноярск
bmw x5,2014,3.0,petrol,automatic,awd,1956410.0,3225000,томск
bmw x1,2019,2.0,diesel,automatic,awd,912590.0,3277000,москва
bmw x2,2019,2.0,petrol,robot,awd,1024220.0,2880000,москва
bmw x5,2024,3.0,hybrid,automatic,awd,131700.0,13300000,москва
bmw x5,2019,3.0,diesel,automatic,awd,1885000.0,4012000,минск
bmw 3-series,2008,2.0,petrol,automatic,rear,2970000.0,800000,екатеринбург
bmw x5,2020,3.0,petrol,automatic,awd,792000.0,5990000,новосибирск
bmw 5-series,1980,2.0,petrol,automatic,rear,2500000.0,300000,могзон
bmw x6,2008,4.4,petrol,automatic,awd,2801600.0,1500000,новосибирск
bmw 5-series,1996,2.5,petrol,manual,rear,4050000.0,440000,калуга
bmw x1,2017,1.5,petrol,automatic,front,670000.0,1950000,саяногорск
bmw 5-series gran turismo,2010,3.0,diesel,automatic,awd,2690000.0,1900000,симферополь
bmw 5-series,1985,2.7,petrol,automatic,rear,3800000.0,500000,анапа
bmw 3-series,2019,2.0,diesel,automatic,awd,1079000.0,4100000,москва
bmw x3,2014,2.0,diesel,automatic,awd,1420000.0,2320000,челябинск
bmw 3-series gran turismo,2020,2.0,diesel,automatic,rear,1100000.0,2550000,крымск
bmw 3-series,2014,2.0,petrol,automatic,rear,1690000.0,1850000,москва
bmw 5-series,2000,2.5,diesel,automatic,rear,6200000.0,725000,севастополь
bmw x1,2012,2.0,petrol,automatic,rear,1580850.0,1300000,чита
bmw m5,2018,4.4,petrol,automatic,awd,695000.0,6500000,магнитогорск
bmw 1-series,2012,1.6,petrol,automatic,rear,2777000.0,2500000,ставрополь
bmw x5,2005,3.0,diesel,automatic,awd,3430000.0,1700000,судак
bmw 5-series,2011,2.0,diesel,automatic,rear,2600000.0,1650000,ивдель
bmw 5-series,2021,2.0,diesel,automatic,awd,625270.0,5200000,москва
bmw 5-series,1998,2.5,petrol,automatic,rear,3110000.0,465000,ува
bmw x5,2007,3.0,petrol,automatic,awd,3820000.0,1350000,тюмень
bmw x5,2010,3.0,diesel,automatic,awd,3220000.0,1950000,кингисепп
bmw x3,2007,2.5,petrol,automatic,awd,1530000.0,1500000,саратов
bmw x5,2008,4.8,petrol,automatic,awd,3500000.0,2200000,новосибирск
bmw x5,2023,3.0,diesel,automatic,awd,345000.0,13100000,москва
bmw 3-series,2001,2.2,petrol,automatic,rear,2450000.0,1200000,симферополь
bmw x4,2019,2.0,petrol,automatic,awd,975270.0,4500000,тюмень
bmw x7,2019,3.0,hybrid,automatic,awd,940000.0,7300000,иркутск
bmw 3-series,2006,2.5,petrol,automatic,awd,2999990.0,1200000,ставрополь
bmw 4-series,2018,2.0,petrol,automatic,rear,1250000.0,2850000,сочи
bmw 4-series,2014,2.0,petrol,automatic,awd,905310.0,2280000,москва
bmw 5-series,2012,2.0,petrol,automatic,awd,3200000.0,1600000,псков
bmw x1,2016,1.5,petrol,automatic,front,880000.0,1847000,красноярск
bmw x1,2017,1.5,petrol,automatic,front,1050000.0,1880000,краснодар
bmw 3-series,2005,2.5,petrol,automatic,rear,2700000.0,750000,солнечногорск
bmw m4,2024,3.0,petrol,automatic,awd,61200.0,15200000,москва
bmw 3-series,2006,2.0,petrol,automatic,rear,3300000.0,1100000,ипатово
bmw x3,2011,3.0,diesel,automatic,awd,1870000.0,1900000,новосибирск
bmw 3-series,2003,2.0,petrol,automatic,rear,2450000.0,590000,омск
bmw 5-series,2023,2.0,diesel,automatic,awd,97950.0,8000000,казань
bmw 5-series gran turismo,2012,3.0,diesel,automatic,awd,2670000.0,1800000,тюмень
bmw x3,2010,3.0,petrol,automatic,awd,2200000.0,1200000,симферополь
bmw 1-series,2013,1.6,petrol,automatic,rear,590000.0,1500000,иркутск
bmw x1,2017,1.5,petrol,automatic,front,296800.0,2000000,хабаровск
bmw 7-series,2009,3.0,diesel,automatic,rear,2550000.0,1520000,сочи
bmw 5-series,2009,3.0,petrol,automatic,awd,3050000.0,1100000,краснодар
bmw 3-series,2019,2.0,diesel,automatic,awd,970000.0,3600000,владивосток
bmw 2-series,2021,2.0,petrol,automatic,awd,220000.0,5120000,владивосток
bmw x3,2019,2.0,diesel,automatic,awd,773590.0,3850000,калуга
bmw x6,2011,4.4,petrol,automatic,awd,830000.0,1900000,рязань
bmw x5,2018,3.0,diesel,automatic,awd,1868220.0,4260000,москва
bmw 3-series,2008,2.0,petrol,automatic,rear,3600000.0,850000,нижний тагил
bmw 3-series,2009,2.0,petrol,automatic,rear,2400000.0,700000,томск
bmw x5,2011,3.0,diesel,automatic,awd,1600000.0,2360000,иркутск
bmw x5,2013,3.0,petrol,automatic,awd,1400000.0,1769777,нижний новгород
bmw x3,2008,2.5,petrol,automatic,awd,2160000.0,1150000,кемерово
bmw x5,2004,3.0,diesel,automatic,awd,1671010.0,1600000,новосибирск
bmw x3,2006,3.0,petrol,automatic,awd,3140000.0,1000000,уфа
bmw x5,2012,3.0,petrol,automatic,awd,1487900.0,2400000,нижневартовск
bmw 5-series,2013,2.0,diesel,automatic,rear,2850000.0,1700000,набережные челны
bmw x6,2008,4.4,petrol,automatic,awd,2050000.0,1500000,пермь
bmw 6-series gran turismo,2018,3.0,petrol,automatic,awd,1528710.0,3880000,калининград
bmw x6,2019,3.0,diesel,automatic,awd,500550.0,5200000,ярославль
bmw 5-series,2002,2.5,diesel,automatic,rear,4300000.0,680000,целинное
bmw 3-series,2020,3.0,petrol,automatic,awd,1266130.0,5000000,москва
bmw 7-series,2005,6.0,petrol,automatic,rear,2156000.0,950000,новочеркасск
bmw x7,2025,3.0,hybrid,automatic,awd,940.0,17250000,санкт-петербург
bmw x5,2005,3.0,diesel,automatic,awd,3750000.0,1550000,томск
bmw 3-series,2011,3.0,petrol,automatic,awd,1761000.0,1250000,москва
bmw 5-series,2017,2.0,petrol,automatic,rear,700000.0,2899000,владивосток
bmw x6,2016,3.0,petrol,automatic,awd,1570000.0,3100000,владивосток
bmw x3,2016,3.0,diesel,automatic,awd,2050000.0,2950000,санкт-петербург
bmw 6-series,2013,3.0,petrol,automatic,awd,2050000.0,3200000,магнитогорск
bmw 5-series,2020,2.0,petrol,automatic,rear,1300000.0,4590000,красноярск
bmw x4,2015,2.0,petrol,automatic,awd,1100000.0,2950000,иркутск
bmw 1-series,2011,1.6,petrol,automatic,rear,1310000.0,999000,томск
bmw x3,2011,2.0,diesel,automatic,awd,1700000.0,1850000,анапа
bmw x6,2008,3.0,petrol,automatic,awd,2060000.0,1600000,кострома
bmw x5,2000,3.0,petrol,automatic,awd,2481720.0,925000,пермь
bmw x7,2021,3.0,hybrid,automatic,awd,617130.0,9800000,челябинск
bmw 5-series,2006,2.5,petrol,automatic,awd,2160000.0,1000000,хасавюрт
bmw x1,2020,2.0,diesel,automatic,awd,445320.0,3350000,санкт-петербург
bmw 5-series,2021,3.0,diesel,automatic,rear,1122530.0,4300000,москва
bmw 5-series,2018,3.0,diesel,automatic,awd,1054000.0,3960000,ставрополь
bmw x6,2015,3.0,petrol,automatic,awd,2700000.0,2600000,тюмень
bmw x4,2022,3.0,petrol,automatic,awd,325000.0,7700000,бердск
bmw 3-series,2012,2.0,petrol,automatic,rear,1400000.0,1290000,новосибирск
bmw 5-series,2019,3.0,diesel,automatic,awd,980000.0,4950000,иркутск
bmw 5-series,1987,2.0,petrol,manual,rear,3000000.0,300000,тобольск
bmw 5-series,2021,2.0,diesel,automatic,awd,549870.0,5300000,набережные челны
bmw x6,2012,3.0,petrol,automatic,awd,1889470.0,1799000,волгоград
bmw x5,2024,3.0,petrol,automatic,awd,95050.0,11799000,москва
bmw 5-series,2007,2.5,petrol,automatic,rear,2700000.0,999999,новомихайловский
bmw x5,2008,3.0,petrol,automatic,awd,2540000.0,1350000,нальчик
bmw 5-series,2019,3.0,diesel,automatic,awd,1430000.0,3800000,москва
bmw 3-series,2014,1.6,petrol,automatic,rear,1475590.0,1325150,москва
bmw x6,2013,4.4,petrol,automatic,awd,2100000.0,1800000,тюмень
bmw 5-series,2018,3.0,diesel,automatic,awd,1300000.0,4350000,симферополь
bmw 5-series,2011,3.0,diesel,automatic,awd,2854280.0,1650000,челябинск
bmw x5,2007,3.0,petrol,automatic,awd,2890000.0,1680000,иркутск
bmw 5-series,2016,2.0,diesel,automatic,rear,1800000.0,2360000,калининград
bmw 3-series,2000,2.0,petrol,automatic,rear,3660000.0,950000,старый оскол
bmw x3,2004,2.5,petrol,automatic,awd,3050000.0,850000,калининград
bmw 5-series,2017,4.4,petrol,automatic,awd,3000000.0,4800000,иркутск
bmw 3-series,2011,2.5,petrol,automatic,awd,1935000.0,1200000,москва
bmw 3-series,2015,2.0,petrol,automatic,awd,2200000.0,1800000,южноуральск
bmw x1,2019,2.0,diesel,automatic,awd,964450.0,2799444,москва
bmw x3,2021,2.0,petrol,automatic,awd,1310000.0,3750000,сосновый бор
bmw 3-series,1999,2.0,petrol,manual,rear,5450000.0,705000,первоуральск
bmw 5-series,2012,2.0,diesel,automatic,rear,2560000.0,2050000,екатеринбург
bmw 3-series,2014,1.6,petrol,automatic,rear,1380000.0,1440000,красноярск
bmw 3-series,1988,1.8,petrol,manual,rear,1000000.0,700000,пермь
bmw 5-series,2021,2.0,petrol,automatic,rear,1020000.0,4350000,тюмень
bmw x5,2021,3.0,diesel,automatic,awd,1090000.0,7990000,чебоксары
bmw 5-series,2018,2.0,diesel,automatic,rear,927030.0,2800000,краснодар
bmw 4-series,2018,2.0,petrol,automatic,rear,368830.0,3050000,москва
bmw x3,2019,3.0,diesel,automatic,awd,900000.0,4500000,сочи
bmw 1-series,2011,1.6,petrol,automatic,rear,1160000.0,1180000,краснодар
bmw 7-series,2000,2.9,diesel,automatic,rear,4680000.0,1100000,симферополь
bmw x5,2018,3.0,diesel,automatic,awd,1059430.0,9000000,владивосток
bmw x5,2007,3.0,petrol,automatic,awd,2870000.0,1590000,березники
bmw x1,2014,2.0,petrol,automatic,awd,1260000.0,1900000,нижневартовск
bmw x6,2009,3.0,diesel,automatic,awd,3260110.0,1465000,брянск
bmw 5-series,2014,2.0,petrol,automatic,rear,2402710.0,1499000,балашиха
bmw 3-series,2012,2.0,petrol,automatic,rear,2500000.0,1750000,белово
bmw 8-series,2021,3.0,diesel,automatic,awd,235000.0,10000000,москва
bmw x3,2018,2.0,diesel,automatic,awd,1800000.0,3500000,тюмень
bmw 3-series,2018,2.0,petrol,automatic,rear,900000.0,2300000,владивосток
bmw x5,2000,4.4,petrol,automatic,awd,4350000.0,950000,махачкала
bmw 3-series,2012,2.0,diesel,automatic,rear,1753270.0,1699000,орел
bmw 1-series,2007,2.0,petrol,automatic,rear,2000000.0,900000,красноярск
bmw 3-series,2011,2.0,petrol,automatic,rear,2200000.0,1199999,москва
bmw x1,2024,2.0,petrol,robot,front,450.0,6000000,пермь
bmw 7-series,2017,2.0,petrol,automatic,rear,1466470.0,2950000,москва
bmw 3-series,2018,2.0,petrol,automatic,awd,960000.0,3020000,краснодар
bmw 5-series,2004,2.5,petrol,automatic,rear,2856300.0,840000,ульяновск
bmw 1-series,2014,1.6,petrol,automatic,rear,600000.0,1360000,улан-удэ
bmw 5-series,1993,2.0,petrol,automatic,rear,5630000.0,40000,гвардейск
bmw x3,2021,2.0,diesel,automatic,awd,319000.0,5750000,уфа
bmw 5-series,2006,2.5,petrol,automatic,rear,4361740.0,1550000,челябинск
bmw 5-series,2016,2.0,petrol,automatic,rear,1689000.0,1950000,кемерово
bmw 5-series,2018,2.0,diesel,automatic,rear,2620000.0,2560000,тула
bmw x5,2010,3.0,petrol,automatic,awd,2000000.0,1950000,омск
bmw 3-series,2019,2.0,diesel,automatic,rear,1950000.0,2650000,челябинск
bmw x1,2015,1.5,petrol,automatic,front,670000.0,2050000,новосибирск
bmw x5,2019,3.0,diesel,automatic,awd,1165000.0,5750000,симферополь
bmw 5-series,2017,2.0,diesel,automatic,awd,1600000.0,2850000,екатеринбург
bmw x6,2013,3.0,diesel,automatic,awd,1900000.0,2500000,барнаул
bmw 5-series,1991,2.0,petrol,manual,rear,1950000.0,790000,нальчик
bmw 5-series,1996,2.5,diesel,manual,rear,5000000.0,270000,санкт-петербург
bmw x5,2019,3.0,diesel,automatic,awd,1450000.0,5900000,краснодар
bmw 5-series,1996,2.0,petrol,manual,rear,3202000.0,480000,раздольное
bmw 5-series,2008,2.5,petrol,automatic,rear,2210000.0,1200000,рязань
bmw x5,2008,3.0,diesel,automatic,awd,3200000.0,1650000,ростов-на-дону
bmw 5-series,2013,2.0,diesel,automatic,rear,1640000.0,2150000,москва
bmw x5,2001,3.0,petrol,automatic,awd,3100000.0,1100000,иркутск
bmw x5,2017,3.0,diesel,automatic,awd,1983000.0,4350000,сургут
bmw x3,2021,3.0,diesel,automatic,awd,628640.0,6099000,санкт-петербург
bmw 3-series,2012,2.0,petrol,automatic,awd,1250000.0,1700000,новый уренгой
bmw x6,2012,3.0,petrol,automatic,awd,1490520.0,2300000,краснодар
bmw 3-series,2000,2.5,petrol,manual,rear,3000000.0,500000,гагарин
bmw x5,2004,3.0,petrol,automatic,awd,3900000.0,1550000,юрга
bmw x3,2013,2.0,petrol,automatic,awd,2220000.0,1650000,новороссийск
bmw 1-series,2011,1.6,petrol,automatic,rear,1730000.0,1159000,новомосковск
bmw 5-series,2020,2.0,diesel,automatic,rear,690000.0,3800000,белебей
bmw 5-series,2012,2.0,petrol,automatic,rear,1980000.0,1750000,краснодар
bmw 5-series,2006,2.5,petrol,automatic,rear,2000000.0,1260000,улан-удэ
bmw x5,2021,4.4,petrol,automatic,awd,571770.0,11750000,москва
bmw x6,2018,3.0,diesel,automatic,awd,2016850.0,3550000,санкт-петербург
bmw 5-series,2001,2.9,diesel,automatic,rear,5000000.0,690000,анапа
bmw x6,2011,3.0,diesel,automatic,awd,2200000.0,2300000,калининград
bmw 5-series,2014,2.0,diesel,automatic,rear,2108000.0,1799000,москва
bmw 4-series,2014,2.0,diesel,automatic,awd,2528750.0,1830000,калининград
bmw x5,2010,3.0,diesel,automatic,awd,2550000.0,2250000,красноярск
bmw 3-series,2008,2.0,petrol,automatic,rear,2500000.0,1050000,калининград
bmw 5-series,1996,2.0,petrol,automatic,rear,4200000.0,490000,калининград
bmw x5,2003,2.9,diesel,automatic,awd,3980000.0,949000,арзамас
bmw x6,2008,3.0,petrol,automatic,awd,2470000.0,1800000,москва
bmw 5-series,2018,2.0,diesel,automatic,awd,1035000.0,3700000,ростов-на-дону
bmw 3-series gran turismo,2013,2.0,diesel,automatic,awd,1158930.0,1975000,краснодар
bmw x7,2020,3.0,hybrid,automatic,awd,1250000.0,9900000,барнаул
bmw x5,2009,3.0,diesel,automatic,awd,2860000.0,1800000,новосибирск
bmw x5,2017,3.0,diesel,automatic,awd,1750000.0,3500000,иркутск
bmw 3-series,2018,2.0,petrol,automatic,awd,1380000.0,2400000,москва
bmw x3,2008,3.0,petrol,automatic,awd,1778000.0,1200000,краснодар
bmw x6,2010,4.4,petrol,automatic,awd,2000000.0,1500000,абакан
bmw 5-series,2004,3.0,diesel,automatic,rear,3265000.0,1400000,тюмень
bmw x3,2012,2.0,petrol,automatic,awd,2060000.0,1219000,санкт-петербург
bmw 5-series,2001,2.5,petrol,automatic,rear,3999990.0,860000,видное
bmw 4-series,2019,2.0,petrol,automatic,rear,780000.0,3150000,уссурийск
bmw x5,2015,3.0,diesel,automatic,awd,2190000.0,3750000,симферополь
bmw 3-series,2017,2.0,petrol,automatic,awd,2350000.0,1830000,казань
bmw 5-series,1994,2.5,petrol,manual,rear,4080000.0,900000,москва
bmw 5-series,2018,2.0,diesel,automatic,awd,1000000.0,4100000,ачинск
bmw 3-series,2017,1.5,petrol,automatic,rear,1230000.0,1580000,санкт-петербург
bmw 3-series,2018,2.0,petrol,automatic,rear,1200840.0,2200000,борисоглебск
bmw x5,2010,3.0,diesel,automatic,awd,2500000.0,2500000,ангарск
bmw 3-series,2015,2.0,petrol,automatic,awd,1097650.0,1620000,екатеринбург
bmw x5,2018,3.0,diesel,automatic,awd,261460.0,6600000,владивосток
bmw 5-series,2012,2.0,petrol,automatic,awd,2560000.0,1800000,сургут
bmw x5,2013,3.0,petrol,automatic,awd,3000000.0,2400000,братск
bmw x5,2007,4.8,petrol,automatic,awd,2090000.0,1550000,чита
bmw x2,2020,1.5,petrol,robot,front,458740.0,3330000,москва
bmw x2,2018,2.0,petrol,automatic,awd,690000.0,2560000,москва
bmw x3,2021,2.0,diesel,automatic,awd,490000.0,5775000,москва
bmw 8-series,2021,3.0,petrol,automatic,awd,442000.0,7390000,самара
bmw x1,2012,2.0,diesel,automatic,awd,2108930.0,1280000,москва
bmw x3,2015,2.0,petrol,automatic,awd,1890000.0,1890000,мытищи
bmw 3-series,1991,1.6,petrol,manual,rear,4550000.0,455000,калининград
bmw 3-series,1990,1.6,petrol,manual,rear,3500000.0,3000000,калининград
bmw 5-series,2019,2.0,diesel,automatic,awd,692690.0,4100000,москва
bmw 5-series,1997,2.5,petrol,automatic,rear,4500000.0,730000,тюмень
bmw 5-series,2016,2.0,petrol,automatic,rear,2904070.0,1597000,тверь
bmw 3-series,2000,1.9,petrol,manual,rear,2380000.0,335000,щёлково
bmw 5-series,2013,2.0,diesel,automatic,rear,2400000.0,1700000,краснодар
bmw x5,2008,3.0,diesel,automatic,awd,3100000.0,2400000,дивное
bmw 5-series,2018,2.0,diesel,automatic,rear,963890.0,3745000,минеральные воды
bmw x4,2019,3.0,diesel,automatic,awd,1283010.0,5700000,воронеж
bmw 5-series,2022,2.0,petrol,automatic,rear,190000.0,5100000,москва
bmw x6,2010,3.0,petrol,automatic,awd,1870000.0,2100000,владикавказ
bmw 5-series,2017,3.0,petrol,automatic,awd,1900000.0,3999000,тюмень
bmw 5-series,2004,3.0,petrol,automatic,rear,4000000.0,750000,лобня
bmw 5-series,2016,2.0,diesel,automatic,awd,1800000.0,2000000,москва
bmw x4,2020,3.0,diesel,automatic,awd,628350.0,6400000,москва
bmw 3-series,2014,2.0,petrol,automatic,awd,893800.0,2350000,нижний новгород
bmw x1,2024,2.0,petrol,robot,awd,160000.0,4800000,екатеринбург
bmw x5,2004,3.0,diesel,automatic,awd,6000000.0,1200000,выселки
bmw x5,2020,2.0,diesel,automatic,awd,1250600.0,5200000,москва
bmw x6,2014,3.0,diesel,automatic,awd,1655000.0,3250000,краснодар
bmw 5-series,2004,2.5,petrol,automatic,rear,10.0,870000,орск
bmw x6,2018,3.0,diesel,automatic,awd,1419200.0,3848000,москва
bmw 3-series,1999,1.9,petrol,manual,rear,3500000.0,575000,красногорский
bmw x5,2007,4.8,petrol,automatic,awd,2640000.0,1450000,нижневартовск
bmw x7,2021,3.0,hybrid,automatic,awd,679350.0,8950000,москва
bmw x5,2007,3.0,petrol,automatic,awd,1610000.0,1500000,евпатория
bmw 3-series,1988,1.8,petrol,manual,rear,2000000.0,170000,санкт-петербург
bmw x7,2020,3.0,diesel,automatic,awd,152000.0,10300000,москва
bmw 5-series,2011,3.0,diesel,automatic,awd,2900000.0,1400000,пенза
bmw 5-series,2006,2.5,petrol,automatic,rear,3000000.0,1400000,нижний новгород
bmw 3-series,1998,1.6,petrol,manual,rear,3730000.0,410000,оренбург
bmw x3,2020,2.0,petrol,automatic,awd,592880.0,4380000,москва
bmw x6,2009,3.0,petrol,automatic,awd,2750000.0,1800000,муром
bmw x5,2006,3.0,petrol,automatic,awd,2940000.0,1200000,новосибирск
bmw 3-series,2019,2.0,diesel,automatic,awd,1230000.0,3200000,смоленск
bmw 6-series,2008,4.8,petrol,automatic,rear,970000.0,2600000,санкт-петербург
bmw x6,2016,3.0,diesel,automatic,awd,1197160.0,4100000,москва
bmw x5,2015,4.4,petrol,automatic,awd,1735900.0,3800000,москва
bmw x7,2021,3.0,diesel,automatic,awd,807000.0,9300000,москва
bmw 3-series,2014,2.0,petrol,automatic,rear,730000.0,222555,новороссийск
bmw 3-series,2021,3.0,diesel,automatic,awd,460000.0,4500000,судак
bmw 3-series,2001,2.5,petrol,automatic,awd,3320000.0,622000,екатеринбург
bmw x3,2015,2.0,petrol,automatic,awd,883770.0,2448000,казань
bmw 3-series,2012,2.0,petrol,automatic,awd,1990000.0,1620000,нижний новгород
bmw 3-series,2021,2.0,diesel,automatic,awd,617990.0,4498000,волгоград
bmw x5,2019,3.0,petrol,automatic,awd,1405570.0,5500000,екатеринбург
bmw m5,2019,4.4,petrol,automatic,awd,772990.0,7950000,химки
bmw x3,2014,2.0,petrol,automatic,awd,2050000.0,2100000,раменское
bmw 5-series,2018,3.0,petrol,automatic,awd,1250000.0,4200000,ростов-на-дону
bmw 5-series,2021,2.0,petrol,automatic,awd,835000.0,5150000,москва
bmw x1,2020,2.0,petrol,automatic,awd,1083340.0,2875150,москва
bmw 3-series,2002,2.5,petrol,manual,awd,2600000.0,650000,сургут
bmw 5-series,2017,2.0,diesel,automatic,awd,1800.0,3800000,барнаул
bmw x5,2021,3.0,diesel,automatic,awd,745000.0,8500000,гвардейское
bmw 3-series,2019,2.0,diesel,automatic,rear,2100000.0,1750000,москва
bmw 5-series,1988,2.5,petrol,manual,rear,2240000.0,449000,ессентуки
bmw x5,2024,3.0,diesel,automatic,awd,231590.0,12490000,санкт-петербург
bmw x3,2025,2.0,petrol,automatic,awd,660.0,7300000,казань
bmw 6-series gran turismo,2022,3.0,diesel,automatic,awd,1253160.0,6290000,санкт-петербург
bmw x3,2019,2.0,diesel,automatic,awd,1808040.0,3790000,москва
bmw xm,2024,4.4,hybrid,automatic,awd,263000.0,23800000,москва
bmw x6,2011,3.0,diesel,automatic,awd,1776160.0,2235000,иркутск
bmw x3,2015,3.0,diesel,automatic,awd,2030000.0,3000000,москва
bmw x3,2015,3.0,diesel,automatic,awd,1280000.0,3000000,новосибирск
bmw x3,2019,2.0,diesel,automatic,awd,825000.0,3950000,воткинск
bmw x6,2020,3.0,diesel,automatic,awd,1661000.0,6900000,москва
bmw 3-series,2021,3.0,petrol,automatic,awd,1190000.0,5250000,москва
bmw x5,2007,3.0,diesel,automatic,awd,3560000.0,1350000,домодедово
bmw x5,2019,3.0,diesel,automatic,awd,940000.0,6300000,миасс
bmw 3-series,2003,2.5,petrol,automatic,rear,3400000.0,650000,нижний тагил
bmw x6,2008,3.0,petrol,automatic,awd,2510000.0,1775000,курган
bmw 3-series,2014,2.0,petrol,automatic,awd,1150000.0,1749000,москва
bmw 5-series,2015,2.0,petrol,automatic,awd,1728010.0,1899000,москва
bmw 3-series,2015,2.0,petrol,automatic,awd,1980000.0,2300000,краснодар
bmw x3,2014,2.0,petrol,automatic,awd,1370000.0,1749000,москва
bmw x5,2013,3.0,diesel,automatic,awd,1720000.0,2059000,москва
bmw 3-series,2015,2.0,petrol,automatic,awd,1210000.0,1899000,москва
bmw x5,2012,3.0,petrol,automatic,awd,1543580.0,1924000,москва
bmw x5,2008,4.8,petrol,automatic,awd,3730000.0,1300000,челябинск
bmw 5-series,2012,2.0,petrol,automatic,awd,1600000.0,1479000,москва
bmw x5,2019,4.4,petrol,automatic,awd,998930.0,6377000,пермь
bmw x5,2017,3.0,diesel,automatic,awd,1200030.0,4390000,москва
bmw x5,2007,4.8,petrol,automatic,awd,4000000.0,1000000,нальчик
bmw 3-series,2012,2.0,petrol,automatic,awd,2380000.0,2050000,аргаяш
bmw 5-series,2020,3.0,diesel,automatic,awd,668000.0,6850000,новосибирск
bmw x5,2021,3.0,diesel,automatic,awd,1150960.0,7299000,ярославль
bmw 5-series,2005,3.0,petrol,automatic,rear,3500000.0,999000,ростов-на-дону
bmw 2-series,2016,3.0,petrol,automatic,awd,980000.0,2998000,краснодар
bmw 6-series,2012,4.4,petrol,automatic,rear,1049030.0,2290000,лабинск
bmw x5,2004,3.0,petrol,manual,awd,2770000.0,1000000,салават
bmw x5,2013,4.4,petrol,automatic,awd,1430000.0,2380000,новосибирск
bmw 7-series,2012,3.0,diesel,automatic,rear,2500000.0,2400000,тюмень
bmw 5-series,2017,2.0,petrol,automatic,awd,652110.0,3850000,москва
bmw x1,2017,2.0,petrol,automatic,awd,1038320.0,2709000,казань
bmw 2-series active tourer,2014,1.5,petrol,automatic,front,830000.0,1230000,новосибирск
bmw 7-series,2006,3.0,diesel,automatic,rear,2400000.0,520000,москва
bmw 4-series,2021,2.0,petrol,automatic,rear,695180.0,5845000,москва
bmw 7-series,2001,4.4,petrol,automatic,rear,2000000.0,550000,астрахань
bmw 7-series,2011,3.0,diesel,automatic,awd,2731850.0,1599000,москва
bmw x2,2018,2.0,petrol,automatic,awd,874260.0,2380000,санкт-петербург
bmw x3,2018,2.0,diesel,automatic,awd,1601040.0,3110000,москва
bmw 7-series,2012,3.0,petrol,automatic,awd,1780000.0,1950000,москва
bmw x4,2023,2.0,petrol,automatic,awd,280000.0,6500000,москва
bmw x5,2004,3.0,petrol,automatic,awd,3400000.0,750000,брянск
bmw x5,2015,2.0,hybrid,automatic,awd,1700000.0,2950000,хабаровск
bmw 3-series,2007,2.0,petrol,automatic,rear,1800000.0,700000,санкт-петербург
bmw x7,2020,3.0,hybrid,automatic,awd,1175000.0,6400000,москва
bmw 5-series,2019,3.0,diesel,automatic,awd,1122710.0,4697000,москва
bmw x1,2011,2.0,petrol,automatic,rear,1850000.0,1250000,улан-удэ
bmw x1,2011,2.0,petrol,automatic,rear,2180000.0,1150000,ачинск
bmw m3,2021,3.0,petrol,automatic,rear,279700.0,9595000,красноярск
bmw 3-series,2013,2.0,diesel,automatic,rear,2900000.0,1300000,кострома
bmw x1,2020,2.0,petrol,automatic,awd,720000.0,3960000,железногорск
bmw x3,2025,2.0,petrol,automatic,awd,260.0,6420000,краснодар
bmw 1-series,2013,1.6,petrol,automatic,rear,1750000.0,1000000,калининград
bmw 3-series,2002,2.2,petrol,automatic,rear,3310000.0,880000,старотитаровская
bmw x5,2015,3.0,diesel,automatic,awd,2030000.0,3525000,иркутск
bmw x5,2007,4.8,petrol,automatic,awd,2350000.0,1335000,махачкала
bmw x1,2009,3.0,petrol,automatic,awd,620000.0,1900000,барнаул
bmw x3,2004,3.0,petrol,automatic,awd,3300000.0,719000,вологда
bmw 3-series,2001,2.0,petrol,automatic,rear,3400000.0,500000,архипо-осиповка
bmw x6,2016,3.0,diesel,automatic,awd,1060560.0,4400000,москва
bmw 5-series,2014,2.0,petrol,automatic,awd,2100000.0,2100000,магнитогорск
bmw 3-series,2017,1.5,petrol,automatic,rear,900000.0,1900000,барнаул
bmw x5,2015,3.0,diesel,automatic,awd,3280000.0,3200000,москва
bmw x4,2019,3.0,diesel,automatic,awd,1706340.0,4550000,санкт-петербург
bmw 5-series,2019,3.0,diesel,automatic,awd,945000.0,4850000,москва
bmw 5-series,2018,3.0,diesel,automatic,awd,1900000.0,2950000,санкт-петербург
bmw 5-series,2011,3.0,petrol,automatic,rear,2500000.0,1860000,краснодар
bmw x6,2011,4.4,petrol,automatic,awd,1110000.0,2500000,тюмень
bmw x5,2001,3.0,petrol,automatic,awd,3700000.0,850000,белокуриха
bmw 8-series,2021,3.0,petrol,automatic,rear,370000.0,8000000,чита
bmw x3,2004,3.0,diesel,automatic,awd,1940000.0,670000,нижний новгород
bmw x5,2001,3.0,petrol,automatic,awd,3000000.0,439000,нижний тагил
bmw x1,2022,2.0,petrol,robot,front,290000.0,3700000,санкт-петербург
bmw x6,2016,3.0,diesel,automatic,awd,780000.0,4400000,санкт-петербург
bmw x6,2017,3.0,diesel,automatic,awd,779720.0,4750000,новосибирск
bmw x7,2022,3.0,petrol,automatic,awd,254350.0,11500000,новосибирск
bmw 2-series gran tourer,2015,1.5,petrol,automatic,front,1400000.0,1300000,чита
bmw x5,2000,4.4,petrol,automatic,awd,2000000.0,555000,новосибирск
bmw x5,2010,3.0,petrol,automatic,awd,1530.0,2285000,якутск
bmw x5,2025,3.0,petrol,automatic,awd,70000.0,14400000,корея→иркутск
bmw x3,2014,2.0,diesel,automatic,awd,1810850.0,2199000,новосибирск
bmw x5,2012,4.4,petrol,automatic,awd,860910.0,3800000,новосибирск
bmw 7-series,2015,3.0,diesel,automatic,awd,2339320.0,2570000,новосибирск
bmw x5,2001,3.0,petrol,automatic,awd,3970000.0,860000,новосибирск
bmw x5,2008,3.0,petrol,automatic,awd,2500000.0,1649000,кемерово
bmw x5,2015,3.0,diesel,automatic,awd,1940360.0,3150000,стерлитамак
bmw 5-series,2017,2.0,diesel,automatic,awd,1650000.0,3199999,красноярск
bmw x5,2004,3.0,petrol,automatic,awd,3200000.0,1000000,норильск
bmw 5-series,2015,2.0,petrol,automatic,rear,1221580.0,2350000,новосибирск
bmw 5-series,2006,3.0,petrol,automatic,rear,2900000.0,1000000,омск
bmw 5-series,2018,2.0,diesel,automatic,awd,1435640.0,3119000,кемерово
bmw x3,2011,3.0,petrol,automatic,awd,2580000.0,1669000,красноярск
bmw x5,2010,3.0,petrol,automatic,awd,2768780.0,1557000,новосибирск
bmw 5-series,2000,2.0,petrol,automatic,rear,4811500.0,599999,тюмень
bmw x5,2003,3.0,petrol,automatic,awd,2343630.0,1200000,канск
bmw x1,2012,2.0,petrol,automatic,awd,800000.0,700000,омск
bmw 3-series,2010,2.0,petrol,automatic,rear,2300000.0,1047000,красноярск
bmw x6,2013,3.0,petrol,automatic,awd,2320000.0,1987000,красноярск
bmw x5,2017,3.0,diesel,automatic,awd,1380000.0,4500000,красноярск
bmw x3,2006,2.5,petrol,automatic,awd,2270000.0,997000,красноярск
bmw 5-series,2020,2.0,petrol,automatic,rear,1046850.0,4779000,красноярск
bmw 5-series,2013,2.0,diesel,automatic,awd,1718620.0,1795000,красноярск
bmw 1-series,2015,1.6,petrol,automatic,rear,1350000.0,980000,уссурийск
bmw 3-series,2019,2.0,diesel,automatic,awd,490000.0,3450000,владивосток
bmw x3,2019,3.0,diesel,automatic,awd,581000.0,5350000,владивосток
bmw x3,2022,3.0,diesel,automatic,awd,535000.0,4655000,минск
bmw x3,2011,2.0,diesel,automatic,awd,2790000.0,1390000,барнаул
bmw 3-series,2016,1.5,petrol,automatic,rear,480000.0,1900000,томск
bmw 3-series,2021,2.0,petrol,automatic,rear,300000.0,2890000,китай→уссурийск
bmw 3-series,2012,2.0,petrol,automatic,rear,1360000.0,1970000,уссурийск
bmw x6,2011,4.4,petrol,automatic,awd,1700000.0,2450000,владивосток
bmw x3,2012,2.0,diesel,automatic,awd,3000000.0,1350000,красноярск
bmw x7,2019,3.0,petrol,automatic,awd,400000.0,9000000,южно-сахалинск
bmw i3,2016,0.6,hybrid,automatic,rear,724160.0,1052000,минск
bmw x5,2015,3.0,diesel,automatic,awd,2537000.0,2253000,минск
bmw 5-series,2011,2.5,petrol,automatic,rear,1500000.0,1980000,красноярск
bmw x1,2019,1.5,petrol,robot,front,787000.0,1650000,япония→владивосток
bmw x5,2008,3.0,diesel,automatic,awd,2700000.0,1750000,новосибирск
bmw 5-series,2021,2.0,hybrid,automatic,rear,998000.0,3682000,минск
bmw 3-series,2017,1.5,petrol,automatic,rear,850000.0,1825000,кемерово
bmw x5,2008,3.0,petrol,automatic,awd,2937850.0,1259000,кемерово
bmw 5-series,2010,3.0,petrol,automatic,rear,3000000.0,2000000,екатеринбург
bmw x3,2021,2.0,hybrid,automatic,awd,430000.0,5300000,иркутск
bmw 3-series,2017,1.5,petrol,automatic,rear,434570.0,1850000,лесозаводск
bmw 3-series,2012,2.0,petrol,automatic,awd,2550000.0,1539000,кемерово
bmw x5,2012,3.0,diesel,automatic,awd,3160600.0,2300000,красноярск
bmw x5,2008,3.0,petrol,automatic,awd,2500000.0,1550000,новосибирск
bmw x3,2012,2.0,petrol,automatic,awd,2020000.0,1347000,красноярск
bmw 5-series,2014,2.0,petrol,automatic,rear,1090000.0,3299900,абакан
bmw x6,2020,3.0,petrol,automatic,awd,1360000.0,7999000,барнаул
bmw x5,2017,3.0,diesel,automatic,awd,1855440.0,3897000,барнаул
bmw 4-series,2023,2.0,petrol,automatic,rear,340000.0,10208000,минск
bmw x5,2011,3.0,diesel,automatic,awd,2557530.0,1950000,красноярск
bmw 5-series,2010,3.0,diesel,automatic,rear,2312760.0,2150000,новосибирск
bmw 5-series,2021,2.0,petrol,automatic,rear,1670000.0,4000000,санкт-петербург
bmw 5-series,2013,2.0,diesel,automatic,awd,2500000.0,1427000,витебск
bmw x1,2019,1.5,petrol,robot,front,486100.0,1960000,чита
bmw x5,2004,4.4,petrol,automatic,awd,3000000.0,950000,чита
bmw x1,2016,1.5,petrol,automatic,front,1100000.0,1860000,находка
bmw 5-series,2012,3.0,petrol,automatic,awd,2132130.0,2365000,краснодар
bmw x5,2022,3.0,diesel,automatic,awd,690000.0,7850000,иркутск
bmw x5,2009,3.0,petrol,automatic,awd,2590000.0,1585000,улан-удэ
bmw x1,2018,1.5,petrol,robot,front,920000.0,2150000,благовещенск
bmw x5,2021,3.0,diesel,automatic,awd,600000.0,8900000,сургут
bmw 5-series,2012,2.0,petrol,automatic,rear,1901490.0,1667000,барнаул
bmw x5,2021,3.0,petrol,automatic,awd,140000.0,8700000,владивосток
bmw 2-series active tourer,2018,1.5,petrol,automatic,front,620000.0,970000,япония→владивосток
bmw 2-series gran tourer,2016,1.5,petrol,automatic,front,775000.0,1049000,япония→владивосток
bmw 5-series,2020,2.0,petrol,automatic,rear,870000.0,4200000,владивосток
bmw x5,2023,3.0,petrol,automatic,awd,190000.0,10900000,сургут
bmw 5-series,2016,2.0,petrol,automatic,awd,1640000.0,2325000,новосибирск
bmw 5-series,2019,2.0,petrol,automatic,awd,790000.0,4700000,уссурийск
bmw 5-series,2018,2.0,petrol,automatic,rear,1031850.0,3149000,хабаровск
bmw x5,2014,3.0,petrol,automatic,awd,1860000.0,3600000,владивосток
bmw 5-series,2017,3.0,petrol,automatic,awd,790000.0,4700000,владивосток
bmw x3,2019,2.0,diesel,automatic,awd,810000.0,2700000,владивосток
bmw 3-series,2018,2.0,petrol,automatic,rear,1420000.0,1650000,махачкала
bmw x7,2021,3.0,hybrid,automatic,awd,275000.0,8500000,благовещенск
bmw 5-series gran turismo,2009,3.0,petrol,automatic,rear,2200000.0,1050000,красноярск
bmw x7,2021,3.0,hybrid,automatic,awd,231740.0,10000000,сочи
bmw x5,2019,3.0,diesel,automatic,awd,1071820.0,6500000,краснодар
bmw x4,2020,3.0,diesel,automatic,awd,1000000.0,5855000,симферополь
bmw x5,2023,3.0,diesel,automatic,awd,44100.0,11888000,санкт-петербург
bmw 5-series,2020,2.0,diesel,automatic,awd,1444600.0,3000000,химки
bmw m5,2022,4.4,petrol,automatic,awd,214970.0,14900000,москва
bmw 5-series,2015,3.0,diesel,automatic,awd,1485540.0,2391885,санкт-петербург
bmw 5-series,2018,2.0,petrol,automatic,awd,1422670.0,3269000,санкт-петербург
bmw 5-series gran turismo,2011,3.0,diesel,automatic,awd,3181230.0,1890000,казань
bmw 5-series,2020,3.0,diesel,automatic,awd,1330000.0,4200000,челябинск
bmw x4,2023,2.0,petrol,automatic,awd,222550.0,7400000,тюмень
bmw x5,2006,4.4,petrol,automatic,awd,2530510.0,1535000,тюмень
bmw x6,2010,4.4,petrol,automatic,awd,2570000.0,1680000,сочи
bmw 5-series,2018,2.0,petrol,automatic,rear,1050000.0,2190000,махачкала
bmw x5,2018,3.0,diesel,automatic,awd,1950000.0,3850000,краснодар
bmw 7-series,2014,3.0,diesel,automatic,awd,2700000.0,1750000,волгоград
bmw 3-series,2001,1.9,petrol,automatic,rear,3500000.0,630000,барнаул
bmw 1-series,2015,1.6,petrol,automatic,rear,640000.0,1250000,владивосток
bmw x5,2007,4.8,petrol,automatic,awd,2703550.0,1300000,усть-катав
bmw 5-series,2016,2.0,petrol,automatic,rear,2300000.0,1990000,пермь
bmw x5,2008,3.0,diesel,automatic,awd,2980000.0,2100000,тула
bmw 5-series,2013,2.0,petrol,automatic,rear,2900000.0,1450000,волгодонск
bmw x3,2025,2.0,diesel,automatic,awd,45000.0,8598000,нижний новгород
bmw x5,2020,3.0,diesel,automatic,awd,1136240.0,7980000,нижний новгород
bmw 3-series,2006,2.5,petrol,automatic,awd,3120000.0,1100000,красноярск
bmw 6-series,2012,4.4,petrol,automatic,awd,400000.0,2700000,москва
bmw x5,2007,3.0,diesel,automatic,awd,3150000.0,1850000,нижнебаканская
bmw 3-series gran turismo,2018,2.0,diesel,automatic,awd,1247540.0,3100000,люберцы
bmw 1-series,2018,1.5,petrol,automatic,rear,855000.0,1817777,челябинск
bmw x6,2008,3.0,petrol,automatic,awd,32500.0,1850000,омск
bmw 3-series,2020,2.0,petrol,automatic,rear,1490000.0,3490000,екатеринбург
bmw x6,2011,3.0,petrol,automatic,awd,2481620.0,1395000,пермь
bmw 3-series,2009,2.5,petrol,automatic,rear,3452720.0,1089000,тюмень
bmw 5-series,2018,2.0,diesel,automatic,awd,850000.0,3330000,магнитогорск
bmw 7-series,2017,2.0,hybrid,automatic,rear,720250.0,4000000,иркутск
bmw x6,2013,3.0,petrol,automatic,awd,1980000.0,2300000,краснодар
bmw x3,2015,2.0,petrol,automatic,awd,870000.0,2700000,екатеринбург
bmw x6,2010,3.0,petrol,automatic,awd,2980000.0,1600000,новокузнецк
bmw x3,2018,2.0,petrol,automatic,awd,990000.0,4300000,новосибирск
bmw x5,2009,3.0,diesel,automatic,awd,1337500.0,3000000,началово
bmw x1,2019,2.0,petrol,automatic,awd,1106590.0,2797000,тверь
bmw 5-series,2009,2.5,petrol,automatic,rear,1470000.0,1550000,сургут
bmw x3,2007,2.5,petrol,automatic,awd,3940000.0,950000,челябинск
bmw 7-series,2016,3.0,diesel,automatic,awd,1631890.0,2945150,москва
bmw x5,2010,3.0,petrol,automatic,awd,2670000.0,1690000,пятигорск
bmw x3,2010,2.0,diesel,automatic,awd,2460000.0,1050000,тольятти
bmw 4-series,2014,2.0,diesel,automatic,rear,1820000.0,2395000,краснодар
bmw x5,2007,4.8,petrol,automatic,awd,2400000.0,1700000,барнаул
bmw x5,2017,3.0,diesel,automatic,awd,1960000.0,2800000,красноярск
bmw 7-series,1999,2.9,diesel,automatic,rear,3100000.0,900000,челябинск
bmw x5,2019,3.0,diesel,automatic,awd,850000.0,7100000,пермь
bmw x6,2023,3.0,petrol,automatic,awd,162600.0,12434434,москва
bmw x5,2009,3.0,diesel,automatic,awd,3000000.0,1799900,нижний новгород
bmw x6,2023,3.0,petrol,automatic,awd,90000.0,10500000,ростов-на-дону
bmw x3,2012,2.0,petrol,automatic,awd,2500000.0,1500000,киров
bmw 1-series,2008,2.0,petrol,automatic,rear,3200000.0,595000,санкт-петербург
bmw x5,2009,3.0,petrol,automatic,awd,2200000.0,1670000,краснодар
bmw x3,2012,2.0,petrol,automatic,awd,1500000.0,1900000,москва
bmw x5,2012,3.0,petrol,automatic,awd,2080000.0,2180000,омск
bmw 7-series,2023,3.0,hybrid,automatic,awd,262980.0,19500000,краснодар
bmw x1,2012,2.0,petrol,automatic,awd,1674040.0,1290000,калининград
bmw x7,2020,3.0,diesel,automatic,awd,1210000.0,8300000,ростов-на-дону
bmw x5,2004,4.4,petrol,automatic,awd,2100.0,1200000,каменка
bmw x3,2005,3.0,petrol,automatic,awd,2330000.0,900000,новосибирск
bmw x5,2013,3.0,diesel,automatic,awd,2650000.0,3050000,симферополь
bmw x1,2011,2.0,petrol,automatic,rear,2580000.0,1000000,екатеринбург
bmw x5,2016,3.0,diesel,automatic,awd,1300000.0,4500000,ярославль
bmw x4,2015,2.0,diesel,automatic,awd,3150000.0,2150000,одинцово
bmw 4-series,2025,2.0,petrol,automatic,rear,10950.0,8500000,краснодар
bmw x6,2018,3.0,diesel,automatic,awd,1370000.0,4250000,воронеж
bmw 7-series,2008,4.4,petrol,automatic,rear,2440000.0,1000000,уфа
bmw 5-series,2007,2.5,petrol,automatic,rear,2620000.0,1280000,смоленск
bmw 3-series,2016,1.5,petrol,automatic,rear,750000.0,1900000,омск
bmw 3-series,1992,1.6,petrol,manual,rear,2500000.0,350000,новосибирск
bmw 7-series,2006,4.8,petrol,automatic,rear,1930000.0,730000,хабаровск
bmw 5-series,1997,2.0,petrol,manual,rear,2292910.0,620000,кемерово
bmw 5-series,2020,2.0,hybrid,automatic,awd,1400000.0,4500000,москва
bmw x3,2015,3.0,diesel,automatic,awd,2711480.0,1824000,воронеж
bmw x4,2016,3.0,petrol,automatic,awd,920000.0,3200000,сочи
bmw 5-series,2013,2.0,petrol,automatic,awd,2510000.0,1850000,санкт-петербург
bmw x1,2014,2.0,petrol,automatic,rear,1077000.0,1400000,волгоград
bmw i3,2019,184.0,electric,automatic,rear,474400.0,4000000,подольск
bmw x3,2014,2.0,petrol,automatic,awd,1970000.0,2150000,чебоксары
bmw 1-series,2011,1.6,petrol,automatic,rear,2590680.0,850000,челябинск
bmw x3,2012,2.0,petrol,automatic,awd,3122000.0,1250000,санкт-петербург
bmw x5,2015,3.0,diesel,automatic,awd,3920000.0,3750000,ростов-на-дону
bmw 1-series,2008,1.6,petrol,automatic,rear,1860000.0,770000,омск
bmw 5-series,2001,2.2,petrol,manual,rear,3192100.0,777777,казань
bmw 6-series,2015,3.0,diesel,automatic,awd,1697490.0,2790000,пермь
bmw 7-series,2020,3.0,petrol,automatic,rear,760000.0,6999999,брюховецкая
bmw 5-series,1998,2.9,diesel,automatic,rear,4190000.0,750000,калининград
bmw 3-series,2013,2.0,diesel,automatic,rear,2170000.0,1500000,санкт-петербург
bmw x3,2004,2.5,petrol,automatic,awd,5200000.0,550000,пермь
bmw x5,2017,3.0,diesel,automatic,awd,1800000.0,4537000,абакан
bmw 1-series,2016,1.5,petrol,automatic,rear,530000.0,1900000,владивосток
bmw x5,2015,3.0,diesel,automatic,awd,1720000.0,3580000,кировск
bmw 3-series,1994,1.6,petrol,automatic,rear,3000000.0,100000,калининград
bmw 5-series,2014,2.0,petrol,automatic,rear,1840000.0,2650000,красноярск
bmw x3,2025,2.0,petrol,automatic,awd,160.0,6899000,яблоновский
bmw 3-series,2013,2.0,diesel,automatic,rear,3150000.0,1700000,москва
bmw x6,2011,3.0,petrol,automatic,awd,2810000.0,1900000,новосибирск
bmw 3-series,2001,2.2,petrol,manual,rear,3700000.0,599900,воронеж
bmw 5-series,2004,2.5,petrol,automatic,rear,2730000.0,459000,мурманск
bmw 5-series,2012,2.0,diesel,automatic,awd,2800000.0,1400000,троицкое
bmw x6,2017,3.0,diesel,automatic,awd,730000.0,4699000,омск
bmw 5-series,2002,2.5,petrol,automatic,rear,3400000.0,700000,югорск
bmw 3-series,2013,2.0,petrol,automatic,awd,1670000.0,1750000,псков
bmw x5,2001,4.4,petrol,automatic,awd,2450000.0,1000000,чита
bmw x3,2015,2.0,petrol,automatic,awd,1760000.0,2100000,магнитогорск
bmw 5-series,1998,2.5,petrol,automatic,rear,4000000.0,630000,нижний тагил
bmw x6,2015,3.0,diesel,automatic,awd,890000.0,3350000,челябинск
bmw x5,2015,3.0,diesel,automatic,awd,1728060.0,2815400,калуга
bmw x3,2015,2.0,petrol,automatic,awd,1220000.0,2340000,уфа
bmw x5,2004,4.4,petrol,automatic,awd,780000.0,1000000,сургут
bmw x4,2018,2.0,petrol,automatic,awd,671790.0,3330000,казань
bmw x6,2008,3.0,diesel,automatic,awd,2683450.0,1850000,мурманск
bmw x2,2025,2.0,petrol,robot,awd,450.0,6299000,яблоновский
bmw x5,2020,2.0,diesel,automatic,awd,1150000.0,5200000,красноярск
bmw 3-series,2014,2.0,diesel,automatic,awd,1600000.0,2200000,челябинск
bmw x3,2007,3.0,petrol,automatic,awd,1300000.0,2000000,москва
bmw 1-series,2010,1.6,petrol,automatic,rear,1629820.0,660000,уфа
bmw 5-series,2005,2.5,petrol,manual,rear,2000000.0,1019000,нижний новгород
bmw 7-series,2015,3.0,diesel,automatic,awd,1572150.0,5100000,новосибирск
bmw x5,2008,3.0,diesel,automatic,awd,3390000.0,1750000,красноярск
bmw 5-series,1988,2.5,petrol,manual,rear,5730000.0,420000,озёрск
bmw x3,2007,2.5,petrol,automatic,awd,2600000.0,1050000,верхняя пышма
bmw 3-series,2008,3.0,petrol,automatic,rear,2900000.0,1600000,благовещенск
bmw 1-series,2010,1.6,petrol,automatic,rear,2100000.0,650000,нижний новгород
bmw x6,2011,3.0,petrol,automatic,awd,1790270.0,1600000,сочи
bmw 7-series,2003,4.4,petrol,automatic,rear,2392800.0,760000,лесной
bmw 5-series,2001,2.5,petrol,automatic,rear,2676640.0,600000,нижневартовск
bmw x6,2012,3.0,petrol,automatic,awd,2850000.0,1950000,липецк
bmw 5-series,2004,3.0,petrol,automatic,rear,3450000.0,1300000,симферополь
bmw x5,2018,3.0,diesel,automatic,awd,1027510.0,5999000,уфа
bmw 3-series,2008,2.0,petrol,automatic,rear,2520000.0,1300000,воронеж
bmw 1-series,2008,1.6,petrol,automatic,rear,1860000.0,799999,кропоткин
bmw 2-series active tourer,2014,1.5,petrol,automatic,front,988630.0,1150000,владивосток
bmw 7-series,1990,5.0,petrol,automatic,rear,1380000.0,1600000,москва
bmw x3,2012,3.0,diesel,automatic,awd,1762160.0,2099000,казань
bmw x1,2011,2.0,diesel,automatic,awd,2510000.0,1199000,кемерово
bmw 1-series,2019,1.5,petrol,robot,front,360790.0,2100000,владивосток
bmw 6-series gran turismo,2021,2.0,diesel,automatic,awd,999970.0,4735000,москва
bmw 2-series active tourer,2015,1.5,petrol,automatic,front,1011200.0,1250000,барнаул
bmw i8,2017,1.5,hybrid,automatic,awd,238140.0,7199000,сочи
bmw x5,2005,3.0,petrol,automatic,awd,3500000.0,900000,воронеж
bmw x4,2021,2.0,petrol,automatic,awd,1254500.0,4292800,москва
bmw x4,2016,2.0,petrol,automatic,awd,920000.0,2730000,петропавловск-камчатский
bmw 1-series,2010,1.6,petrol,automatic,rear,2120000.0,950000,красноярск
bmw 3-series,2001,2.0,diesel,manual,rear,4600000.0,500000,волгодонск
bmw 1-series,2012,1.6,petrol,automatic,rear,1999000.0,1195000,набережные челны
bmw 1-series,2013,1.6,petrol,automatic,rear,870000.0,1200000,красноярск
bmw x6,2010,3.0,petrol,automatic,awd,1980000.0,1850000,оренбург
bmw x5,2000,4.4,petrol,automatic,awd,3000000.0,650000,красноярск
bmw x1,2011,2.0,petrol,automatic,rear,2170000.0,1000000,саратов
bmw 5-series,2020,2.0,petrol,automatic,awd,1040000.0,4500000,москва
bmw 5-series,2005,2.5,diesel,automatic,rear,3200000.0,1000000,симферополь
bmw x7,2023,3.0,diesel,automatic,awd,250.0,17100000,москва
bmw 1-series,2011,1.6,petrol,automatic,rear,2474880.0,654070,краснодар
bmw 3-series,2002,2.2,petrol,automatic,rear,3455000.0,1050000,краснодар
bmw 5-series,2020,2.0,diesel,automatic,awd,1950000.0,3900000,туймазы
bmw 3-series,2010,2.0,petrol,automatic,rear,1834550.0,1049000,магнитогорск
bmw x1,2010,2.0,petrol,automatic,rear,2170000.0,1180000,новосибирск
bmw 5-series,2017,2.0,diesel,automatic,awd,1183560.0,3200000,краснодар
bmw 5-series,2013,2.0,petrol,automatic,awd,1450000.0,2390000,красноярск
bmw 3-series,2019,2.0,diesel,automatic,rear,1290000.0,3550000,тюмень
bmw 7-series,2018,2.0,hybrid,automatic,rear,650000.0,5000000,владивосток
bmw x6,2022,3.0,diesel,automatic,awd,200000.0,11999999,краснодар
bmw 3-series,2000,2.0,petrol,automatic,rear,2630000.0,455000,нижний новгород
bmw 3-series,1996,1.6,petrol,manual,rear,5300000.0,320000,староминская
bmw 3-series,2010,2.0,petrol,automatic,rear,2830000.0,980000,ростов-на-дону
bmw m4,2021,3.0,petrol,automatic,rear,800000.0,8250000,краснодар
bmw 5-series gran turismo,2010,3.0,petrol,automatic,rear,600000.0,1530000,махачкала
bmw x6,2017,4.4,petrol,automatic,awd,980000.0,4800000,москва
bmw 3-series gran turismo,2014,2.0,petrol,automatic,rear,450000.0,1730000,курск
bmw x1,2020,1.5,petrol,robot,front,687000.0,2570000,ставрополь
bmw x6,2009,3.0,diesel,automatic,awd,1920000.0,2390000,симферополь
bmw 3-series,2009,2.0,petrol,automatic,rear,1989610.0,850000,пермь
bmw 5-series,1998,2.5,petrol,automatic,rear,4500000.0,560000,москва
bmw x5,2008,4.8,petrol,automatic,awd,2583000.0,1700000,москва
bmw x5,2020,3.0,diesel,automatic,awd,577620.0,7410000,калининград
bmw 5-series,2015,2.0,petrol,automatic,rear,1100000.0,2550000,омск
bmw 4-series,2014,2.0,diesel,automatic,awd,1350000.0,2250000,москва
bmw 5-series,2010,3.0,diesel,automatic,rear,2990000.0,3500000,москва
bmw x6,2017,3.0,diesel,automatic,awd,2090000.0,3900000,краснодар
bmw 5-series,1998,2.5,petrol,automatic,rear,4345000.0,650000,лабинск
bmw 2-series active tourer,2016,1.5,hybrid,automatic,awd,940000.0,1888888,благовещенск
bmw 5-series,2021,2.0,petrol,automatic,rear,650000.0,4750000,санкт-петербург
bmw x1,2020,1.5,petrol,robot,front,954990.0,2899000,ставрополь
bmw x1,2019,1.5,petrol,robot,front,1000000.0,1995000,владивосток
bmw x7,2021,3.0,diesel,automatic,awd,1390000.0,8200000,абакан
bmw x5,2023,4.4,petrol,automatic,awd,240000.0,15500000,ростов-на-дону
bmw x6,2015,4.4,petrol,automatic,awd,1310000.0,4300000,краснодар
bmw 5-series,1997,2.5,petrol,automatic,rear,4300000.0,450000,красноярск
bmw x5,2004,3.0,petrol,automatic,awd,3840000.0,1500000,кореновск
bmw 7-series,2006,4.0,petrol,automatic,rear,2028000.0,850000,абакан
bmw 3-series,1996,1.6,petrol,manual,rear,4477880.0,299999,екатеринбург
bmw x5,2001,3.0,petrol,automatic,awd,4000000.0,850000,омск
bmw 3-series,2008,3.0,petrol,automatic,awd,500.0,1100000,минск
bmw 5-series,2002,3.0,petrol,automatic,rear,3500000.0,1000000,белореченск
bmw x7,2024,3.0,hybrid,automatic,awd,268800.0,14600000,ставрополь
bmw x4,2018,2.0,diesel,automatic,awd,900000.0,3750000,брянск
bmw x5,2004,3.0,petrol,automatic,awd,3240000.0,850000,шарья
bmw 5-series,2019,2.0,diesel,automatic,rear,480000.0,3800000,лангепас
bmw x5,2008,3.0,petrol,automatic,awd,1921000.0,1640000,владивосток
bmw x6,2008,3.0,petrol,automatic,awd,1925000.0,1600000,саяногорск
bmw x5,2017,3.0,diesel,automatic,awd,1502150.0,4179000,уфа
bmw 5-series,2010,2.5,petrol,automatic,rear,2700000.0,1950000,советский
bmw x5,2004,3.0,petrol,automatic,awd,2845330.0,1400000,томск
bmw x3,2012,2.0,diesel,automatic,awd,3170000.0,1800000,москва
bmw x7,2021,3.0,hybrid,automatic,awd,590000.0,11300000,барнаул
bmw 5-series,2014,2.0,petrol,automatic,rear,1250000.0,2300000,когалым
bmw 3-series gran turismo,2017,2.0,petrol,automatic,awd,890000.0,2850000,новосибирск
bmw 5-series,2002,2.2,petrol,manual,rear,850000.0,1100000,судак
bmw 5-series,2001,2.5,petrol,automatic,rear,3510000.0,700000,одинцово
bmw x5,2008,3.0,petrol,automatic,awd,2450000.0,1400000,ростов-на-дону
bmw x6,2016,4.4,petrol,automatic,awd,1700000.0,3960000,энгельс
bmw 3-series,2008,2.0,petrol,automatic,rear,3174400.0,820000,москва
bmw x6,2012,3.0,petrol,automatic,awd,1680000.0,2100000,симферополь
bmw 3-series,1998,2.5,petrol,manual,rear,3465000.0,1600000,калининград
bmw x5,2009,3.0,petrol,automatic,awd,2305000.0,1800000,томск
bmw 1-series,2012,1.6,petrol,automatic,rear,2048610.0,1000000,ханты-мансийск
bmw x5,2015,3.0,petrol,automatic,awd,981720.0,3300000,пермь
bmw x6,2015,3.0,petrol,automatic,awd,2820220.0,2285150,москва
bmw x6,2022,3.0,diesel,automatic,awd,600000.0,12000000,барнаул
bmw 3-series,2013,2.0,diesel,automatic,awd,1850000.0,2200000,ижевск
bmw x5,2025,3.0,diesel,automatic,awd,270.0,15490000,москва
bmw x5,2018,3.0,diesel,automatic,awd,1440000.0,6800000,пермь
bmw x1,2019,2.0,petrol,automatic,awd,971610.0,2349714,санкт-петербург
bmw 3-series,2010,2.0,diesel,automatic,awd,1926290.0,1349000,нижнекамск
bmw x6,2022,3.0,petrol,automatic,awd,250000.0,10499999,тюмень
bmw 3-series,2020,2.0,petrol,automatic,rear,863350.0,3900000,балашиха
bmw x5,2018,2.0,diesel,automatic,awd,1150000.0,4600000,симферополь
bmw i8,2016,1.5,hybrid,automatic,awd,394050.0,6650000,сочи
bmw x5,2015,3.0,diesel,automatic,awd,1653430.0,3079000,калининград
bmw 5-series,2003,3.0,petrol,manual,rear,3735000.0,1099000,тольятти
bmw 3-series,2006,3.0,petrol,automatic,rear,2480000.0,1650000,севастополь
bmw 2-series,2021,1.5,petrol,robot,front,440000.0,1800000,якутск
bmw x6,2010,3.0,diesel,automatic,awd,2600000.0,2000000,черкесск
bmw 5-series,2021,2.0,petrol,automatic,awd,161170.0,5990000,химки
bmw 5-series,2018,2.0,diesel,automatic,rear,1000000.0,2950000,краснодар
bmw x5,2005,3.0,petrol,automatic,awd,4000.0,1000000,курганинск
bmw 1-series,2013,1.6,petrol,automatic,rear,1864570.0,1129000,екатеринбург
bmw 3-series,2020,2.0,diesel,automatic,rear,439490.0,3109000,ижевск
bmw x6,2013,3.5,petrol,automatic,awd,2150000.0,1999999,раменское
bmw 3-series,2007,2.0,diesel,automatic,rear,2470000.0,1699999,краснодар
bmw x3,2013,2.0,diesel,automatic,awd,1690000.0,1690000,чебоксары
bmw 5-series,2010,3.0,petrol,automatic,rear,2100000.0,1550000,екатеринбург
bmw x7,2021,3.0,hybrid,automatic,awd,660000.0,9500000,уссурийск
bmw x5,2018,3.0,diesel,automatic,awd,1494440.0,4200000,владивосток
bmw x5,2004,3.0,diesel,automatic,awd,3500000.0,1595000,сочи
bmw 7-series,2022,3.0,diesel,automatic,awd,494220.0,10500000,ростов-на-дону
bmw x4,2018,3.0,petrol,automatic,awd,630000.0,6200000,барнаул
bmw 3-series,2016,2.0,petrol,automatic,awd,2250000.0,2100000,москва
bmw 5-series,1998,2.0,petrol,manual,rear,3666600.0,800000,новошахтинск
bmw 7-series,2018,3.0,petrol,automatic,awd,1632390.0,3929000,ростов-на-дону
bmw x3,2021,2.0,diesel,automatic,awd,720000.0,4750000,калининград
bmw 3-series,2010,2.5,petrol,automatic,awd,2100000.0,1400000,сургут
bmw x6,2009,3.0,petrol,automatic,awd,1695000.0,1645000,оренбург
bmw 3-series,2008,2.0,petrol,automatic,rear,1950000.0,800000,санкт-петербург
bmw 3-series,2000,2.2,petrol,manual,rear,4500000.0,500000,сергиев посад
bmw x3,2018,2.0,petrol,automatic,awd,1623680.0,2709150,москва
bmw 5-series,2005,3.0,diesel,automatic,rear,5300000.0,1150000,москва
bmw 3-series,1997,2.0,petrol,manual,rear,3200000.0,300000,старый оскол
bmw x6,2013,4.4,petrol,automatic,awd,1950000.0,2000000,омск
bmw 5-series,2005,2.5,petrol,manual,rear,3623000.0,1200000,новосибирск
bmw 5-series,2023,2.0,hybrid,automatic,awd,152000.0,7350000,москва
bmw x6,2020,3.0,diesel,automatic,awd,1330000.0,7500000,новочебоксарск
bmw 3-series,2002,2.0,petrol,automatic,rear,2098550.0,800000,барнаул
bmw 1-series,2019,1.5,petrol,robot,front,700000.0,2200000,иркутск
bmw 2-series active tourer,2014,1.5,petrol,automatic,front,1250000.0,1150000,севастополь
bmw x4,2019,2.0,diesel,automatic,awd,747150.0,4129000,санкт-петербург
bmw i3,2018,170.0,electric,automatic,rear,479880.0,1900000,москва
bmw 5-series,1997,2.5,petrol,manual,rear,4620000.0,430000,северодвинск
bmw x7,2023,3.0,diesel,automatic,awd,246000.0,13580000,москва
bmw 5-series,2013,2.0,petrol,automatic,rear,2500000.0,1500000,санкт-петербург
bmw 5-series,2018,2.0,diesel,automatic,awd,1234200.0,3575000,москва
bmw 7-series,2002,3.0,diesel,automatic,rear,5000000.0,750000,шадринск
bmw 5-series,2008,3.0,petrol,automatic,awd,2600000.0,1599999,белово
bmw 3-series,2008,2.5,petrol,automatic,awd,1710000.0,1400000,кемерово
bmw m5,2021,4.4,petrol,automatic,awd,29900.0,17250000,екатеринбург
bmw x5,2017,3.0,diesel,automatic,awd,1098000.0,4200000,москва
bmw 5-series,1997,2.0,petrol,manual,rear,8665260.0,300000,калининск
bmw x4,2017,2.0,petrol,automatic,awd,1194270.0,3300000,тольятти
bmw i3,2018,170.0,electric,automatic,rear,924320.0,1900000,москва
bmw x3,2021,3.0,diesel,automatic,awd,1500000.0,6700000,тюмень
bmw 5-series,2018,3.0,diesel,automatic,awd,700000.0,7280000,владивосток
bmw x1,2012,2.0,petrol,automatic,rear,1780000.0,1150000,москва
bmw 5-series,2005,2.5,petrol,automatic,rear,3300000.0,950000,дзержинск
bmw x5,2014,3.0,petrol,automatic,awd,1965000.0,2390000,омск
bmw m3,2022,3.0,petrol,automatic,awd,92500.0,11900000,москва
bmw x3,2018,2.0,diesel,automatic,awd,1170000.0,3760000,голубицкая
bmw 5-series,2002,2.5,diesel,manual,rear,5190000.0,700000,бузулук
bmw x2,2018,2.0,diesel,automatic,awd,1540000.0,2950000,донецк
bmw x5,2010,3.0,diesel,automatic,awd,3310000.0,1800000,москва
bmw 1-series,2008,1.6,petrol,automatic,rear,9500000.0,670000,москва
bmw 5-series,2019,2.0,diesel,automatic,rear,11500000.0,2650000,москва
bmw 3-series,2016,2.0,petrol,automatic,awd,13000000.0,2550000,москва
bmw x7,2020,3.0,diesel,automatic,awd,7974000.0,10599000,москва
bmw 3-series,2020,2.0,petrol,automatic,rear,9300000.0,4100000,москва
bmw 5-series,2024,2.0,petrol,automatic,awd,2200000.0,7950000,москва
bmw 4-series,2022,2.0,petrol,automatic,awd,7400000.0,4690000,москва
bmw x5,2020,2.0,diesel,automatic,awd,10500000.0,5900000,москва
bmw 5-series,2020,2.0,diesel,automatic,awd,5530000.0,5500000,москва
bmw x6,2012,3.0,petrol,automatic,awd,17340000.0,1775000,москва
bmw x5,2016,3.0,diesel,automatic,awd,23100000.0,3450000,москва
bmw x5,2012,3.0,diesel,automatic,awd,15800000.0,1640000,москва
bmw 5-series,2020,2.0,petrol,automatic,awd,8200000.0,5300000,москва
bmw 5-series,2014,2.0,petrol,automatic,rear,24100000.0,1690000,москва
bmw 5-series,2012,2.0,petrol,automatic,rear,23900000.0,1390000,москва
bmw 5-series,2014,3.0,diesel,automatic,awd,26300000.0,1940000,москва
bmw x6,2011,3.0,petrol,automatic,awd,23300000.0,1490000,москва
bmw x5,2020,4.4,petrol,automatic,awd,2150000.0,9990000,москва
bmw x6,2021,3.0,diesel,automatic,awd,2170000.0,11000000,москва
bmw x7,2024,3.0,hybrid,automatic,awd,2300000.0,13450000,москва
bmw m5,2021,4.4,petrol,automatic,awd,3500000.0,12500000,москва
bmw 7-series,2003,4.4,petrol,automatic,rear,13600000.0,745000,москва
bmw x5,2009,3.0,petrol,automatic,awd,22863900.0,1879000,воронеж
bmw x1,2023,2.0,petrol,robot,awd,5068000.0,5200000,домодедово
bmw 5-series,2004,2.5,petrol,automatic,rear,24800000.0,670000,санкт-петербург
bmw 3-series,2007,2.5,petrol,automatic,awd,10500000.0,1070000,чебоксары
bmw 5-series,2019,2.0,diesel,automatic,awd,13350200.0,3500000,краснодар
bmw 5-series,2019,2.0,diesel,automatic,awd,6386100.0,4495000,ростов-на-дону
bmw x3,2024,2.0,petrol,automatic,awd,3041900.0,6500000,москва
bmw x5,2021,3.0,diesel,automatic,awd,3800000.0,9200000,москва
bmw x5,2004,3.0,petrol,automatic,awd,42000000.0,1100000,волгоград
bmw x4,2021,2.0,petrol,automatic,awd,4730000.0,5700000,москва
bmw x1,2011,2.0,petrol,automatic,awd,29937500.0,1179000,санкт-петербург
bmw x7,2019,3.0,diesel,automatic,awd,15140000.0,6700000,тюмень
bmw 6-series,2005,4.4,petrol,automatic,rear,23880400.0,999999,обнинск
bmw x3,2019,2.0,petrol,automatic,awd,10600000.0,4390000,санкт-петербург
bmw 7-series,2025,3.0,hybrid,automatic,awd,411300.0,15900000,москва
bmw x6,2016,3.0,diesel,automatic,awd,14612200.0,3899000,ярославль
bmw 5-series,2013,2.0,petrol,automatic,rear,30090900.0,1800000,советский
bmw 2-series,2018,2.0,diesel,automatic,awd,11570800.0,3100000,санкт-петербург
bmw 5-series,2013,2.0,petrol,automatic,rear,21300000.0,660000,москва
bmw 5-series,2002,3.0,petrol,automatic,rear,39900000.0,2100000,таганрог
bmw 8-series,1992,5.0,petrol,automatic,rear,11700000.0,7500000,москва
bmw 5-series,2021,2.0,diesel,automatic,awd,10862500.0,4950000,москва
bmw x1,2016,2.0,petrol,automatic,awd,21250000.0,1950000,челябинск
bmw 5-series,1997,2.8,petrol,automatic,rear,29670000.0,699000,симферополь
bmw 5-series,2004,2.2,petrol,automatic,rear,40700000.0,800000,орел
bmw 5-series,2008,2.5,petrol,automatic,rear,17800000.0,1350000,зеленокумск
bmw x1,2018,2.0,diesel,automatic,awd,10100000.0,2850000,москва
bmw x5,2011,4.4,petrol,automatic,awd,18000000.0,3333333,таганрог
bmw 5-series,2012,2.0,petrol,automatic,rear,15856500.0,1750000,челябинск
bmw x1,2017,2.0,petrol,automatic,awd,7545400.0,2100000,сургут
bmw 5-series,2020,2.0,petrol,automatic,awd,4400000.0,5450000,москва
bmw 6-series,2019,3.0,diesel,automatic,awd,25638800.0,3390000,подольск
bmw 7-series,2007,4.0,petrol,automatic,rear,32500000.0,1100000,калининград
bmw x3,2012,2.0,diesel,automatic,awd,17000000.0,1090000,кемерово
bmw x4,2020,2.0,diesel,automatic,awd,3742200.0,5250000,москва
bmw 1-series,2021,1.5,petrol,robot,front,4900000.0,1700000,новосибирск
bmw 4-series,2020,2.0,diesel,automatic,awd,9555000.0,4958000,москва
bmw x6,2013,3.0,diesel,automatic,awd,19550800.0,2380000,москва
bmw x5,2019,3.0,diesel,automatic,awd,11300000.0,6660000,москва
bmw x6,2011,3.0,diesel,automatic,awd,24700000.0,1990000,астрахань
bmw 3-series,2007,2.0,petrol,automatic,rear,20200000.0,750000,воронеж
bmw 5-series,2011,2.0,diesel,automatic,rear,31300000.0,1590000,санкт-петербург
bmw 5-series,2018,3.0,diesel,automatic,rear,8600000.0,4900000,барнаул
bmw x1,2022,1.5,petrol,robot,front,2500000.0,2050000,новосибирск
bmw x6,2012,3.0,petrol,automatic,awd,30000.0,2200000,омск
bmw 5-series,2016,2.0,diesel,automatic,rear,16800000.0,2150000,тула
bmw 3-series,2018,2.0,petrol,automatic,awd,13629700.0,3000000,москва
bmw 5-series,2019,2.0,diesel,automatic,awd,15063000.0,3280000,москва
bmw 5-series,2019,3.0,diesel,automatic,awd,10324500.0,3700000,екатеринбург
bmw m3,2012,4.0,petrol,robot,rear,7000000.0,10000000,москва
bmw x7,2021,3.0,hybrid,automatic,awd,8000000.0,9390000,новосибирск
bmw 3-series,2023,3.0,petrol,automatic,awd,1670100.0,7990000,москва
bmw 3-series,2020,2.0,diesel,automatic,rear,2100000.0,3850000,нижний новгород
bmw 6-series,2008,3.0,petrol,automatic,rear,30400000.0,2100000,новосибирск
bmw x5,2021,3.0,diesel,automatic,awd,5630000.0,9200000,краснодар
bmw 5-series,2000,2.0,petrol,manual,rear,39886300.0,549999,новокузнецк
bmw x5,2009,3.0,petrol,automatic,awd,19666600.0,1700000,барнаул
bmw 5-series,1998,2.0,petrol,manual,rear,39250000.0,320000,псков
bmw x5,2013,3.0,diesel,automatic,awd,19500000.0,2500000,первоуральск
bmw 3-series,2013,2.0,diesel,manual,rear,19434000.0,1700000,ростов-на-дону
bmw x5,2017,3.0,diesel,automatic,awd,14110000.0,3700000,ростов-на-дону
bmw 6-series,2011,3.0,petrol,automatic,rear,10500000.0,2999999,москва
bmw 5-series,1995,2.0,petrol,manual,rear,82635200.0,450000,челябинск
bmw x5,2013,3.0,diesel,automatic,awd,23000000.0,2300000,нижнекамск
bmw 5-series gran turismo,2011,3.0,diesel,automatic,awd,29900000.0,1100000,абинск
bmw 5-series,2019,2.0,diesel,automatic,rear,10945100.0,4000000,москва
bmw x6,2021,4.4,petrol,automatic,awd,7220000.0,11500000,москва
bmw 7-series,2011,4.4,petrol,automatic,awd,25300000.0,1150000,екатеринбург
bmw x3,2025,2.0,petrol,automatic,awd,339300.0,6990000,санкт-петербург
bmw 3-series,2020,2.0,diesel,automatic,awd,7955200.0,4090000,санкт-петербург
bmw x5,2008,3.0,petrol,automatic,awd,39000000.0,1300000,красково
bmw x6,2012,3.0,petrol,automatic,awd,20600000.0,2250000,бийск
bmw x5,2002,4.6,petrol,automatic,awd,28400000.0,1299999,краснотурьинск
bmw 3-series,2004,1.8,petrol,manual,rear,19400000.0,600000,тольятти
bmw x5,2016,3.0,diesel,automatic,awd,22957000.0,4050000,симферополь
bmw x5,2008,4.8,petrol,automatic,awd,2100.0,1930000,кызыл
bmw 5-series,2016,2.0,diesel,automatic,rear,26000000.0,1850000,москва
bmw 3-series,2016,1.5,petrol,automatic,rear,5200000.0,1620000,владивосток
bmw x1,2012,2.0,diesel,automatic,awd,26800000.0,1300000,никольское
bmw 3-series,2017,1.5,petrol,automatic,rear,3660000.0,1770000,владивосток
bmw 3-series,2014,1.6,petrol,automatic,rear,26000000.0,1400000,голицыно
bmw 5-series,2015,3.0,diesel,automatic,awd,16416900.0,2599000,санкт-петербург
bmw x3,2012,2.0,diesel,automatic,awd,23700000.0,1820000,казань
bmw 5-series,2020,2.0,petrol,automatic,rear,10500000.0,3750000,каспийск
bmw 2-series,2021,1.5,petrol,robot,front,3500000.0,2500000,тюмень
bmw x5,2016,3.0,diesel,automatic,awd,16500000.0,3900000,сургут
bmw x5,2021,3.0,diesel,automatic,awd,4700000.0,8500000,красноярск
bmw x5,2000,3.0,petrol,automatic,awd,40000000.0,1500000,барнаул
bmw x3,2025,2.0,hybrid,automatic,awd,654300.0,9350000,москва
bmw x3,2025,2.0,hybrid,automatic,awd,741400.0,8350000,москва
bmw x6,2013,3.0,diesel,automatic,awd,34000000.0,2299000,сургут
bmw x5,2007,3.0,petrol,automatic,awd,38400000.0,1100000,краснодар
bmw x5,2001,3.0,petrol,automatic,awd,23100000.0,600000,чебаркуль
bmw 1-series,2012,1.6,petrol,automatic,rear,7800000.0,1450000,минусинск
bmw 1-series,2006,2.0,petrol,automatic,rear,25000000.0,485000,екатеринбург
bmw x6,2015,3.0,diesel,automatic,awd,17800000.0,3200000,новосибирск
bmw 1-series,2012,1.6,petrol,automatic,rear,16300000.0,1095000,яблоновский
bmw 3-series,2019,2.0,petrol,automatic,rear,16800000.0,2770000,воронеж
bmw 5-series,1999,2.0,petrol,automatic,rear,41790000.0,500000,москва
bmw 5-series,1991,2.5,petrol,manual,rear,36650000.0,610000,москва
bmw x5,2013,3.0,diesel,automatic,awd,13900000.0,3850000,махачкала
bmw 5-series,2016,2.0,diesel,automatic,rear,17100000.0,2550000,москва
bmw 1-series,2013,1.6,petrol,automatic,rear,15300000.0,1200000,пенза
bmw x7,2022,3.0,hybrid,automatic,awd,3700000.0,10700000,владивосток
bmw x5,2022,3.0,diesel,automatic,awd,8490000.0,9500000,москва
bmw 3-series,2002,2.0,petrol,manual,rear,34000000.0,150000,северобайкальск
bmw x3,2008,2.5,petrol,automatic,awd,34600000.0,1283000,красноярск
bmw 5-series,1997,2.8,petrol,automatic,rear,27686800.0,545000,йошкар-ола
bmw x3,2008,3.0,petrol,automatic,awd,10000000.0,1350000,онохой
bmw 3-series,2012,2.0,petrol,automatic,rear,14544600.0,1749000,уфа
bmw x4,2019,3.0,diesel,automatic,awd,12147000.0,4700000,москва
bmw 5-series,2019,2.0,diesel,automatic,awd,30049500.0,2259000,москва
bmw 2-series,2021,1.5,petrol,robot,front,8300000.0,2769000,москва
bmw 5-series,2008,3.0,petrol,automatic,awd,18100000.0,2000000,новосибирск
bmw x6,2010,3.0,petrol,automatic,awd,20000000.0,300000,пермь
bmw 3-series,2013,1.6,petrol,automatic,rear,27562800.0,1364900,самара
bmw 3-series,2008,2.0,diesel,manual,rear,31336200.0,1250000,челябинск
bmw x6,2009,3.0,petrol,automatic,awd,36000000.0,1690000,новосибирск
bmw 1-series,2007,1.6,petrol,manual,rear,32600000.0,599000,старый оскол
bmw x5,2017,3.0,diesel,automatic,awd,15015200.0,4689600,казань
bmw 6-series,2012,3.0,diesel,automatic,rear,9106300.0,3350000,чебоксары
bmw 5-series,2021,2.0,petrol,automatic,awd,3700000.0,5950000,новосибирск
bmw x1,2012,2.0,petrol,automatic,awd,12396900.0,1448000,волгоград
bmw x5,2004,3.0,petrol,automatic,awd,26840700.0,1599000,тверь
bmw 3-series,2021,2.0,petrol,automatic,rear,5280000.0,3205000,китай→тюмень
bmw x6,2025,3.0,petrol,automatic,awd,4300.0,15960000,санкт-петербург
bmw 2-series,2020,1.5,petrol,robot,front,5299000.0,2779000,санкт-петербург
bmw 5-series,2000,2.0,petrol,manual,rear,27000000.0,700000,москва
bmw 5-series,2004,2.2,petrol,manual,rear,40000000.0,1200000,новосибирск
bmw 5-series,2020,2.0,diesel,automatic,rear,6900000.0,3590000,владивосток
bmw x5,2004,3.0,petrol,automatic,awd,29300000.0,900000,краснодар
bmw 7-series,2012,4.4,petrol,automatic,awd,13200000.0,2100000,иркутск
bmw x5,2017,3.0,diesel,automatic,awd,9850000.0,5250000,барнаул
bmw 5-series,2004,2.5,petrol,automatic,rear,15574100.0,670000,хабаровск
bmw 1-series,2018,1.5,petrol,automatic,rear,9100000.0,1390000,новосибирск
bmw x5,2005,4.4,petrol,automatic,awd,19500000.0,1025000,новосибирск
bmw x5,2005,3.0,petrol,automatic,awd,22300000.0,1150000,новосибирск
bmw 3-series,2019,2.0,diesel,automatic,awd,10530000.0,3299999,красноярск
bmw x6,2021,4.4,petrol,automatic,awd,6500000.0,10150000,санкт-петербург
bmw x1,2023,2.0,petrol,robot,awd,1900000.0,5350000,хабаровск
bmw x5,2019,3.0,diesel,automatic,awd,14900000.0,5700000,санкт-петербург
bmw 2-series,2019,1.5,petrol,robot,front,12542500.0,2110000,владивосток
bmw 5-series,2019,3.0,diesel,automatic,awd,3900000.0,5500000,омск
bmw 5-series,2020,2.0,petrol,automatic,rear,5600000.0,4900000,владивосток
bmw 5-series,2013,3.0,diesel,automatic,awd,21200000.0,1890000,красноярск
bmw 5-series,1990,2.5,petrol,manual,rear,45000000.0,350000,саянск
bmw x5,2021,3.0,diesel,automatic,awd,6484500.0,9400000,москва
bmw 5-series,2014,2.0,petrol,automatic,rear,20743200.0,1660000,москва
bmw x6,2020,3.0,diesel,automatic,awd,8240900.0,8900000,москва
bmw x7,2020,3.0,hybrid,automatic,awd,19800000.0,6200000,сочи
bmw 1-series,2012,1.6,petrol,automatic,rear,21000000.0,1185000,екатеринбург
bmw x5,2015,3.0,petrol,automatic,awd,13750000.0,3000000,новосибирск
bmw x1,2023,1.5,petrol,robot,front,2300000.0,3100000,китай→владивосток
bmw x3,2021,2.0,diesel,automatic,awd,5450000.0,4900000,москва
bmw 1-series,2018,1.5,petrol,automatic,rear,9800000.0,2290000,краснодар
bmw 5-series,1998,2.8,petrol,manual,rear,50000000.0,750000,чита
bmw 5-series,2012,3.0,diesel,automatic,awd,27300000.0,1650000,санкт-петербург
bmw 1-series,2011,1.6,petrol,automatic,rear,25800000.0,780000,новосибирск
bmw x1,2012,2.0,petrol,automatic,awd,23751600.0,1134000,тюмень
bmw x1,2017,2.0,petrol,automatic,awd,8900000.0,2510000,владивосток
bmw 5-series,2012,2.0,petrol,automatic,rear,17900000.0,1550000,ростов-на-дону
bmw 1-series,2021,2.0,petrol,automatic,awd,2300000.0,3450000,владивосток
bmw x5,2016,3.0,diesel,automatic,awd,14004700.0,3700000,иркутск
bmw 5-series,2019,2.0,diesel,automatic,awd,16970000.0,2790000,москва
bmw x1,2017,1.5,petrol,automatic,front,5330000.0,2000000,чита
bmw 5-series,2020,3.0,petrol,automatic,awd,5000000.0,7000000,владивосток
bmw x6,2015,3.0,diesel,automatic,awd,18000000.0,3250000,тольятти
bmw 5-series,2013,2.0,petrol,automatic,awd,10250000.0,2460000,новосибирск
bmw 3-series,2002,2.0,petrol,automatic,rear,11000000.0,700000,новосибирск
bmw 3-series,2006,2.0,petrol,automatic,rear,14000000.0,310000,владивосток
bmw 5-series,1999,2.5,petrol,automatic,rear,33450000.0,750000,калининград
bmw x5,2021,3.0,petrol,automatic,awd,13000000.0,6700000,самара
bmw 5-series,2018,2.0,diesel,automatic,rear,24985400.0,2500000,севастополь
bmw x6,2016,3.0,petrol,automatic,awd,11300000.0,3200000,благовещенск
bmw 5-series,2021,2.0,diesel,automatic,awd,13800000.0,5000000,екатеринбург
bmw x4,2016,2.0,petrol,automatic,awd,14300000.0,2650000,санкт-петербург
bmw x3,2018,2.0,diesel,automatic,awd,9100000.0,3950000,владивосток
bmw 5-series,2013,3.0,diesel,automatic,awd,20900000.0,2499000,тюмень
bmw 5-series,2013,2.0,petrol,automatic,rear,21553500.0,1817000,красноярск
bmw x2,2018,1.5,petrol,robot,front,1890000.0,2097000,красноярск
bmw 5-series,2021,2.0,hybrid,automatic,rear,7700000.0,4897000,красноярск
bmw 1-series,2004,2.0,petrol,automatic,rear,25000000.0,750000,краснодар
bmw 4-series,2021,3.0,hybrid,automatic,awd,2591500.0,7980000,москва
bmw 5-series,2010,3.0,diesel,automatic,rear,17431000.0,2250000,москва
bmw 5-series gran turismo,2012,3.0,petrol,automatic,awd,14300000.0,1850000,сочи
bmw 5-series,2010,3.0,petrol,automatic,rear,17700000.0,1800000,тюмень
bmw 5-series,2012,2.0,petrol,automatic,rear,23400000.0,1499000,красноярск
bmw x5,2014,3.0,petrol,automatic,awd,25005000.0,2450000,омск
bmw 3-series,1984,2.0,petrol,manual,rear,30441400.0,120000,сочи
bmw x5,2025,3.0,diesel,automatic,awd,1000.0,15090000,москва
bmw 5-series,2005,3.0,petrol,automatic,rear,25000000.0,739990,новосибирск
bmw 5-series,2009,2.5,petrol,automatic,rear,48318800.0,1289000,волгоград
bmw 5-series,2017,2.0,diesel,automatic,awd,7530000.0,3345000,красноярск
bmw x3,2004,2.5,petrol,automatic,awd,25500000.0,780000,томск
bmw x6,2018,3.0,diesel,automatic,awd,13312200.0,5290000,новосибирск
bmw x6,2015,3.0,diesel,automatic,awd,9925000.0,3990000,ростов-на-дону
bmw 5-series,2013,2.0,petrol,automatic,awd,13400000.0,2100000,химки
bmw x6,2011,3.0,petrol,automatic,awd,19500000.0,1750000,хабаровск
bmw 5-series,2020,2.0,petrol,automatic,rear,13000000.0,3750000,краснодар
bmw 1-series,2012,1.6,petrol,manual,rear,19400000.0,1400000,уфа
bmw x6,2015,3.0,diesel,automatic,awd,13800000.0,3499000,кемерово
bmw x5,2009,3.0,diesel,automatic,awd,31100000.0,1900000,подольск
bmw xm,2023,4.4,hybrid,automatic,awd,3500000.0,16000000,иркутск
bmw 3-series,2009,2.0,petrol,automatic,rear,8600000.0,1249000,иркутск
bmw 1-series,2017,1.5,petrol,automatic,rear,8388200.0,1962000,ставрополь
bmw x6,2016,3.0,diesel,automatic,awd,13053000.0,3849000,ставрополь
bmw m5,2022,4.4,petrol,automatic,awd,2200000.0,15000000,барнаул
bmw 5-series,2014,2.0,petrol,automatic,awd,26000000.0,2250000,бийск
bmw x6,2009,3.0,petrol,automatic,awd,22500000.0,1350000,ногинск
bmw x5,2011,3.0,diesel,automatic,awd,24900000.0,1999000,санкт-петербург
bmw 5-series,2010,2.5,petrol,automatic,rear,25400000.0,1450000,новосибирск
bmw x5,2020,3.0,diesel,automatic,awd,10503900.0,6299000,калининград
bmw 3-series,2011,2.0,petrol,automatic,rear,23179000.0,1200000,москва
bmw 3-series,2000,2.0,petrol,manual,rear,40000000.0,390000,москва
bmw 1-series,2010,1.6,petrol,automatic,rear,17600000.0,750000,апшеронск
bmw 5-series,2011,3.0,petrol,automatic,rear,30800000.0,1650000,иркутск
bmw 7-series,2015,4.4,petrol,automatic,awd,16405400.0,3980000,краснодар
bmw 3-series,2019,2.0,diesel,automatic,rear,4687800.0,4280000,краснодар
bmw x5,2019,3.0,diesel,automatic,awd,14483500.0,5444000,краснодар
bmw 3-series,2012,2.0,petrol,automatic,rear,19532000.0,1765000,краснодар
bmw 5-series,2002,2.2,petrol,automatic,rear,25400000.0,770000,тюмень
bmw 1-series,2011,2.0,petrol,automatic,rear,18600000.0,1200000,самара
bmw x5,2008,3.0,diesel,automatic,awd,22500000.0,1599999,москва
bmw m4,2021,3.0,petrol,automatic,awd,3735000.0,9500000,симферополь
bmw 5-series,2024,2.0,petrol,automatic,awd,1590000.0,8200000,симферополь
bmw x5,2020,3.0,diesel,automatic,awd,6400000.0,8100000,симферополь
bmw x6,2024,3.0,petrol,automatic,awd,1000.0,12999000,нягань
bmw x2,2018,2.0,petrol,automatic,awd,9750000.0,2190000,владивосток
bmw 3-series,2013,2.0,diesel,automatic,awd,18900000.0,2350000,брянск
bmw 1-series,2011,1.6,petrol,automatic,rear,28850000.0,665000,екатеринбург
bmw x5,2008,3.0,petrol,automatic,awd,18575800.0,1399000,ярославль
bmw x5,2020,3.0,diesel,automatic,awd,4600000.0,6850000,владивосток
bmw x7,2021,3.0,hybrid,automatic,awd,10500000.0,6780000,санкт-петербург
bmw 3-series,2022,2.0,petrol,automatic,rear,4900000.0,3230000,китай→владивосток
bmw x5,2007,4.8,petrol,automatic,awd,21500.0,1850000,молодежный
bmw x6,2023,3.0,diesel,automatic,awd,3600000.0,11000000,омск
bmw 6-series,2007,3.0,petrol,automatic,rear,31600000.0,1080000,жаворонки
bmw x5,2002,3.0,petrol,manual,awd,22870000.0,1100000,шелехов
bmw 7-series,1992,3.0,petrol,manual,rear,20000000.0,190000,краснодар
bmw x3,2005,3.0,petrol,automatic,awd,30705500.0,670000,екатеринбург
bmw 4-series,2015,3.0,petrol,automatic,awd,18000000.0,2650000,санкт-петербург
bmw x1,2013,2.0,petrol,automatic,awd,23743200.0,1560000,воронеж
bmw 3-series,2016,1.5,petrol,automatic,rear,9179100.0,1489999,кемерово
bmw 6-series,2007,3.0,petrol,automatic,rear,17000000.0,1000000,волгоград
bmw x4,2021,2.0,petrol,automatic,awd,10965000.0,4870000,ростов-на-дону
bmw 5-series,2006,2.5,petrol,automatic,rear,20000000.0,1100000,омск
bmw 3-series,2010,2.0,petrol,automatic,rear,16064800.0,1350000,краснодар
bmw x5,2013,3.0,diesel,automatic,awd,24900000.0,2649000,кемерово
bmw 1-series,2012,1.6,petrol,automatic,rear,29300000.0,990000,симферополь
bmw 5-series,1998,2.0,petrol,manual,rear,38000000.0,420000,клин
bmw 3-series,2003,2.5,petrol,automatic,rear,12000000.0,650000,иркутск
bmw 3-series,2007,2.0,petrol,automatic,rear,13000000.0,890000,новокузнецк
bmw x1,2016,2.0,petrol,automatic,awd,16700000.0,1887000,новокузнецк
bmw 2-series,2020,1.5,petrol,robot,front,3638000.0,2050000,владивосток
bmw 3-series,2008,2.5,petrol,automatic,rear,30000000.0,950000,карталы
bmw x6,2021,3.0,petrol,automatic,awd,4480000.0,9490000,новосибирск
bmw x4,2024,2.0,petrol,automatic,awd,1921000.0,6500000,новосибирск
bmw x1,2018,1.5,petrol,robot,front,7473300.0,2299000,яблоновский
bmw 5-series,2020,2.0,petrol,automatic,rear,8688900.0,4599000,яблоновский
bmw x6,2015,3.0,diesel,automatic,awd,19920000.0,3290000,екатеринбург
bmw 3-series,2014,1.6,petrol,automatic,rear,13435200.0,1400000,краснодар
bmw x3,2012,3.0,diesel,automatic,awd,14000000.0,1800000,барнаул
bmw x5,2010,3.0,petrol,automatic,awd,22316400.0,1775000,красноярск
bmw 3-series,2012,2.0,petrol,automatic,rear,24000000.0,2100000,тюмень
bmw 7-series,2019,3.0,diesel,automatic,awd,7810000.0,5300000,иркутск
bmw m5,2024,4.4,hybrid,automatic,awd,600000.0,18500000,иркутск
bmw 5-series,2020,2.0,petrol,automatic,rear,10300000.0,4350000,хабаровск
bmw 3-series,2019,2.0,diesel,automatic,rear,14000000.0,1821000,санкт-петербург
bmw 1-series,2012,1.6,petrol,automatic,rear,16689000.0,970000,красноярск
bmw x5,2007,3.0,diesel,automatic,awd,39713900.0,1400000,воронеж
bmw 5-series,2013,2.0,diesel,automatic,awd,22389600.0,1743000,москва
bmw x3,2013,2.0,petrol,automatic,awd,22238800.0,1980000,екатеринбург
bmw 3-series,1992,1.6,petrol,manual,rear,30000000.0,190000,тюмень
bmw x3,2012,2.0,petrol,automatic,awd,13900000.0,2090000,сургут
bmw 5-series,1995,2.5,diesel,manual,rear,49000000.0,550000,евпатория
bmw x5,2019,3.0,diesel,automatic,awd,11500000.0,5850000,краснодар
bmw 3-series,2020,2.0,diesel,automatic,awd,21356300.0,3300000,иркутск
bmw 5-series,2017,2.0,diesel,automatic,rear,9700000.0,3199000,красноярск
bmw 1-series,2010,1.6,petrol,automatic,rear,13793700.0,880000,кемерово
bmw 7-series,2019,3.0,diesel,automatic,awd,11158100.0,5690000,москва
bmw x7,2022,3.0,hybrid,automatic,awd,6158700.0,11900000,москва
bmw 1-series,2010,1.6,petrol,automatic,rear,20250000.0,750000,санкт-петербург
bmw x5,2006,4.4,petrol,automatic,awd,27700000.0,1000000,североуральск
bmw 2-series gran tourer,2016,1.5,petrol,automatic,front,11650000.0,1300000,владивосток
bmw 5-series,2019,2.0,diesel,automatic,awd,10000000.0,4300000,хабаровск
bmw 5-series,2021,2.0,diesel,automatic,awd,15833100.0,4390000,симферополь
bmw 5-series,2005,3.0,petrol,automatic,rear,12000000.0,2560000,миллерово
bmw x4,2019,2.0,diesel,automatic,awd,5500000.0,4250000,хабаровск
bmw 3-series,2016,1.5,petrol,automatic,rear,22000000.0,1450000,бахчисарай
bmw x3,2018,2.0,diesel,automatic,awd,9866600.0,4236000,москва
bmw 3-series,2017,2.0,diesel,automatic,awd,21500.0,2900000,кемерово
bmw 3-series,2008,2.5,petrol,automatic,awd,21300.0,585000,челябинск
bmw 3-series,2006,2.5,petrol,automatic,rear,35000000.0,470000,москва
bmw x3,2019,2.0,diesel,automatic,awd,18000000.0,3550000,москва
bmw 5-series,1999,2.5,petrol,automatic,rear,38884800.0,450000,пермь
bmw 1-series,2012,1.6,petrol,automatic,rear,27400000.0,1200000,тольятти
bmw x6,2021,3.0,diesel,automatic,awd,7400000.0,7300000,краснодар
bmw x5,2003,4.6,petrol,automatic,awd,25000000.0,500000,дигора
bmw x1,2011,2.0,petrol,automatic,rear,14400000.0,1300000,моздок
bmw 5-series,2004,3.0,petrol,automatic,rear,22299900.0,1000099,прокопьевск
bmw x6,2019,3.0,diesel,automatic,awd,17501900.0,4470000,москва
bmw x5,2002,4.4,petrol,automatic,awd,18000000.0,500000,улан-удэ
bmw 5-series,2012,2.0,petrol,automatic,rear,17320000.0,2000000,томск
bmw x4,2019,2.0,petrol,automatic,awd,5500000.0,4550000,владивосток
bmw x5,2010,3.0,petrol,automatic,awd,19104500.0,1899000,сургут
bmw 3-series,2012,2.0,petrol,automatic,rear,22900000.0,1699000,михайловск
bmw 7-series,2010,4.4,petrol,automatic,awd,23500000.0,2000000,москва
bmw 3-series,2011,2.0,petrol,automatic,rear,27000000.0,1900000,москва
bmw 1-series,2013,1.6,petrol,automatic,rear,11111100.0,1250000,ангарск
bmw x5,2014,3.0,petrol,automatic,awd,22005000.0,2495000,санкт-петербург
bmw 5-series,1999,2.0,petrol,manual,rear,36000000.0,650000,мариинск
bmw 5-series,2017,2.0,diesel,automatic,rear,21200000.0,2350000,санкт-петербург
bmw 2-series active tourer,2015,1.5,petrol,automatic,front,8127300.0,1245000,иркутск
bmw x1,2012,2.0,diesel,automatic,awd,22450000.0,1299000,уфа
bmw x3,2013,3.0,diesel,automatic,awd,20000000.0,2150000,москва
bmw 5-series,2021,2.0,petrol,automatic,rear,7880000.0,4300000,москва
bmw x4,2018,2.0,petrol,automatic,awd,21220000.0,3420000,курган
bmw 5-series,1998,2.8,petrol,automatic,rear,28000000.0,320000,беслан
bmw 5-series,2012,2.0,diesel,automatic,awd,16400000.0,1930000,челябинск
bmw 7-series,2002,4.4,petrol,automatic,rear,29900000.0,550000,ульяновск
bmw 3-series,2016,2.0,petrol,automatic,rear,19500000.0,1790000,москва
bmw x5,2020,3.0,diesel,automatic,awd,7961200.0,9900000,тюмень
bmw x6,2016,3.0,diesel,automatic,awd,14137200.0,3000000,иркутск
bmw x6,2019,3.0,diesel,automatic,awd,19900000.0,4999999,санкт-петербург
bmw 3-series,2013,2.0,diesel,automatic,awd,18500000.0,1820000,екатеринбург
bmw x1,2019,1.5,petrol,robot,front,7290000.0,1969000,иркутск
bmw 1-series,2010,1.6,petrol,automatic,rear,16522300.0,829900,уфа
bmw x5,2012,3.0,diesel,automatic,awd,15000000.0,2500000,пенза
bmw x3,2023,2.0,petrol,automatic,awd,3773100.0,5597000,красноярск
bmw 7-series,2016,3.0,diesel,automatic,awd,18000000.0,3000000,москва
bmw x5,2009,3.0,petrol,automatic,awd,19664500.0,1627000,барнаул
bmw 3-series,2011,2.0,petrol,automatic,rear,17320000.0,900000,москва
bmw 5-series,2010,2.5,petrol,automatic,rear,23300000.0,1690000,красноярск
bmw 3-series,2016,1.5,petrol,automatic,rear,9900000.0,1650000,челябинск
bmw 3-series,2007,2.0,petrol,automatic,rear,28700000.0,670000,екатеринбург
bmw 1-series,2009,1.6,petrol,automatic,rear,13400000.0,849000,сургут
bmw 7-series,2019,3.0,diesel,automatic,awd,7689000.0,5650000,москва
bmw 3-series,2007,2.5,petrol,automatic,rear,29000000.0,1100000,тюмень
bmw 5-series,2020,2.0,petrol,automatic,awd,8608900.0,4048000,волгоград
bmw x5,2011,4.4,petrol,automatic,awd,24300000.0,2500000,красноярск
bmw 5-series,2012,2.0,diesel,automatic,awd,32089600.0,1270000,новосибирск
bmw x5,2009,3.0,diesel,automatic,awd,35800000.0,1780000,челябинск
bmw 7-series,1998,2.8,petrol,automatic,rear,29900000.0,499000,тюмень
bmw 7-series,2012,3.0,petrol,automatic,awd,24700000.0,2500000,барнаул
bmw x7,2022,3.0,hybrid,automatic,awd,5900000.0,12500000,иркутск
bmw x5,2015,3.0,diesel,automatic,awd,20517800.0,3600000,ильинское
bmw 3-series,2013,2.0,petrol,automatic,rear,13400000.0,1800000,тюмень
bmw 7-series,2004,4.4,petrol,automatic,rear,33300000.0,750000,владикавказ
bmw 3-series,2021,2.0,diesel,automatic,awd,3500000.0,3330000,владивосток
bmw 5-series,2007,3.0,petrol,automatic,awd,24800000.0,1170000,екатеринбург
bmw 5-series,2011,2.5,petrol,automatic,rear,16500000.0,2100000,рубцовск
bmw 1-series,2022,1.5,petrol,robot,front,4000000.0,1590000,китай→владивосток
bmw x5,2024,3.0,petrol,automatic,awd,1500000.0,13200000,москва
bmw 3-series,2008,2.5,petrol,automatic,rear,28000000.0,900000,кыштым
bmw 1-series,2009,1.6,petrol,automatic,rear,21981100.0,718000,хабаровск
bmw x5,2022,3.0,diesel,automatic,awd,2850000.0,11500000,набережные челны
bmw x5,2019,3.0,diesel,automatic,awd,15000000.0,6450000,иваново
bmw x3,2013,2.0,petrol,automatic,awd,21600000.0,2125000,чебоксары
