title,brand,model,price,year,body_type,volume,fuel,gearbox,type
BMW X5,BMW,X5,8000000,2013,кроссовер,3.0,бензин,автомат,Б/у
BMW 535,BMW,535,10500000,2012,седан,3.0,бензин,автомат,Б/у
BMW 528,BMW,528,1435555,1991,седан,2.8,бензин,механика,Б/у
BMW X5,BMW,X5,13500000,2014,кроссовер,3.0,бензин,автомат,Б/у
BMW 316,BMW,316,650000,1994,купе,1.6,бензин,механика,Б/у
BMW 840,BMW,840,45000000,2020,седан,3.0,бензин,автомат,Б/у
BMW 520,BMW,520,650000,1991,седан,2.0,бензин,механика,Б/у
BMW 730,BMW,730,3400000,1994,седан,3.0,бензин,автомат,Б/у
BMW 528,BMW,528,2400000,1989,седан,2.8,газ-бензин,механика,Б/у
BMW 525,BMW,525,1500000,1993,седан,2.5,бензин,механика,Б/у
BMW M5,BMW,M5,48000000,2019,седан,4.4,бензин,автомат,Б/у
BMW 530,BMW,530,5600000,2006,седан,3.0,бензин,автомат,Б/у
BMW 530,BMW,530,17700000,2017,седан,2.0,бензин,автомат,Б/у
BMW 318,BMW,318,2000000,1992,седан,1.8,бензин,автомат,Б/у
BMW X6,BMW,X6,9700000,2009,кроссовер,3.0,бензин,автомат,Б/у
BMW 520,BMW,520,1000000,1988,седан,2.0,бензин,автомат,Б/у
BMW X6,BMW,X6,10300000,2012,кроссовер,3.0,бензин,автомат,Б/у
BMW 520,BMW,520,1350000,1993,седан,2.0,бензин,автомат,Б/у
BMW X4,BMW,X4,17500000,2014,кроссовер,2.0,бензин,автомат,Б/у
BMW 745,BMW,745,3500000,2002,седан,4.4,бензин,автомат,Б/у
BMW 525,BMW,525,3500000,1999,седан,2.5,бензин,автомат,Б/у
BMW X7,BMW,X7,75000000,2023,кроссовер,4.4,бензин,автомат,Б/у
BMW 320,BMW,320,1900000,1991,седан,2.0,бензин,механика,Б/у
BMW 740,BMW,740,39900000,2021,седан,3.0,бензин,автомат,Б/у
BMW 740,BMW,740,4000000,2008,седан,4.0,газ-бензин,автомат,Б/у
BMW 520,BMW,520,1000000,1984,седан,2.0,бензин,механика,Б/у
BMW X5,BMW,X5,47100000,2023,кроссовер,3.0,бензин,автомат,Б/у
BMW X5,BMW,X5,6000000,2003,кроссовер,3.0,бензин,автомат,Б/у
BMW 540,BMW,540,37999999,2017,седан,3.0,бензин,автомат,Б/у
BMW X5,BMW,X5,18000000,2016,кроссовер,3.0,бензин,автомат,Б/у
BMW 525,BMW,525,2900000,2000,седан,2.5,бензин,механика,Б/у
BMW 530,BMW,530,25500000,2020,седан,2.0,бензин,автомат,Б/у
BMW X3,BMW,X3,12000000,2014,кроссовер,2.0,бензин,автомат,Б/у
BMW 535,BMW,535,7200000,2014,седан,3.0,бензин,автомат,Б/у
BMW X3,BMW,X3,22800000,2022,кроссовер,2.0,бензин,автомат,Б/у
BMW 318,BMW,318,1100000,1991,седан,1.8,бензин,механика,Б/у
BMW X7,BMW,X7,68000000,2023,кроссовер,4.4,бензин,автомат,Б/у
BMW X5,BMW,X5,14000000,2014,кроссовер,3.0,бензин,автомат,Б/у
BMW 5 серия,BMW,5 серия,26000000,2023,седан,2.0,бензин,автомат,Б/у
BMW 525,BMW,525,36000000,2025,седан,2.0,бензин,автомат,Б/у
BMW X5,BMW,X5,5900000,2004,кроссовер,3.0,бензин,автомат,Б/у
BMW 528,BMW,528,2500000,1997,седан,2.8,бензин,автомат,Б/у
BMW 530,BMW,530,16850000,2017,седан,2.0,бензин,автомат,Б/у
BMW 530,BMW,530,38000000,2023,седан,2.0,бензин,автомат,Б/у
BMW 530,BMW,530,6500000,2003,седан,3.0,бензин,автомат,Б/у
BMW 525,BMW,525,2200000,1997,седан,2.5,бензин,механика,Б/у
BMW 316,BMW,316,4000000,1990,купе,1.6,бензин,механика,Б/у
BMW 530,BMW,530,2700000,1992,седан,3.0,бензин,механика,Б/у
BMW 320,BMW,320,3800000,2002,седан,2.0,бензин,механика,Б/у
BMW 750,BMW,750,5500000,1996,седан,5.4,бензин,автомат,Б/у
BMW 325,BMW,325,1500000,1996,седан,2.5,бензин,механика,Б/у
BMW 530,BMW,530,17300000,2017,седан,2.0,бензин,автомат,Б/у
BMW X5,BMW,X5,5000000,2000,кроссовер,4.4,бензин,автомат,Б/у
BMW 520,BMW,520,2200000,1996,седан,2.0,бензин,механика,Б/у
BMW 520,BMW,520,2000000,1997,седан,2.0,бензин,механика,Б/у
BMW X5,BMW,X5,5500000,2002,кроссовер,3.0,бензин,автомат,Б/у
BMW X6,BMW,X6,9000000,2008,кроссовер,3.0,бензин,автомат,Б/у
BMW X5,BMW,X5,4999999,2001,кроссовер,3.0,бензин,автомат,Б/у
BMW 528,BMW,528,12000000,2014,седан,2.0,бензин,автомат,Б/у
BMW 328,BMW,328,1300000,1995,седан,2.8,бензин,механика,Б/у
BMW 318,BMW,318,1100000,1992,седан,1.8,бензин,механика,Б/у
BMW X5,BMW,X5,4300000,2003,кроссовер,3.0,бензин,автомат,Б/у
BMW 328,BMW,328,4270000,1999,седан,2.8,бензин,автомат,Б/у
BMW 520,BMW,520,1100000,1991,седан,2.0,бензин,механика,Б/у
BMW X5,BMW,X5,8100000,2007,кроссовер,4.8,бензин,автомат,Б/у
BMW 525,BMW,525,2900000,2001,седан,2.5,бензин,автомат,Б/у
BMW 520,BMW,520,2000000,1994,седан,1.8,бензин,механика,Б/у
BMW 525,BMW,525,1000000,1991,седан,2.5,бензин,механика,Б/у
BMW 730,BMW,730,5800000,2006,седан,3.0,бензин,автомат,Б/у
BMW 218,BMW,218,20000000,2023,седан,1.5,бензин,робот,Б/у
BMW 325,BMW,325,1800000,1991,седан,2.5,бензин,механика,Б/у
BMW 520,BMW,520,1200000,1993,седан,2.0,бензин,механика,Б/у
BMW 320,BMW,320,1600000,1992,седан,2.0,бензин,механика,Б/у
BMW X5,BMW,X5,20000000,2013,кроссовер,4.4,бензин,автомат,Б/у
BMW 330,BMW,330,9000000,2015,седан,2.0,бензин,автомат,Б/у
BMW 520,BMW,520,1800000,1990,седан,2.0,бензин,механика,Б/у
BMW 525,BMW,525,1100000,1995,универсал,2.5,бензин,автомат,Б/у
BMW 528,BMW,528,7200000,2010,седан,3.0,бензин,автомат,Б/у
BMW X6,BMW,X6,45000000,2021,кроссовер,3.0,бензин,автомат,Б/у
BMW 330,BMW,330,3000000,1995,купе,3.0,бензин,автомат,Б/у
BMW 520,BMW,520,10500000,2013,седан,2.0,бензин,автомат,Б/у
BMW 525,BMW,525,1000000,1992,седан,2.5,бензин,автомат,Б/у
BMW 528,BMW,528,2250000,1996,седан,2.8,бензин,механика,Б/у
BMW X5,BMW,X5,12879750,2017,кроссовер,3.0,бензин,автомат,Б/у
BMW X5,BMW,X5,6000000,2001,кроссовер,4.6,бензин,автомат,Б/у
BMW 320,BMW,320,3000000,1999,седан,2.0,бензин,механика,Б/у
BMW X5,BMW,X5,5200000,2002,кроссовер,3.0,бензин,автомат,Б/у
BMW X5,BMW,X5,4500000,2001,кроссовер,3.0,бензин,автомат,Б/у
BMW 530,BMW,530,2500000,1999,седан,3.0,бензин,автомат,Б/у
BMW 528,BMW,528,10500000,2014,седан,2.0,бензин,автомат,Б/у
BMW X5,BMW,X5,8000000,2007,кроссовер,3.0,бензин,автомат,Б/у
BMW 520,BMW,520,2200000,1992,седан,2.0,бензин,автомат,Б/у
BMW 530,BMW,530,24000000,2021,седан,2.0,бензин,автомат,Б/у
BMW 330,BMW,330,3400000,2001,седан,3.0,бензин,автомат,Б/у
BMW 320,BMW,320,900000,1992,седан,2.0,бензин,механика,Б/у
BMW 730,BMW,730,1350000,1991,седан,3.0,бензин,механика,Б/у
BMW 528,BMW,528,2100000,1996,седан,2.8,бензин,автомат,Б/у
BMW M5,BMW,M5,66000000,2023,седан,4.4,бензин,автомат,Б/у
BMW 520,BMW,520,3500000,1995,седан,2.0,бензин,механика,Б/у
BMW 520,BMW,520,1650000,1992,седан,2.0,бензин,механика,Б/у
BMW X5,BMW,X5,7999999,2008,кроссовер,4.8,бензин,автомат,Б/у
BMW X5,BMW,X5,30500000,2019,кроссовер,3.0,бензин,автомат,Б/у
BMW 528,BMW,528,7500000,2009,седан,3.0,бензин,автомат,Б/у
BMW X5,BMW,X5,18800000,2016,кроссовер,3.0,бензин,автомат,Б/у
BMW 730,BMW,730,3000000,1995,седан,3.0,бензин,автомат,Б/у
BMW X5,BMW,X5,17500000,2017,кроссовер,3.0,бензин,автомат,Б/у
BMW 520,BMW,520,800000,1990,седан,2.0,бензин,механика,Б/у
BMW 330,BMW,330,1450000,1994,седан,2.0,бензин,механика,Б/у
BMW 520,BMW,520,2700000,1997,седан,2.0,бензин,автомат,Б/у
BMW 525,BMW,525,1750000,1994,седан,2.5,бензин,механика,Б/у
BMW 520,BMW,520,900000,1992,седан,2.0,бензин,механика,Б/у
BMW 520,BMW,520,2700000,1998,седан,2.5,бензин,механика,Б/у
BMW 525,BMW,525,1600000,1992,седан,2.5,бензин,механика,Б/у
BMW 728,BMW,728,3500000,1997,седан,2.8,бензин,автомат,Б/у
BMW 520,BMW,520,12000000,2014,седан,2.0,бензин,автомат,Б/у
BMW 528,BMW,528,3200000,1997,седан,2.8,бензин,автомат,Б/у
BMW 740,BMW,740,5500000,1999,седан,4.4,бензин,автомат,Б/у
BMW 325,BMW,325,1150000,1991,седан,2.5,бензин,механика,Б/у
BMW 730,BMW,730,1500000,1993,седан,3.0,бензин,автомат,Б/у
BMW X5,BMW,X5,41500000,2021,кроссовер,3.0,бензин,автомат,Б/у
BMW X5,BMW,X5,19900000,2016,кроссовер,3.0,бензин,автомат,Б/у
BMW 520,BMW,520,550000,1993,седан,2.0,бензин,механика,Б/у
BMW 525,BMW,525,1100000,1991,седан,2.5,бензин,механика,Б/у
BMW 730,BMW,730,21800000,2017,седан,2.0,бензин,автомат,Б/у
BMW X5 M,BMW,X5 M,27500000,2015,кроссовер,4.4,бензин,робот,Б/у
BMW 540,BMW,540,22000000,2017,седан,3.0,бензин,автомат,Б/у
BMW X5,BMW,X5,28000000,2018,кроссовер,3.0,бензин,автомат,Б/у
BMW 330,BMW,330,9500000,2007,кабриолет,3.0,бензин,автомат,Б/у
BMW 525,BMW,525,1800000,1994,седан,2.5,бензин,автомат,Б/у
BMW X5,BMW,X5,7500000,2008,кроссовер,4.8,бензин,автомат,Б/у
BMW 528,BMW,528,3000000,1997,седан,2.8,бензин,автомат,Б/у
BMW 520,BMW,520,400000,1992,седан,2.0,бензин,механика,Б/у
BMW 318,BMW,318,999999,1995,седан,1.8,бензин,механика,Б/у
BMW 528,BMW,528,3300000,1997,седан,2.8,бензин,автомат,Б/у
BMW 530,BMW,530,16500000,2018,седан,2.0,бензин,автомат,Б/у
BMW 328,BMW,328,2000000,1991,седан,2.8,бензин,механика,Б/у
BMW 520,BMW,520,1250000,1995,седан,2.0,бензин,механика,Б/у
BMW X7,BMW,X7,75000000,2024,кроссовер,3.0,бензин,автомат,Б/у
BMW 525,BMW,525,4547500,2006,седан,2.5,бензин,автомат,Б/у
BMW 520,BMW,520,18000000,2018,седан,2.0,бензин,автомат,Б/у
BMW 540,BMW,540,20500000,2019,седан,3.0,бензин,автомат,Б/у
BMW 728,BMW,728,2700000,1996,седан,2.8,бензин,автомат,Б/у
BMW X7,BMW,X7,36000000,2020,кроссовер,3.0,бензин,автомат,Б/у
BMW X5,BMW,X5,68000000,2025,кроссовер,3.0,бензин,автомат,Б/у
BMW 728,BMW,728,700000,1996,седан,2.8,бензин,автомат,Б/у
BMW 518,BMW,518,900000,1994,седан,1.8,бензин,механика,Б/у
BMW 740,BMW,740,4000000,1994,седан,4.4,бензин,автомат,Б/у
BMW 520,BMW,520,1900000,1994,седан,2.0,бензин,механика,Б/у
BMW 318,BMW,318,2200000,1998,седан,1.9,бензин,механика,Б/у
BMW 760,BMW,760,10000000,2009,седан,6.0,бензин,автомат,Б/у
BMW X5,BMW,X5,20000000,2016,кроссовер,3.0,бензин,автомат,Б/у
BMW X5,BMW,X5,31000000,2018,кроссовер,3.0,бензин,автомат,Б/у
BMW 228,BMW,228,19500000,2020,седан,2.0,бензин,автомат,Б/у
BMW 530,BMW,530,29800000,2022,седан,2.0,бензин,автомат,Б/у
BMW 323,BMW,323,3000000,1999,седан,2.5,бензин,автомат,Б/у
BMW X6,BMW,X6,17500000,2016,кроссовер,3.0,бензин,автомат,Б/у
BMW 325,BMW,325,3200000,1998,седан,2.5,бензин,автомат,Б/у
BMW 318,BMW,318,900000,1994,седан,1.8,бензин,механика,Б/у
BMW 528,BMW,528,2000000,1984,седан,2.8,бензин,механика,Б/у
BMW 328,BMW,328,2000000,1996,седан,2.8,бензин,автомат,Б/у
BMW 530,BMW,530,5000000,2002,седан,3.0,бензин,автомат,Б/у
BMW 728,BMW,728,2350000,1995,седан,2.8,бензин,автомат,Б/у
BMW 530,BMW,530,3144999,2003,седан,3.0,бензин,автомат,Б/у
BMW 740,BMW,740,24999999,2019,седан,3.0,бензин,автомат,Б/у
BMW 318,BMW,318,1700000,1993,седан,1.8,бензин,механика,Б/у
BMW 328,BMW,328,5300000,2011,седан,3.0,бензин,автомат,Б/у
BMW 525,BMW,525,1900000,1993,седан,2.5,бензин,автомат,Б/у
BMW 528,BMW,528,7500000,2015,седан,2.0,бензин,автомат,Б/у
BMW 440,BMW,440,37000000,2024,лифтбек,3.0,бензин,автомат,Б/у
BMW 740,BMW,740,61000000,2023,седан,3.0,бензин,автомат,Б/у
BMW 328,BMW,328,3600000,1998,седан,2.8,бензин,автомат,Б/у
BMW 550,BMW,550,25000000,2018,седан,4.4,бензин,автомат,Б/у
BMW 525,BMW,525,2500000,1994,седан,2.5,бензин,автомат,Б/у
BMW 528,BMW,528,7800000,2010,седан,3.0,бензин,автомат,Б/у
BMW 320,BMW,320,1500000,1996,седан,2.0,бензин,механика,Б/у
BMW 530,BMW,530,6000000,2004,седан,3.0,бензин,автомат,Б/у
BMW 320,BMW,320,7500000,2015,седан,2.0,бензин,автомат,Б/у
BMW 525,BMW,525,800000,1993,седан,2.5,бензин,механика,Б/у
BMW X7,BMW,X7,55000000,2023,кроссовер,3.0,бензин,автомат,Б/у
BMW 525,BMW,525,3000000,1993,седан,2.5,бензин,механика,Б/у
BMW X7,BMW,X7,50000000,2021,кроссовер,3.0,бензин,автомат,Б/у
BMW 730,BMW,730,600000,1992,седан,3.0,бензин,механика,Б/у
BMW 535,BMW,535,5500000,2000,седан,3.5,бензин,автомат,Б/у
BMW X5,BMW,X5,16500000,2014,кроссовер,3.0,бензин,автомат,Б/у
BMW 435,BMW,435,15000000,2015,купе,3.0,бензин,автомат,Б/у
BMW X7,BMW,X7,38000000,2021,кроссовер,3.0,бензин,автомат,Б/у
BMW 728,BMW,728,4200000,1996,седан,2.8,бензин,автомат,Б/у
BMW X5,BMW,X5,9000000,2008,кроссовер,3.0,дизель,автомат,Б/у
BMW 525,BMW,525,1400000,1991,седан,2.5,бензин,механика,Б/у
BMW 535,BMW,535,15000000,2016,седан,3.0,бензин,автомат,Б/у
BMW X6,BMW,X6,17500000,2013,кроссовер,4.4,бензин,автомат,Б/у
BMW 325,BMW,325,1100000,1991,седан,2.5,бензин,механика,Б/у
BMW 218,BMW,218,22000000,2023,седан,1.5,бензин,робот,Б/у
BMW 318,BMW,318,950000,1994,седан,1.8,бензин,механика,Б/у
BMW X5,BMW,X5,10000000,2007,кроссовер,3.0,бензин,автомат,Б/у
BMW 535,BMW,535,7800000,2014,седан,3.0,бензин,автомат,Б/у
BMW 320,BMW,320,10500000,2013,седан,2.0,бензин,автомат,Б/у
BMW 523,BMW,523,4000000,1997,седан,2.5,бензин,автомат,Б/у
BMW X5,BMW,X5,6700000,2006,кроссовер,4.4,бензин,автомат,Б/у
BMW 530,BMW,530,6100000,2003,седан,3.0,бензин,автомат,Б/у
BMW 728,BMW,728,2800000,1997,седан,2.8,бензин,автомат,Б/у
BMW 520,BMW,520,2570000,1992,седан,2.0,бензин,механика,Б/у
BMW 530,BMW,530,6500000,2007,седан,3.0,бензин,автомат,Б/у
BMW 535,BMW,535,9100000,2013,седан,3.0,бензин,автомат,Б/у
BMW X3,BMW,X3,5650000,2006,кроссовер,2.5,бензин,автомат,Б/у
BMW X7,BMW,X7,55000000,2020,кроссовер,4.4,бензин,автомат,Б/у
BMW X5,BMW,X5,39000000,2022,кроссовер,3.0,бензин,автомат,Б/у
BMW X5,BMW,X5,4750000,2001,кроссовер,3.0,бензин,автомат,Б/у
BMW 535,BMW,535,11800000,2013,седан,3.0,бензин,автомат,Б/у
BMW 320,BMW,320,9657142,2015,седан,2.0,бензин,автомат,Б/у
BMW 525,BMW,525,2500000,1993,седан,2.5,бензин,автомат,Б/у
BMW 850,BMW,850,75000000,1993,купе,5.0,бензин,механика,Б/у
BMW 525,BMW,525,2900000,1996,седан,2.5,бензин,автомат,Б/у
BMW 730,BMW,730,850000,1991,седан,3.0,бензин,автомат,Б/у
BMW 535,BMW,535,8650000,2016,седан,3.0,бензин,автомат,Б/у
BMW X5,BMW,X5,6500000,2007,кроссовер,4.8,бензин,автомат,Б/у
BMW X6,BMW,X6,9300000,2009,кроссовер,3.0,бензин,автомат,Б/у
BMW 525,BMW,525,1650000,1993,седан,2.5,дизель,механика,Б/у
BMW 525,BMW,525,1500000,1992,седан,2.5,бензин,механика,Б/у
BMW X5,BMW,X5,14500000,2014,кроссовер,3.0,бензин,автомат,Б/у
BMW 750,BMW,750,29900000,2017,седан,4.4,бензин,автомат,Б/у
BMW X5,BMW,X5,7500000,2003,кроссовер,4.4,бензин,автомат,Б/у
BMW X5,BMW,X5,10400000,2011,кроссовер,3.0,бензин,автомат,Б/у
BMW 328,BMW,328,2350000,1996,седан,2.8,бензин,автомат,Б/у
BMW X5,BMW,X5,67000000,2024,кроссовер,3.0,гибрид,автомат,Б/у
BMW 735,BMW,735,3000000,2002,седан,3.6,бензин,автомат,Б/у
BMW 525,BMW,525,1800000,1995,седан,2.5,бензин,автомат,Б/у
BMW 530,BMW,530,6000000,2006,седан,3.0,бензин,автомат,Б/у
BMW 730,BMW,730,2000000,1995,седан,3.0,бензин,механика,Б/у
BMW 520,BMW,520,800000,1991,седан,2.0,бензин,механика,Б/у
BMW 320,BMW,320,4000000,2001,седан,2.2,бензин,автомат,Б/у
BMW X5,BMW,X5,8300000,2007,кроссовер,3.0,бензин,автомат,Б/у
BMW 520,BMW,520,2200000,1991,седан,2.0,бензин,механика,Б/у
BMW 540,BMW,540,21000000,2018,седан,3.0,бензин,автомат,Б/у
BMW 325,BMW,325,3800000,2004,седан,2.5,бензин,автомат,Б/у
BMW 525,BMW,525,850000,1991,седан,2.5,бензин,механика,Б/у
BMW 430,BMW,430,14500000,2017,лифтбек,2.0,бензин,автомат,Б/у
BMW 323,BMW,323,2300000,1996,седан,2.5,бензин,механика,Б/у
BMW 330,BMW,330,2700000,2002,седан,3.0,бензин,механика,Б/у
BMW X6,BMW,X6,10500000,2010,кроссовер,3.0,бензин,автомат,Б/у
BMW 325,BMW,325,6000000,2006,седан,2.5,бензин,автомат,Б/у
BMW X5,BMW,X5,15500000,2016,кроссовер,3.0,бензин,автомат,Б/у
BMW X6,BMW,X6,19500000,2018,кроссовер,3.0,бензин,автомат,Б/у
BMW 528,BMW,528,10500000,2015,седан,2.0,бензин,автомат,Б/у
BMW X5,BMW,X5,38000000,2024,кроссовер,3.0,бензин,автомат,Б/у
BMW 750,BMW,750,5550000,2006,седан,4.8,бензин,автомат,Б/у
BMW 518,BMW,518,1600000,1991,седан,1.8,бензин,механика,Б/у
BMW 540,BMW,540,5500000,1992,универсал,4.6,бензин,механика,Б/у
BMW X6,BMW,X6,9000000,2010,кроссовер,3.0,дизель,автомат,Б/у
BMW 328,BMW,328,1700000,1993,седан,2.8,бензин,механика,Б/у
BMW 530,BMW,530,16900000,2017,седан,2.0,бензин,автомат,Б/у
BMW 525,BMW,525,1400000,1997,седан,2.5,бензин,механика,Б/у
BMW 525,BMW,525,1800000,1994,седан,2.8,бензин,механика,Б/у
BMW X5,BMW,X5,17200000,2018,кроссовер,3.0,бензин,автомат,Б/у
BMW 328,BMW,328,2700000,1996,седан,2.8,бензин,автомат,Б/у
BMW X5,BMW,X5,17000000,2014,кроссовер,3.0,бензин,автомат,Б/у
BMW 528,BMW,528,11700000,2015,седан,2.0,бензин,автомат,Б/у
BMW X5,BMW,X5,9200000,2015,кроссовер,3.0,бензин,автомат,Б/у
BMW 520,BMW,520,1300000,1993,седан,2.0,бензин,механика,Б/у
BMW 528,BMW,528,3200000,1996,седан,2.8,бензин,механика,Б/у
BMW 530,BMW,530,18000000,2018,седан,2.0,бензин,автомат,Б/у
BMW X5,BMW,X5,7000000,2012,кроссовер,3.0,бензин,автомат,Б/у
BMW 530,BMW,530,2500000,1993,седан,3.0,газ-бензин,автомат,Б/у
BMW X3,BMW,X3,31000000,2022,кроссовер,2.0,бензин,автомат,Б/у
BMW X5,BMW,X5,52000000,2023,кроссовер,3.0,бензин,автомат,Б/у
BMW 520,BMW,520,2600000,1994,седан,2.0,бензин,автомат,Б/у
BMW X7,BMW,X7,42000000,2022,кроссовер,3.0,бензин,автомат,Б/у
BMW 535,BMW,535,13500000,2010,седан,3.0,бензин,автомат,Б/у
BMW 525,BMW,525,3500000,1993,седан,2.5,бензин,автомат,Б/у
BMW X5,BMW,X5,18000000,2016,кроссовер,4.4,бензин,автомат,Б/у
BMW 540,BMW,540,16000000,2017,седан,3.0,бензин,автомат,Б/у
BMW X5,BMW,X5,4000000,2000,кроссовер,4.4,бензин,автомат,Б/у
BMW 325,BMW,325,1111111,1992,седан,2.5,бензин,механика,Б/у
BMW X6,BMW,X6,8000000,2008,кроссовер,3.0,бензин,автомат,Б/у
BMW 525,BMW,525,5000000,2003,универсал,2.5,бензин,автомат,Б/у
BMW X5,BMW,X5,4500000,2004,кроссовер,4.4,бензин,автомат,Б/у
BMW 520,BMW,520,2900000,1996,седан,2.0,бензин,механика,Б/у
BMW X5,BMW,X5,11000000,2010,кроссовер,3.0,бензин,автомат,Б/у
BMW Gran Turismo,BMW,Gran Turismo,8500000,2009,лифтбек,3.0,бензин,автомат,Б/у
BMW 530,BMW,530,6000000,2007,седан,3.0,бензин,автомат,Б/у
BMW 740,BMW,740,9800000,2010,седан,3.0,бензин,автомат,Б/у
BMW X5,BMW,X5,10200000,2011,кроссовер,3.0,бензин,автомат,Б/у
BMW 520,BMW,520,1350000,1992,седан,2.0,бензин,механика,Б/у
BMW 730,BMW,730,5400000,2006,седан,3.0,бензин,автомат,Б/у
BMW 525,BMW,525,1700000,1992,седан,2.5,бензин,механика,Б/у
BMW 520,BMW,520,21500000,2022,седан,2.0,бензин,автомат,Б/у
BMW 525,BMW,525,2700000,1999,седан,2.5,бензин,механика,Б/у
BMW 528,BMW,528,2200000,1991,седан,2.8,бензин,механика,Б/у
BMW X5,BMW,X5,60999999,2024,кроссовер,3.0,бензин,автомат,Б/у
BMW 530,BMW,530,16500000,2017,седан,2.0,бензин,автомат,Б/у
BMW X6,BMW,X6,18500000,2016,кроссовер,3.0,бензин,автомат,Б/у
BMW 520,BMW,520,2500000,1992,седан,2.0,бензин,механика,Б/у
BMW 520,BMW,520,2500000,1995,седан,2.0,бензин,автомат,Б/у
BMW 525,BMW,525,2800000,1993,седан,2.5,бензин,механика,Б/у
BMW 530,BMW,530,16800000,2017,седан,2.0,бензин,автомат,Б/у
BMW X5,BMW,X5,46000000,2023,кроссовер,3.0,бензин,автомат,Б/у
BMW 520,BMW,520,1550000,1993,седан,2.0,бензин,механика,Б/у
BMW 528,BMW,528,9000000,2014,седан,2.0,бензин,автомат,Б/у
BMW 540,BMW,540,4800000,1993,седан,4.0,бензин,механика,Б/у
BMW 525,BMW,525,2800000,1983,седан,2.5,бензин,механика,Б/у
BMW 435,BMW,435,14500000,2015,лифтбек,3.0,бензин,автомат,Б/у
BMW 320,BMW,320,1000000,1992,седан,2.0,бензин,механика,Б/у
BMW X7,BMW,X7,74000000,2024,кроссовер,3.0,бензин,автомат,Б/у
BMW 530,BMW,530,4900000,2000,седан,3.0,бензин,автомат,Б/у
BMW 528,BMW,528,2000000,1996,седан,2.8,бензин,автомат,Б/у
BMW 525,BMW,525,2200000,1991,седан,2.5,бензин,механика,Б/у
BMW 318,BMW,318,850000,1990,седан,1.8,бензин,механика,Б/у
BMW X1,BMW,X1,24000000,2024,кроссовер,2.0,бензин,робот,Б/у
BMW 525,BMW,525,3850000,2001,седан,2.5,бензин,автомат,Б/у
BMW X6,BMW,X6,20000000,2015,кроссовер,4.4,бензин,автомат,Б/у
BMW 520,BMW,520,1200000,1991,седан,2.0,бензин,механика,Б/у
BMW 540,BMW,540,29999999,2021,седан,3.0,бензин,автомат,Б/у
BMW 318,BMW,318,2500000,2000,седан,1.9,бензин,механика,Б/у
BMW 330,BMW,330,10000000,2017,седан,2.0,бензин,автомат,Б/у
BMW 530,BMW,530,6200000,2006,седан,3.0,бензин,автомат,Б/у
BMW 318,BMW,318,5500000,2003,седан,2.0,бензин,механика,Б/у
BMW 528,BMW,528,2700000,1997,седан,2.8,бензин,автомат,Б/у
BMW 728,BMW,728,3000000,2000,седан,2.8,бензин,автомат,Б/у
BMW 528,BMW,528,3082242,1998,седан,2.8,бензин,автомат,Б/у
BMW 318,BMW,318,5100000,2009,седан,2.0,бензин,автомат,Б/у
BMW 316,BMW,316,2100000,1995,седан,1.6,бензин,механика,Б/у
BMW 650,BMW,650,25000000,2013,седан,4.4,бензин,автомат,Б/у
BMW 520,BMW,520,2500000,1996,седан,2.0,бензин,механика,Б/у
BMW X5,BMW,X5,5200000,2001,кроссовер,3.0,бензин,автомат,Б/у
BMW 520,BMW,520,2000000,1996,седан,2.0,бензин,механика,Б/у
BMW 525,BMW,525,8000000,2008,седан,3.0,бензин,автомат,Б/у
BMW X3,BMW,X3,35000000,2023,кроссовер,2.0,бензин,автомат,Б/у
BMW 730,BMW,730,23300000,2018,седан,3.0,дизель,автомат,Б/у
BMW 528,BMW,528,8800000,2010,седан,3.0,бензин,автомат,Б/у
BMW 118,BMW,118,3500000,2007,хэтчбек,2.0,бензин,автомат,Б/у
BMW 750,BMW,750,2500000,2012,седан,4.4,бензин,автомат,Б/у
BMW 525,BMW,525,1200000,1992,седан,2.5,бензин,механика,Б/у
BMW X3,BMW,X3,5500000,2004,кроссовер,3.0,бензин,автомат,Б/у
BMW X6 M,BMW,X6 M,29000000,2016,кроссовер,4.4,бензин,автомат,Б/у
BMW 520,BMW,520,1500000,1992,седан,2.0,бензин,механика,Б/у
BMW 525,BMW,525,3500000,1996,седан,2.5,бензин,автомат,Б/у
BMW X5,BMW,X5,41500000,2022,кроссовер,3.0,бензин,автомат,Б/у
BMW X5,BMW,X5,16500000,2017,кроссовер,3.0,бензин,автомат,Б/у
BMW 520,BMW,520,850000,1991,седан,2.0,бензин,механика,Б/у
BMW 525,BMW,525,1999999,1991,универсал,2.8,бензин,механика,Б/у
BMW 320,BMW,320,12400000,2017,седан,2.0,бензин,автомат,Б/у
BMW X5,BMW,X5,6500000,2005,кроссовер,3.0,бензин,автомат,Б/у
BMW 730,BMW,730,4000000,1995,седан,3.0,бензин,механика,Б/у
BMW 318,BMW,318,1000000,1993,седан,1.8,бензин,механика,Б/у
BMW 528,BMW,528,2700000,1998,седан,2.8,бензин,автомат,Б/у
BMW M8,BMW,M8,67000000,2021,купе,4.4,бензин,автомат,Б/у
BMW 530,BMW,530,17500000,2018,седан,2.0,бензин,автомат,Б/у
BMW 750,BMW,750,5500000,2008,седан,4.8,бензин,автомат,Б/у
BMW X5,BMW,X5,16000000,2015,кроссовер,3.0,бензин,автомат,Б/у
BMW 535,BMW,535,7200000,2016,седан,3.0,бензин,автомат,Б/у
BMW 520,BMW,520,850000,1994,седан,2.0,бензин,механика,Б/у
BMW 518,BMW,518,550000,1993,седан,1.8,бензин,механика,Б/у
BMW 540,BMW,540,4000000,1996,седан,4.4,бензин,автомат,Б/у
BMW 525,BMW,525,2400000,1992,седан,2.5,бензин,механика,Б/у
BMW X5,BMW,X5,5500000,2003,кроссовер,3.0,бензин,автомат,Б/у
BMW X5,BMW,X5,4000000,2002,кроссовер,3.0,бензин,автомат,Б/у
BMW 520,BMW,520,1000000,1990,седан,2.0,бензин,механика,Б/у
BMW 320,BMW,320,1500000,1992,седан,2.0,бензин,механика,Б/у
BMW 525,BMW,525,2500000,1996,седан,2.5,бензин,автомат,Б/у
BMW 525,BMW,525,2050000,1994,седан,2.5,бензин,механика,Б/у
BMW 530,BMW,530,4400000,2002,седан,3.0,бензин,механика,Б/у
BMW X5,BMW,X5,58800000,2024,кроссовер,3.0,бензин,автомат,Б/у
BMW 540,BMW,540,5300000,1994,седан,4.4,бензин,механика,Б/у
BMW 520,BMW,520,1700000,1994,седан,2.0,бензин,автомат,Б/у
BMW 528,BMW,528,11000000,2014,седан,2.0,бензин,автомат,Б/у
BMW 330,BMW,330,9000000,2016,седан,2.0,бензин,автомат,Б/у
BMW 520,BMW,520,1500000,1993,седан,2.0,бензин,механика,Б/у
BMW 530,BMW,530,24000000,2020,седан,2.0,бензин,автомат,Б/у
BMW X7,BMW,X7,42000000,2019,кроссовер,3.0,бензин,автомат,Б/у
BMW X6,BMW,X6,10300000,2013,кроссовер,3.0,бензин,автомат,Б/у
BMW X5 M,BMW,X5 M,20000000,2010,кроссовер,4.4,бензин,автомат,Б/у
BMW 540,BMW,540,18000000,2017,седан,3.0,бензин,автомат,Б/у
BMW 525,BMW,525,1350000,1991,седан,2.5,бензин,механика,Б/у
BMW 735,BMW,735,4000000,2002,седан,3.6,бензин,автомат,Б/у
BMW 325,BMW,325,3300000,1999,седан,2.5,бензин,автомат,Б/у
BMW X6,BMW,X6,50000000,2022,кроссовер,4.4,бензин,автомат,Б/у
BMW 540,BMW,540,5500000,1997,седан,4.4,бензин,автомат,Б/у
BMW 520,BMW,520,1050000,1991,седан,2.0,бензин,механика,Б/у
BMW 328,BMW,328,4000000,1998,седан,2.8,бензин,автомат,Б/у
BMW X5,BMW,X5,10400000,2013,кроссовер,3.0,бензин,автомат,Б/у
BMW X5,BMW,X5,7300000,2006,кроссовер,3.0,бензин,автомат,Б/у
BMW X6,BMW,X6,12500000,2009,кроссовер,4.4,бензин,автомат,Б/у
BMW 525,BMW,525,1750000,1989,седан,2.5,бензин,механика,Б/у
BMW 520,BMW,520,8000000,2010,седан,2.0,бензин,автомат,Б/у
BMW 550,BMW,550,8000000,2003,седан,4.8,бензин,автомат,Б/у
BMW 530,BMW,530,10000000,2010,седан,3.0,бензин,автомат,Б/у
BMW 530,BMW,530,3000000,2008,седан,3.0,бензин,автомат,Б/у
BMW 330,BMW,330,6800000,2000,купе,3.0,бензин,автомат,Б/у
BMW X7,BMW,X7,40000000,2020,кроссовер,3.0,бензин,автомат,Б/у
BMW 735,BMW,735,4500000,2004,седан,3.6,бензин,автомат,Б/у
BMW X1,BMW,X1,9800000,2018,кроссовер,1.5,бензин,робот,Б/у
BMW X5,BMW,X5,33590000,2021,кроссовер,3.0,бензин,автомат,Б/у
BMW 535,BMW,535,13000000,2015,седан,3.0,бензин,автомат,Б/у
BMW 318,BMW,318,900000,1994,хэтчбек,1.8,бензин,механика,Б/у
BMW 740,BMW,740,5200000,2007,седан,4.0,бензин,автомат,Б/у
BMW 520,BMW,520,1150000,1991,седан,2.0,бензин,механика,Б/у
BMW 740,BMW,740,10000000,2011,седан,3.0,бензин,автомат,Б/у
BMW 520,BMW,520,2500000,1994,седан,2.0,бензин,механика,Б/у
BMW 535,BMW,535,14000000,2014,седан,3.0,бензин,автомат,Б/у
BMW X5,BMW,X5,9500000,2009,кроссовер,3.0,бензин,автомат,Б/у
BMW 528,BMW,528,2850000,1997,седан,2.8,бензин,автомат,Б/у
BMW 325,BMW,325,3600000,2001,седан,2.5,бензин,механика,Б/у
BMW 525,BMW,525,3000000,1994,универсал,2.5,бензин,автомат,Б/у
BMW 528,BMW,528,5300000,2013,седан,2.0,бензин,автомат,Б/у
BMW 525,BMW,525,6000000,2005,седан,2.5,бензин,автомат,Б/у
BMW 728,BMW,728,2600000,1996,седан,2.8,бензин,автомат,Б/у
BMW 528,BMW,528,10300000,2014,седан,2.0,бензин,автомат,Б/у
BMW X5,BMW,X5,6500000,2004,кроссовер,3.0,бензин,автомат,Б/у
BMW X2,BMW,X2,16000000,2023,кроссовер,2.0,бензин,робот,Б/у
BMW i3,BMW,i3,13900000,2018,хэтчбек,0.7,гибрид,автомат,Б/у
BMW X6,BMW,X6,10000000,2010,кроссовер,3.0,бензин,автомат,Б/у
BMW 328,BMW,328,2200000,1991,седан,2.8,бензин,механика,Б/у
BMW X5,BMW,X5,4300000,2004,кроссовер,4.4,бензин,автомат,Б/у
BMW 528,BMW,528,9500000,2013,седан,2.0,бензин,автомат,Б/у
BMW X5,BMW,X5,28000000,2019,кроссовер,3.0,бензин,автомат,Б/у
BMW X7,BMW,X7,44000000,2021,кроссовер,3.0,бензин,автомат,Б/у
BMW 535,BMW,535,10200000,2010,седан,3.0,бензин,автомат,Б/у
BMW 530,BMW,530,5500000,2006,седан,3.0,бензин,автомат,Б/у
BMW 525,BMW,525,3500000,1995,седан,2.5,бензин,механика,Б/у
BMW 318,BMW,318,1000000,1990,купе,1.8,бензин,механика,Б/у
BMW 540,BMW,540,4100000,1995,седан,4.0,бензин,механика,Б/у
BMW 530,BMW,530,4300000,2002,седан,3.0,бензин,механика,Б/у
BMW 735,BMW,735,4000000,2001,седан,3.6,бензин,автомат,Б/у
BMW X5,BMW,X5,48000000,2022,кроссовер,3.0,бензин,автомат,Б/у
BMW 525,BMW,525,5000000,2003,седан,2.5,бензин,автомат,Б/у
BMW 528,BMW,528,6300000,2012,седан,2.0,бензин,автомат,Б/у
BMW M760,BMW,M760,28000000,2018,седан,6.6,бензин,автомат,Б/у
BMW 525,BMW,525,2300000,1992,седан,2.5,бензин,механика,Б/у
BMW X3,BMW,X3,4700000,2004,кроссовер,3.0,бензин,автомат,Б/у
BMW 728,BMW,728,3200000,1997,седан,2.8,бензин,автомат,Б/у
BMW 318,BMW,318,2500000,1992,седан,1.8,бензин,механика,Б/у
BMW X5,BMW,X5,51000000,2021,кроссовер,4.4,бензин,автомат,Б/у
BMW 530,BMW,530,16000000,2017,седан,2.0,бензин,автомат,Б/у
BMW 530,BMW,530,8300000,2004,седан,3.0,бензин,автомат,Б/у
BMW 525,BMW,525,2500000,1996,седан,2.5,бензин,механика,Б/у
BMW X4 M,BMW,X4 M,35777000,2021,кроссовер,3.0,бензин,автомат,Б/у
BMW 318,BMW,318,2000000,1991,седан,1.8,бензин,механика,Б/у
BMW X6,BMW,X6,13500000,2013,кроссовер,3.0,бензин,автомат,Б/у
BMW X5,BMW,X5,42000000,2023,кроссовер,3.0,бензин,автомат,Б/у
BMW 540,BMW,540,22500000,2019,седан,3.0,бензин,автомат,Б/у
BMW X5,BMW,X5,15500000,2014,кроссовер,3.0,бензин,автомат,Б/у
BMW 540,BMW,540,3900000,1990,седан,4.0,бензин,механика,Б/у
BMW X5,BMW,X5,34500000,2020,кроссовер,3.0,бензин,автомат,Б/у
BMW X5,BMW,X5,8500000,2008,кроссовер,4.8,бензин,автомат,Б/у
BMW 745,BMW,745,4000000,2002,седан,4.4,бензин,автомат,Б/у
BMW 525,BMW,525,6000000,2006,седан,2.5,бензин,автомат,Б/у
BMW 530,BMW,530,7500000,2004,седан,3.0,бензин,автомат,Б/у
BMW 735,BMW,735,2000000,1994,седан,3.5,бензин,механика,Б/у
BMW X6,BMW,X6,13000000,2011,кроссовер,3.0,бензин,автомат,Б/у
BMW 535,BMW,535,6800000,2013,седан,3.0,бензин,автомат,Б/у
BMW X5,BMW,X5,5440000,2003,кроссовер,3.0,бензин,автомат,Б/у
BMW 528,BMW,528,2900000,1997,седан,2.8,бензин,механика,Б/у
BMW X5,BMW,X5,23000000,2017,кроссовер,3.0,бензин,автомат,Б/у
BMW 525,BMW,525,2000000,1993,седан,2.5,бензин,механика,Б/у
BMW X5,BMW,X5,14000000,2016,кроссовер,3.0,бензин,автомат,Б/у
BMW X5,BMW,X5,48000000,2021,кроссовер,4.4,бензин,автомат,Б/у
BMW X5,BMW,X5,62500000,2024,кроссовер,3.0,бензин,автомат,Б/у
BMW 735,BMW,735,3200000,2002,седан,3.6,бензин,автомат,Б/у
BMW X5,BMW,X5,18900000,2016,кроссовер,3.0,бензин,автомат,Б/у
BMW 735,BMW,735,4500000,1996,седан,3.5,бензин,автомат,Б/у
BMW X3,BMW,X3,5700000,2007,кроссовер,3.0,бензин,автомат,Б/у
BMW 528,BMW,528,8000000,2009,седан,3.0,бензин,автомат,Б/у
BMW 535,BMW,535,9900000,2013,седан,3.0,бензин,автомат,Б/у
BMW X5,BMW,X5,6200000,2005,кроссовер,3.0,дизель,автомат,Б/у
BMW 540,BMW,540,4500000,1994,универсал,4.3,бензин,автомат,Б/у
BMW X5,BMW,X5,8700000,2007,кроссовер,4.8,бензин,автомат,Б/у
BMW X5,BMW,X5,11000000,2011,кроссовер,3.0,бензин,автомат,Б/у
BMW 530,BMW,530,38000000,2024,седан,2.0,бензин,автомат,Б/у
BMW X6 M,BMW,X6 M,120000000,2024,кроссовер,4.4,бензин,автомат,Б/у
BMW X5,BMW,X5,4200000,2005,кроссовер,4.4,бензин,автомат,Б/у
BMW 528,BMW,528,11700000,2016,седан,2.0,бензин,автомат,Б/у
BMW X7,BMW,X7,39000000,2020,кроссовер,3.0,бензин,автомат,Б/у
BMW X5,BMW,X5,12000000,2017,кроссовер,3.0,бензин,автомат,Б/у
BMW X5,BMW,X5,42800000,2022,кроссовер,3.0,дизель,автомат,Б/у
BMW 116,BMW,116,6200000,2009,хэтчбек,1.6,бензин,автомат,Б/у
BMW 525,BMW,525,1100000,1990,седан,2.5,бензин,механика,Б/у
BMW 528,BMW,528,3700000,1996,седан,2.8,бензин,автомат,Б/у
BMW 528,BMW,528,3250000,1998,седан,2.8,бензин,автомат,Б/у
BMW 320,BMW,320,3600000,2001,седан,2.2,бензин,автомат,Б/у
BMW 520,BMW,520,2200000,1991,седан,2.0,бензин,автомат,Б/у
BMW 525,BMW,525,3700000,1998,седан,2.5,бензин,автомат,Б/у
BMW X5,BMW,X5,35000000,2019,кроссовер,3.0,бензин,автомат,Б/у
BMW 535,BMW,535,10500000,2010,седан,3.0,бензин,автомат,Б/у
BMW X3,BMW,X3,5800000,2008,кроссовер,2.5,бензин,механика,Б/у
BMW 325,BMW,325,4500000,2007,седан,2.5,бензин,автомат,Б/у
BMW 535,BMW,535,11000000,2013,седан,3.0,бензин,автомат,Б/у
BMW 5 серия,BMW,5 серия,22000000,2020,седан,2.0,бензин,автомат,Б/у
BMW 528,BMW,528,3500000,1997,седан,2.8,бензин,автомат,Б/у
BMW X5,BMW,X5,18500000,2014,кроссовер,3.0,бензин,автомат,Б/у
BMW 325,BMW,325,3300000,1994,купе,2.5,бензин,механика,Б/у
BMW 525,BMW,525,2700000,1991,седан,2.5,бензин,механика,Б/у
BMW 530,BMW,530,2800000,1993,седан,3.0,бензин,механика,Б/у
BMW 330,BMW,330,16000000,2019,седан,2.0,бензин,автомат,Б/у
BMW 535,BMW,535,12500000,2014,седан,3.0,бензин,автомат,Б/у
BMW 530,BMW,530,23950000,2020,седан,2.0,бензин,автомат,Б/у
BMW 523,BMW,523,2500000,1996,седан,2.5,бензин,механика,Б/у
BMW 525,BMW,525,2000000,1991,седан,2.5,бензин,механика,Б/у
BMW Gran Turismo,BMW,Gran Turismo,8300000,2010,лифтбек,3.0,бензин,автомат,Б/у
BMW 525,BMW,525,6300000,2002,седан,2.5,бензин,автомат,Б/у
BMW 750,BMW,750,4700000,2007,седан,4.8,бензин,автомат,Б/у
BMW 528,BMW,528,2000000,1998,седан,2.8,бензин,механика,Б/у
BMW 528,BMW,528,2600000,1997,седан,2.8,бензин,автомат,Б/у
BMW 540,BMW,540,34500000,2022,седан,3.0,бензин,автомат,Б/у
BMW X5,BMW,X5,6500000,2011,кроссовер,3.0,бензин,автомат,Б/у
BMW X5,BMW,X5,20900000,2016,кроссовер,3.0,бензин,автомат,Б/у
BMW 525,BMW,525,6500000,2004,седан,2.5,бензин,автомат,Б/у
BMW 520,BMW,520,750000,1992,седан,2.0,бензин,механика,Б/у
BMW X6,BMW,X6,9800000,2009,кроссовер,3.0,бензин,автомат,Б/у
BMW 525,BMW,525,1350000,1993,седан,2.5,бензин,механика,Б/у
BMW 540,BMW,540,5200000,1995,седан,4.0,бензин,механика,Б/у
BMW 523,BMW,523,4300000,1999,седан,2.8,бензин,автомат,Б/у
BMW 525,BMW,525,4200000,1999,седан,2.5,бензин,автомат,Б/у
BMW X5,BMW,X5,15500000,2018,кроссовер,3.0,бензин,автомат,Б/у
BMW X5,BMW,X5,4800000,2002,кроссовер,3.0,бензин,автомат,Б/у
BMW 535,BMW,535,10500000,2014,седан,3.0,бензин,автомат,Б/у
BMW 340,BMW,340,4800000,2001,седан,2.8,бензин,механика,Б/у
BMW 750,BMW,750,35000000,2018,седан,4.4,бензин,автомат,Б/у
BMW X5,BMW,X5,10000000,2009,кроссовер,3.0,бензин,автомат,Б/у
BMW X6,BMW,X6,21000000,2018,кроссовер,3.0,бензин,автомат,Б/у
BMW X5,BMW,X5,43800000,2021,кроссовер,4.4,бензин,автомат,Б/у
BMW 525,BMW,525,3100000,1996,седан,2.5,бензин,механика,Б/у
BMW X5 M,BMW,X5 M,67000000,2022,кроссовер,4.4,бензин,автомат,Б/у
BMW 525,BMW,525,1250000,1992,седан,2.5,бензин,механика,Б/у
BMW 730,BMW,730,4600000,2008,седан,3.0,дизель,автомат,Б/у
BMW X6,BMW,X6,7000000,2008,кроссовер,3.0,бензин,автомат,Б/у
BMW X5,BMW,X5,65500000,2025,кроссовер,3.0,бензин,автомат,Б/у
BMW 740,BMW,740,8000000,2009,седан,3.0,бензин,автомат,Б/у
BMW 523,BMW,523,6400000,2008,седан,2.5,бензин,автомат,Б/у
BMW 735,BMW,735,2300000,2002,седан,3.6,бензин,автомат,Б/у
BMW 525,BMW,525,1400000,1994,седан,2.5,бензин,механика,Б/у
BMW 530,BMW,530,6500000,2002,седан,3.0,бензин,автомат,Б/у
BMW X5 M,BMW,X5 M,67000000,2021,кроссовер,4.4,бензин,автомат,Б/у
BMW 318,BMW,318,3100000,1998,седан,1.9,бензин,механика,Б/у
BMW 525,BMW,525,2400000,1997,седан,2.5,бензин,механика,Б/у
BMW 750,BMW,750,10500000,2014,седан,4.4,бензин,автомат,Б/у
BMW 535,BMW,535,7500000,2016,седан,3.0,бензин,автомат,Б/у
BMW 630,BMW,630,10300000,2010,купе,3.0,бензин,автомат,Б/у
BMW 525,BMW,525,4700000,1985,седан,2.5,бензин,механика,Б/у
BMW 325,BMW,325,1700000,1993,седан,2.5,бензин,автомат,Б/у
BMW X5,BMW,X5,20000000,2014,кроссовер,3.0,бензин,автомат,Б/у
BMW 520,BMW,520,1400000,1991,седан,2.0,бензин,механика,Б/у
BMW 323,BMW,323,5500000,2000,купе,2.5,бензин,автомат,Б/у
BMW X5,BMW,X5,12300000,2012,кроссовер,3.0,бензин,автомат,Б/у
BMW 640,BMW,640,18000000,2012,седан,3.0,бензин,автомат,Б/у
BMW 525,BMW,525,4850000,1999,седан,2.5,бензин,автомат,Б/у
BMW 535,BMW,535,2555555,1990,седан,2.8,бензин,механика,Б/у
BMW 745,BMW,745,2100000,2004,седан,4.4,бензин,автомат,Б/у
BMW 528,BMW,528,9999999,2013,седан,2.0,бензин,автомат,Б/у
BMW X7,BMW,X7,45000000,2021,кроссовер,3.0,бензин,автомат,Б/у
BMW 318,BMW,318,950000,1993,седан,1.8,бензин,механика,Б/у
BMW 730,BMW,730,2500000,1995,седан,3.0,бензин,автомат,Б/у
BMW 528,BMW,528,3300000,1996,седан,2.8,бензин,автомат,Б/у
BMW 728,BMW,728,3600000,1998,седан,2.8,бензин,автомат,Б/у
BMW 520,BMW,520,16000000,2018,седан,2.0,бензин,автомат,Б/у
BMW 316,BMW,316,600000,1989,купе,1.6,бензин,механика,Б/у
BMW 530,BMW,530,30000000,2022,седан,2.0,бензин,автомат,Б/у
BMW 735,BMW,735,2000000,1993,седан,3.4,бензин,автомат,Б/у
BMW 525,BMW,525,2000000,1997,седан,2.5,бензин,механика,Б/у
BMW X1,BMW,X1,22900000,2024,кроссовер,2.0,бензин,автомат,Б/у
BMW 525,BMW,525,4950000,2006,седан,2.5,бензин,автомат,Б/у
BMW 520,BMW,520,850000,1993,седан,2.0,бензин,механика,Б/у
BMW 325,BMW,325,2500000,1992,седан,2.5,бензин,автомат,Б/у
BMW 530,BMW,530,13500000,2018,седан,2.0,бензин,автомат,Б/у
BMW X5,BMW,X5,6000000,2001,кроссовер,3.0,бензин,автомат,Б/у
BMW X6,BMW,X6,19700000,2017,кроссовер,3.0,бензин,автомат,Б/у
BMW 535,BMW,535,9100000,2008,седан,3.0,бензин,автомат,Б/у
BMW 640,BMW,640,20000000,2014,седан,3.0,бензин,автомат,Б/у
BMW 840,BMW,840,43500000,2021,седан,3.0,бензин,автомат,Б/у
BMW 328,BMW,328,2500000,1996,купе,2.8,газ-бензин,автомат,Б/у
BMW 525,BMW,525,2100000,1996,седан,2.5,бензин,механика,Б/у
BMW 525,BMW,525,1500000,1995,седан,2.5,бензин,механика,Б/у
BMW 320,BMW,320,6400000,2015,седан,2.0,бензин,автомат,Б/у
BMW 520,BMW,520,1050000,1992,седан,2.0,бензин,механика,Б/у
BMW 528,BMW,528,9500000,2010,седан,3.0,бензин,автомат,Б/у
BMW X7,BMW,X7,55100000,2021,кроссовер,4.4,бензин,автомат,Б/у
BMW 535,BMW,535,9100000,2009,седан,3.0,бензин,автомат,Б/у
BMW 740,BMW,740,46000000,2020,седан,3.0,бензин,автомат,Б/у
BMW X5,BMW,X5,6500000,2002,кроссовер,3.0,бензин,автомат,Б/у
BMW 318,BMW,318,1800000,1991,седан,1.8,бензин,механика,Б/у
BMW 318,BMW,318,3500000,2002,седан,2.0,бензин,автомат,Б/у
BMW X5,BMW,X5,7400000,2007,кроссовер,3.0,бензин,автомат,Б/у
BMW 330,BMW,330,19800000,2019,седан,2.0,бензин,автомат,Б/у
BMW X5,BMW,X5,8900000,2013,кроссовер,3.0,дизель,автомат,Б/у
BMW 528,BMW,528,5100000,1996,седан,2.8,бензин,автомат,Б/у
BMW X6,BMW,X6,8500000,2009,кроссовер,4.4,бензин,автомат,Б/у
BMW 525,BMW,525,5200000,2006,седан,2.5,бензин,автомат,Б/у
BMW 530,BMW,530,8150000,2008,седан,3.0,бензин,автомат,Б/у
BMW 530,BMW,530,5400000,2001,седан,3.0,бензин,механика,Б/у
BMW 520,BMW,520,2500000,1997,седан,2.0,бензин,автомат,Б/у
BMW 528,BMW,528,3000000,1998,седан,2.8,бензин,автомат,Б/у
BMW X6,BMW,X6,18000000,2016,кроссовер,3.0,бензин,автомат,Б/у
BMW X5,BMW,X5,8000000,2008,кроссовер,3.0,бензин,автомат,Б/у
BMW X3,BMW,X3,24600000,2023,кроссовер,2.0,бензин,автомат,Б/у
BMW X5,BMW,X5,14000000,2015,кроссовер,3.0,бензин,автомат,Б/у
BMW 318,BMW,318,4200000,2005,седан,2.0,бензин,автомат,Б/у
BMW X5,BMW,X5,5500000,2002,кроссовер,4.4,бензин,автомат,Б/у
BMW 530,BMW,530,6500000,2005,седан,3.0,бензин,автомат,Б/у
BMW 525,BMW,525,1800000,1992,седан,2.5,бензин,автомат,Б/у
BMW X5,BMW,X5,7200000,2004,кроссовер,3.0,бензин,автомат,Б/у
BMW 330,BMW,330,4500000,2004,седан,3.0,бензин,автомат,Б/у
BMW 330,BMW,330,7000000,2007,седан,3.0,бензин,автомат,Б/у
BMW 320,BMW,320,500000,1992,седан,2.0,бензин,механика,Б/у
BMW X6,BMW,X6,45000000,2020,кроссовер,3.0,бензин,автомат,Б/у
BMW 435,BMW,435,18500000,2017,лифтбек,3.0,бензин,автомат,Б/у
BMW 325,BMW,325,2800000,2001,седан,2.5,бензин,автомат,Б/у
BMW 530,BMW,530,13900000,2017,седан,2.0,бензин,автомат,Б/у
BMW 528,BMW,528,2500000,1998,седан,2.8,бензин,автомат,Б/у
BMW Gran Turismo,BMW,Gran Turismo,8000000,2017,лифтбек,3.0,бензин,автомат,Б/у
BMW 535,BMW,535,7600000,2014,седан,3.0,бензин,автомат,Б/у
BMW 530,BMW,530,4300000,2005,седан,3.0,бензин,автомат,Б/у
BMW 528,BMW,528,13500000,2015,седан,2.0,бензин,автомат,Б/у
BMW X1,BMW,X1,16000000,2021,кроссовер,2.0,бензин,автомат,Б/у
BMW 525,BMW,525,1450000,1992,седан,2.5,бензин,механика,Б/у
BMW X5,BMW,X5,8800000,2008,кроссовер,4.8,бензин,автомат,Б/у
BMW 528,BMW,528,3200000,1996,седан,2.8,бензин,автомат,Б/у
BMW 525,BMW,525,1300000,1990,седан,2.5,бензин,механика,Б/у
BMW X5,BMW,X5,12000000,2015,кроссовер,3.0,бензин,автомат,Б/у
BMW X5,BMW,X5,16800000,2016,кроссовер,3.0,бензин,автомат,Б/у
BMW 318,BMW,318,1600000,1991,седан,1.8,бензин,механика,Б/у
BMW 320,BMW,320,1000000,1993,седан,2.0,бензин,механика,Б/у
BMW 530,BMW,530,7200000,2006,седан,3.0,бензин,автомат,Б/у
BMW 325,BMW,325,2250000,1997,седан,2.5,бензин,механика,Б/у
BMW X6,BMW,X6,12000000,2010,кроссовер,3.0,бензин,автомат,Б/у
BMW 525,BMW,525,1500000,1990,седан,2.5,бензин,механика,Б/у
BMW 520,BMW,520,1800000,1993,седан,2.0,бензин,механика,Б/у
BMW 520,BMW,520,2800000,1998,седан,2.0,бензин,автомат,Б/у
BMW X5,BMW,X5,7800000,2007,кроссовер,3.0,дизель,автомат,Б/у
BMW 318,BMW,318,1200000,1992,седан,1.8,бензин,механика,Б/у
BMW 430,BMW,430,12000000,2017,лифтбек,2.0,бензин,автомат,Б/у
BMW 520,BMW,520,1500000,1989,седан,2.0,бензин,механика,Б/у
BMW X5,BMW,X5,8200000,2007,кроссовер,4.8,бензин,автомат,Б/у
BMW 525,BMW,525,1100000,1989,седан,2.5,бензин,механика,Б/у
BMW X5,BMW,X5,18000000,2013,кроссовер,4.4,бензин,автомат,Б/у
BMW 535,BMW,535,8000000,2015,седан,3.0,бензин,автомат,Б/у
BMW 728,BMW,728,1400000,1997,седан,2.8,бензин,автомат,Б/у
BMW 328,BMW,328,3500000,1995,седан,2.8,бензин,автомат,Б/у
BMW 523,BMW,523,2800000,1998,седан,2.5,бензин,автомат,Б/у
BMW 745,BMW,745,4500000,2004,седан,4.4,бензин,автомат,Б/у
BMW 525,BMW,525,1000000,1990,седан,2.5,бензин,механика,Б/у
BMW 325,BMW,325,1300000,1993,седан,2.5,бензин,механика,Б/у
BMW 318,BMW,318,300000,1991,седан,1.8,бензин,механика,Б/у
BMW 328,BMW,328,5800000,2007,седан,3.0,бензин,автомат,Б/у
BMW 530,BMW,530,4400000,2001,седан,3.0,бензин,механика,Б/у
BMW 525,BMW,525,1250000,1991,седан,2.5,бензин,механика,Б/у
BMW 320,BMW,320,24000000,2021,седан,2.0,бензин,автомат,Б/у
BMW 540,BMW,540,20000000,2019,седан,3.0,бензин,автомат,Б/у
BMW X7,BMW,X7,38000000,2020,кроссовер,3.0,бензин,автомат,Б/у
BMW X5,BMW,X5,33700000,2021,кроссовер,3.0,бензин,автомат,Б/у
BMW 525,BMW,525,5500000,2005,седан,2.5,дизель,автомат,Б/у
BMW 320,BMW,320,22000000,2022,седан,2.0,бензин,автомат,Б/у
BMW X5,BMW,X5,12500000,2014,кроссовер,3.0,бензин,автомат,Б/у
BMW 540,BMW,540,24000000,2018,седан,3.0,бензин,автомат,Б/у
BMW 520,BMW,520,25000000,2022,седан,2.0,бензин,автомат,Б/у
BMW 728,BMW,728,1950000,1997,седан,2.8,бензин,автомат,Б/у
BMW 325,BMW,325,1300000,1992,седан,2.5,бензин,механика,Б/у
BMW 525,BMW,525,800000,1993,седан,2.5,бензин,автомат,Б/у
BMW X6,BMW,X6,20000000,2017,кроссовер,3.0,бензин,автомат,Б/у
BMW 530,BMW,530,35500000,2023,седан,2.0,бензин,автомат,Б/у
BMW X5 M,BMW,X5 M,17000000,2010,кроссовер,4.4,бензин,автомат,Б/у
BMW 530,BMW,530,4500000,2002,седан,3.0,бензин,автомат,Б/у
BMW X6,BMW,X6,10500000,2012,кроссовер,3.0,бензин,автомат,Б/у
BMW 525,BMW,525,1400000,1993,седан,2.5,бензин,механика,Б/у
BMW X6,BMW,X6,13000000,2009,кроссовер,4.4,бензин,автомат,Б/у
BMW X7,BMW,X7,40000000,2019,кроссовер,3.0,бензин,автомат,Б/у
BMW X5,BMW,X5,29500000,2020,кроссовер,3.0,бензин,автомат,Б/у
BMW 320,BMW,320,1800000,1992,седан,2.0,бензин,автомат,Б/у
BMW 530,BMW,530,15500000,2017,седан,2.0,бензин,автомат,Б/у
BMW 320,BMW,320,4800000,2013,седан,2.0,бензин,автомат,Б/у
BMW 730,BMW,730,6200000,2006,седан,3.0,дизель,автомат,Б/у
BMW 525,BMW,525,3500000,1992,седан,2.5,бензин,механика,Б/у
BMW 728,BMW,728,2600000,1997,седан,2.8,бензин,автомат,Б/у
BMW 523,BMW,523,2500000,1996,седан,2.5,бензин,автомат,Б/у
BMW 520,BMW,520,1000000,1992,седан,2.0,бензин,механика,Б/у
BMW 528,BMW,528,1800000,1996,седан,2.8,бензин,автомат,Б/у
BMW 750,BMW,750,15000000,2013,седан,4.4,бензин,автомат,Б/у
BMW X5,BMW,X5,38500000,2022,кроссовер,3.0,бензин,автомат,Б/у
BMW X1,BMW,X1,11900000,2017,кроссовер,2.0,бензин,автомат,Б/у
BMW 525,BMW,525,1200000,1993,седан,2.5,бензин,механика,Б/у
BMW 730,BMW,730,800000,1991,седан,3.0,бензин,автомат,Б/у
BMW 320,BMW,320,910000,1993,седан,2.0,бензин,механика,Б/у
BMW 330,BMW,330,3000000,2002,седан,3.0,бензин,автомат,Б/у
BMW 525,BMW,525,1000000,1993,седан,2.5,бензин,механика,Б/у
BMW X5,BMW,X5,17000000,2016,кроссовер,3.0,бензин,автомат,Б/у
BMW X7,BMW,X7,53500000,2022,кроссовер,3.0,бензин,автомат,Б/у
BMW 328,BMW,328,3100000,1999,седан,2.8,бензин,автомат,Б/у
BMW 520,BMW,520,12500000,2013,седан,2.0,бензин,автомат,Б/у
BMW X6,BMW,X6,13000000,2011,кроссовер,4.4,бензин,автомат,Б/у
BMW 540,BMW,540,27550000,2020,седан,3.0,бензин,автомат,Б/у
BMW 728,BMW,728,3200000,1998,седан,2.8,бензин,автомат,Б/у
BMW 528,BMW,528,1500000,1984,седан,2.8,бензин,механика,Б/у
BMW 528,BMW,528,3000000,1999,седан,2.8,бензин,автомат,Б/у
BMW 740,BMW,740,3200000,1994,седан,4.4,бензин,автомат,Б/у
BMW 520,BMW,520,13000000,2019,седан,2.0,дизель,автомат,Б/у
BMW 330,BMW,330,14000000,2017,седан,2.0,бензин,автомат,Б/у
BMW 528,BMW,528,10000000,2015,седан,2.0,бензин,автомат,Б/у
BMW 528,BMW,528,2800000,1997,седан,2.8,бензин,механика,Б/у
BMW X6,BMW,X6,68000000,2024,кроссовер,3.0,бензин,автомат,Б/у
BMW 520,BMW,520,1780000,1991,седан,2.0,бензин,механика,Б/у
BMW 530,BMW,530,6500000,2006,седан,3.0,бензин,автомат,Б/у
BMW 728,BMW,728,2000000,1996,седан,2.8,бензин,автомат,Б/у
BMW X7,BMW,X7,37500000,2022,кроссовер,3.0,бензин,автомат,Б/у
BMW X5,BMW,X5,7500000,2007,кроссовер,3.0,бензин,автомат,Б/у
BMW 528,BMW,528,11700000,2014,седан,2.0,бензин,автомат,Б/у
BMW 528,BMW,528,1300000,1996,седан,2.8,бензин,автомат,Б/у
BMW 525,BMW,525,4700000,2003,седан,2.5,бензин,автомат,Б/у
BMW X6,BMW,X6,30500000,2020,кроссовер,3.0,бензин,автомат,Б/у
BMW 316,BMW,316,4000000,1989,седан,2.8,бензин,механика,Б/у
BMW X5,BMW,X5,5800000,2003,кроссовер,3.0,бензин,автомат,Б/у
BMW X5,BMW,X5,7900000,2007,кроссовер,3.0,бензин,автомат,Б/у
BMW 730,BMW,730,17500000,2016,седан,2.0,бензин,автомат,Б/у
BMW 320,BMW,320,5000000,2008,седан,2.0,бензин,автомат,Б/у
BMW X5,BMW,X5,7500000,2004,кроссовер,3.0,бензин,автомат,Б/у
BMW 525,BMW,525,1500000,1994,седан,2.5,бензин,механика,Б/у
BMW 318,BMW,318,1400000,1995,седан,1.8,бензин,механика,Б/у
BMW 520,BMW,520,1600000,1988,седан,2.0,бензин,механика,Б/у
BMW 525,BMW,525,4300000,1995,седан,2.5,бензин,механика,Б/у
BMW 320,BMW,320,6200000,2017,седан,2.0,бензин,автомат,Б/у
BMW 520,BMW,520,700000,1992,седан,2.0,бензин,механика,Б/у
BMW X5,BMW,X5,5600000,2001,кроссовер,3.0,бензин,автомат,Б/у
BMW 740,BMW,740,4900000,1998,седан,4.4,бензин,автомат,Б/у
BMW 760,BMW,760,95000000,2022,седан,4.4,бензин,автомат,Б/у
BMW 530,BMW,530,19000000,2019,седан,2.0,бензин,автомат,Б/у
BMW X5,BMW,X5,31000000,2019,кроссовер,3.0,бензин,автомат,Б/у
BMW 530,BMW,530,8000000,2007,седан,3.0,бензин,автомат,Б/у
BMW 520,BMW,520,1400000,1994,седан,2.0,бензин,механика,Б/у
BMW 318,BMW,318,1500000,1993,седан,1.8,бензин,механика,Б/у
BMW 525,BMW,525,2300000,1993,седан,2.5,бензин,механика,Б/у
BMW 728,BMW,728,2300000,1995,седан,2.8,бензин,автомат,Б/у
BMW 535,BMW,535,14000000,2013,седан,3.0,бензин,автомат,Б/у
BMW 525,BMW,525,4700000,1991,седан,2.5,бензин,механика,Б/у
BMW 520,BMW,520,1400000,1993,седан,2.0,бензин,механика,Б/у
BMW X7,BMW,X7,79200000,2025,кроссовер,3.0,бензин,автомат,Б/у
BMW 525,BMW,525,3000000,1999,седан,2.5,бензин,автомат,Б/у
BMW 325,BMW,325,1800000,1994,седан,2.5,бензин,механика,Б/у
BMW X5,BMW,X5,5800000,2002,кроссовер,3.0,бензин,автомат,Б/у
BMW X5,BMW,X5,7900000,2007,кроссовер,4.8,бензин,автомат,Б/у
BMW 528,BMW,528,4200000,1997,седан,2.8,бензин,автомат,Б/у
BMW 325,BMW,325,900000,1994,седан,2.5,бензин,механика,Б/у
BMW 528,BMW,528,9500000,2012,седан,2.0,бензин,автомат,Б/у
BMW X5,BMW,X5,4400000,2004,кроссовер,4.4,бензин,автомат,Б/у
BMW 520,BMW,520,3200000,2002,седан,2.2,бензин,автомат,Б/у
BMW X5,BMW,X5,15740953,2015,кроссовер,3.0,бензин,автомат,Б/у
BMW X6,BMW,X6,20000000,2015,кроссовер,3.0,бензин,автомат,Б/у
BMW 530,BMW,530,37500000,2024,седан,2.0,бензин,автомат,Б/у
BMW 735,BMW,735,3800000,2004,седан,3.6,бензин,автомат,Б/у
BMW 530,BMW,530,20000000,2020,седан,2.0,бензин,автомат,Б/у
BMW X6,BMW,X6,19000000,2017,кроссовер,3.0,бензин,автомат,Б/у
BMW X6,BMW,X6,19000000,2018,кроссовер,3.0,бензин,автомат,Б/у
BMW 730,BMW,730,4250000,1995,седан,3.0,бензин,автомат,Б/у
BMW X1,BMW,X1,5000000,2012,кроссовер,2.0,бензин,автомат,Б/у
BMW X5,BMW,X5,9300000,2007,кроссовер,4.8,бензин,автомат,Б/у
BMW 530,BMW,530,43000000,2024,седан,2.0,бензин,автомат,Б/у
BMW 335,BMW,335,3800000,2005,седан,3.0,бензин,автомат,Б/у
BMW 530,BMW,530,8800000,2005,седан,3.0,бензин,автомат,Б/у
BMW 645,BMW,645,4500000,2006,купе,4.4,бензин,автомат,Б/у
BMW 318,BMW,318,2000000,2000,седан,1.9,бензин,механика,Б/у
BMW 523,BMW,523,3300000,1998,седан,2.5,бензин,автомат,Б/у
BMW 320,BMW,320,1190000,1992,седан,2.0,бензин,механика,Б/у
BMW X5,BMW,X5,38000000,2020,кроссовер,3.0,бензин,автомат,Б/у
BMW 525,BMW,525,4500000,2000,седан,2.5,бензин,автомат,Б/у
BMW 320,BMW,320,2350000,1992,седан,2.0,бензин,автомат,Б/у
BMW 530,BMW,530,37500000,2023,седан,2.0,бензин,автомат,Б/у
BMW 530,BMW,530,5800000,2004,седан,3.0,бензин,автомат,Б/у
BMW 520,BMW,520,3500000,2002,седан,2.2,бензин,механика,Б/у
BMW 520,BMW,520,2800000,1994,седан,2.0,бензин,механика,Б/у
BMW 530,BMW,530,3200000,1999,седан,3.0,бензин,автомат,Б/у
BMW 320,BMW,320,1800000,1994,седан,2.0,бензин,автомат,Б/у
BMW 318,BMW,318,1200000,1991,седан,1.8,бензин,механика,Б/у
BMW 320,BMW,320,1150000,1991,седан,2.0,бензин,механика,Б/у
BMW X5,BMW,X5,9000000,2007,кроссовер,3.0,бензин,автомат,Б/у
BMW 540,BMW,540,7000000,2002,седан,4.4,бензин,автомат,Б/у
BMW 535,BMW,535,11800000,2016,седан,3.0,бензин,автомат,Б/у
BMW X6,BMW,X6,50000000,2022,кроссовер,3.0,бензин,автомат,Б/у
BMW 530,BMW,530,21000000,2018,седан,2.0,бензин,автомат,Б/у
BMW 523,BMW,523,2650000,1997,седан,2.5,бензин,автомат,Б/у
BMW 525,BMW,525,2800000,1996,седан,2.5,бензин,автомат,Б/у
BMW X6 M,BMW,X6 M,60000000,2023,кроссовер,4.4,бензин,автомат,Б/у
BMW 523,BMW,523,2600000,1996,седан,2.5,бензин,механика,Б/у
BMW 735,BMW,735,4250000,2002,седан,3.6,бензин,автомат,Б/у
BMW 528,BMW,528,2950000,1997,седан,2.8,бензин,автомат,Б/у
BMW 318,BMW,318,3500000,1989,универсал,1.8,бензин,механика,Б/у
BMW 525,BMW,525,1500000,1994,седан,2.5,бензин,автомат,Б/у
BMW 325,BMW,325,1000000,1990,седан,2.5,бензин,механика,Б/у
BMW 750,BMW,750,10000000,2009,седан,4.4,бензин,автомат,Б/у
BMW 540,BMW,540,27000000,2018,седан,3.0,бензин,автомат,Б/у
BMW 735,BMW,735,48500000,2023,седан,3.0,бензин,автомат,Б/у
BMW 735,BMW,735,3500000,1995,седан,3.5,бензин,автомат,Б/у
BMW 530,BMW,530,39200000,2024,седан,2.0,бензин,автомат,Б/у
BMW 525,BMW,525,1000000,1992,седан,2.5,гибрид,автомат,Б/у
BMW 750,BMW,750,10800000,2009,седан,4.4,бензин,автомат,Б/у
BMW 330,BMW,330,5500000,2004,седан,3.0,бензин,автомат,Б/у
BMW 735,BMW,735,4000000,1994,седан,3.5,бензин,автомат,Б/у
BMW 735,BMW,735,2200000,2002,седан,3.6,бензин,автомат,Б/у
BMW 540,BMW,540,25000000,2018,седан,3.0,бензин,автомат,Б/у
BMW 525,BMW,525,600000,1992,седан,2.5,бензин,механика,Б/у
BMW 530,BMW,530,5500000,2003,седан,3.0,бензин,автомат,Б/у
BMW 328,BMW,328,2850000,1998,седан,2.8,бензин,автомат,Б/у
BMW X5,BMW,X5,10700000,2015,кроссовер,3.0,бензин,автомат,Б/у
BMW 530,BMW,530,5000000,2003,седан,3.0,бензин,автомат,Б/у
BMW 525,BMW,525,6000000,2004,седан,2.5,бензин,автомат,Б/у
BMW X5,BMW,X5,9600000,2015,кроссовер,3.0,бензин,автомат,Б/у
BMW 325,BMW,325,2000000,1992,седан,2.5,бензин,автомат,Б/у
BMW 528,BMW,528,11000000,2012,седан,2.0,бензин,автомат,Б/у
BMW X5,BMW,X5,16900000,2015,кроссовер,3.0,бензин,автомат,Б/у
BMW 530,BMW,530,40000000,2024,седан,2.0,бензин,автомат,Б/у
BMW 320,BMW,320,4800000,2005,седан,2.0,бензин,автомат,Б/у
BMW X6,BMW,X6,17000000,2015,кроссовер,3.0,бензин,автомат,Б/у
BMW X5,BMW,X5,5000000,2003,кроссовер,4.4,бензин,автомат,Б/у
BMW 325,BMW,325,3700000,1999,седан,2.5,бензин,автомат,Б/у
BMW X5,BMW,X5,10500000,2013,кроссовер,3.0,бензин,автомат,Б/у
BMW 740,BMW,740,7500000,2009,седан,4.0,бензин,автомат,Б/у
BMW X5,BMW,X5,10300000,2013,кроссовер,3.0,бензин,автомат,Б/у
BMW X5,BMW,X5,8500000,2014,кроссовер,4.4,бензин,автомат,Б/у
BMW 520,BMW,520,1200000,1992,седан,2.0,бензин,механика,Б/у
BMW 530,BMW,530,10500000,2008,седан,3.0,бензин,автомат,Б/у
BMW 528,BMW,528,3100000,1998,седан,2.8,бензин,автомат,Б/у
BMW 650,BMW,650,5400000,2006,купе,4.8,бензин,автомат,Б/у
BMW Gran Turismo,BMW,Gran Turismo,8000000,2012,лифтбек,3.0,бензин,автомат,Б/у
BMW 525,BMW,525,33000000,2025,седан,2.0,бензин,автомат,Б/у
BMW 318,BMW,318,750000,1995,купе,1.8,бензин,механика,Б/у
BMW X3,BMW,X3,4500000,2004,кроссовер,2.5,бензин,автомат,Б/у
BMW 525,BMW,525,2000000,1990,седан,2.5,бензин,механика,Б/у
BMW 525,BMW,525,2500000,1993,седан,2.5,бензин,механика,Б/у
BMW 525,BMW,525,2200000,1994,седан,2.5,бензин,механика,Б/у
BMW 535,BMW,535,11500000,2013,седан,3.0,бензин,автомат,Б/у
BMW 528,BMW,528,8700000,2011,седан,3.0,бензин,автомат,Б/у
BMW 520,BMW,520,1900000,1997,седан,2.0,бензин,механика,Б/у
BMW 320,BMW,320,1450000,1992,седан,2.0,бензин,механика,Б/у
BMW 530,BMW,530,37000000,2024,седан,2.0,бензин,автомат,Б/у
BMW X5,BMW,X5,4600000,2001,кроссовер,4.4,бензин,автомат,Б/у
BMW 535,BMW,535,13800000,2014,седан,3.0,бензин,автомат,Б/у
BMW 316,BMW,316,1000000,1993,седан,1.6,бензин,механика,Б/у
BMW 740,BMW,740,2240000,1998,седан,4.4,бензин,автомат,Б/у
BMW 750,BMW,750,9000000,2009,седан,4.4,бензин,автомат,Б/у
BMW 730,BMW,730,2500000,1991,седан,3.0,бензин,механика,Б/у
BMW 320,BMW,320,1500000,1995,седан,2.0,бензин,механика,Б/у
BMW X5,BMW,X5,7300000,2007,кроссовер,4.8,бензин,автомат,Б/у
BMW X3,BMW,X3,12000000,2011,кроссовер,3.0,бензин,автомат,Б/у
BMW 540,BMW,540,21500000,2017,седан,3.0,бензин,автомат,Б/у
BMW X5,BMW,X5,5500000,2003,кроссовер,4.4,бензин,автомат,Б/у
BMW X6 M,BMW,X6 M,63000000,2021,кроссовер,4.4,бензин,автомат,Б/у
BMW 520,BMW,520,1250000,1991,седан,2.0,бензин,механика,Б/у
BMW 740,BMW,740,40000000,2020,седан,3.0,бензин,автомат,Б/у
BMW 520,BMW,520,3500000,1994,седан,2.0,бензин,автомат,Б/у
BMW 530,BMW,530,5200000,2002,седан,3.0,бензин,автомат,Б/у
BMW 528,BMW,528,6700000,2010,седан,2.0,бензин,автомат,Б/у
BMW 330,BMW,330,4500000,1998,седан,3.0,бензин,автомат,Б/у
BMW 530,BMW,530,6500000,2001,седан,3.0,бензин,автомат,Б/у
BMW 525,BMW,525,4500000,2000,седан,2.5,бензин,механика,Б/у
BMW 325,BMW,325,3000000,1999,седан,2.5,бензин,автомат,Б/у
BMW 523,BMW,523,2800000,1996,седан,2.5,бензин,автомат,Б/у
BMW 525,BMW,525,3900000,2001,седан,2.5,бензин,автомат,Б/у
BMW X5,BMW,X5,6500000,2001,кроссовер,3.0,бензин,автомат,Б/у
BMW 530,BMW,530,45000000,2025,седан,2.0,бензин,автомат,Б/у
BMW 520,BMW,520,3800000,2006,седан,2.0,дизель,механика,Б/у
BMW 328,BMW,328,7000000,2015,седан,2.0,бензин,автомат,Б/у
BMW X5,BMW,X5,6600000,2004,кроссовер,3.0,бензин,автомат,Б/у
BMW 316,BMW,316,900000,1994,седан,1.6,бензин,механика,Б/у
BMW M5,BMW,M5,62000000,2023,седан,4.4,бензин,автомат,Б/у
BMW 520,BMW,520,39500000,2024,седан,2.0,гибрид,автомат,Б/у
BMW 316,BMW,316,1200000,1989,седан,1.6,бензин,механика,Б/у
BMW 528,BMW,528,8200000,2010,седан,3.0,бензин,автомат,Б/у
BMW 525,BMW,525,2100000,1993,седан,2.5,бензин,автомат,Б/у
BMW 728,BMW,728,3850000,1999,седан,2.8,бензин,автомат,Б/у
BMW 520,BMW,520,1900000,1995,седан,2.0,бензин,автомат,Б/у
BMW X5,BMW,X5,20000000,2017,кроссовер,3.0,бензин,автомат,Б/у
BMW 540,BMW,540,23000000,2018,седан,3.0,бензин,автомат,Б/у
BMW X5,BMW,X5,14500000,2015,кроссовер,3.0,бензин,автомат,Б/у
BMW X7,BMW,X7,74999999,2023,кроссовер,3.0,бензин,автомат,Б/у
BMW X5,BMW,X5,2120000,2004,кроссовер,4.4,бензин,автомат,Б/у
BMW 520,BMW,520,2000000,1998,седан,2.0,бензин,механика,Б/у
BMW X7,BMW,X7,89000000,2023,кроссовер,4.4,бензин,автомат,Б/у
BMW X5,BMW,X5,9000000,2004,кроссовер,3.0,бензин,автомат,Б/у
BMW 730,BMW,730,1800000,1996,седан,3.0,бензин,автомат,Б/у
BMW X6,BMW,X6,19000000,2016,кроссовер,3.0,бензин,автомат,Б/у
BMW X5,BMW,X5,25888888,2019,кроссовер,3.0,бензин,автомат,Б/у
BMW X5,BMW,X5,8800000,2004,кроссовер,3.0,бензин,автомат,Б/у
BMW Z4,BMW,Z4,25000000,2022,родстер,2.0,бензин,автомат,Б/у
BMW 228,BMW,228,17000000,2017,купе,2.0,бензин,автомат,Б/у
BMW X5,BMW,X5,8100000,2007,кроссовер,3.0,бензин,автомат,Б/у
BMW 330,BMW,330,13000000,2016,седан,2.0,бензин,автомат,Б/у
BMW 525,BMW,525,2800000,1994,седан,2.5,бензин,механика,Б/у
BMW 540,BMW,540,27000000,2022,седан,3.0,бензин,автомат,Б/у
BMW 525,BMW,525,5500000,2003,седан,2.5,бензин,автомат,Б/у
BMW 523,BMW,523,3000000,1996,седан,2.5,бензин,автомат,Б/у
BMW 750,BMW,750,11000000,2008,седан,4.4,бензин,автомат,Б/у
BMW 530,BMW,530,10000000,2011,седан,3.0,бензин,автомат,Б/у
BMW 535,BMW,535,7000000,2011,седан,3.0,бензин,автомат,Б/у
BMW 520,BMW,520,1400000,1993,седан,2.0,бензин,автомат,Б/у
BMW 525,BMW,525,1900000,1992,седан,2.5,бензин,механика,Б/у
BMW 318,BMW,318,1750000,1991,седан,1.8,бензин,механика,Б/у
BMW 740,BMW,740,2600000,1994,седан,4.4,бензин,автомат,новый
BMW 525,BMW,525,2000000,1999,седан,2.5,бензин,механика,Б/у
BMW X5,BMW,X5,4900000,2002,кроссовер,3.0,бензин,автомат,Б/у
BMW 325,BMW,325,1400000,1991,седан,2.5,бензин,механика,Б/у
BMW X6,BMW,X6,38000000,2020,кроссовер,3.0,бензин,автомат,Б/у
BMW 520,BMW,520,6500000,2004,седан,2.5,бензин,автомат,Б/у
BMW 535,BMW,535,10500000,2013,седан,3.0,бензин,автомат,Б/у
BMW 520,BMW,520,1500000,1991,седан,2.0,бензин,механика,Б/у
BMW 735,BMW,735,2600000,1995,седан,3.5,бензин,автомат,Б/у
BMW 316,BMW,316,2500000,1993,седан,1.6,бензин,механика,Б/у
BMW 540,BMW,540,7800000,1998,седан,4.6,бензин,механика,Б/у
BMW 525,BMW,525,1700000,1995,седан,2.5,бензин,автомат,Б/у
BMW X3,BMW,X3,5500000,2005,кроссовер,3.0,бензин,автомат,Б/у
BMW X5,BMW,X5,7700000,2007,кроссовер,4.8,бензин,автомат,Б/у
BMW 525,BMW,525,2090000,1991,седан,2.5,бензин,механика,Б/у
BMW X4,BMW,X4,35000000,2021,кроссовер,2.0,бензин,автомат,Б/у
BMW 528,BMW,528,11500000,2016,седан,2.0,бензин,автомат,Б/у
BMW 330,BMW,330,24900000,2022,универсал,2.0,бензин,автомат,Б/у
BMW 528,BMW,528,2900000,1998,седан,2.8,бензин,механика,Б/у
BMW 540,BMW,540,24900000,2017,седан,3.0,бензин,автомат,Б/у
BMW 640,BMW,640,11000000,2012,седан,3.0,бензин,автомат,Б/у
BMW 525,BMW,525,7700000,2004,седан,2.5,бензин,автомат,Б/у
BMW 528,BMW,528,2650000,1997,седан,2.8,бензин,механика,Б/у
BMW 528,BMW,528,3800000,1999,седан,2.8,бензин,автомат,Б/у
BMW 518,BMW,518,1250000,1993,седан,1.8,бензин,механика,Б/у
BMW 135,BMW,135,13999999,2008,купе,3.0,бензин,механика,Б/у
BMW X5,BMW,X5,6700000,2005,кроссовер,3.0,дизель,автомат,Б/у
BMW X5,BMW,X5,38000000,2023,кроссовер,3.0,бензин,автомат,Б/у
BMW X6,BMW,X6,39100000,2021,кроссовер,3.0,бензин,автомат,Б/у
BMW 335,BMW,335,11700000,2011,седан,3.0,бензин,автомат,Б/у
BMW 520,BMW,520,3100000,1992,седан,2.0,бензин,механика,Б/у
BMW 530,BMW,530,15200000,2017,седан,2.0,бензин,автомат,Б/у
BMW 318,BMW,318,301500,1992,седан,1.8,бензин,механика,Б/у
BMW 535,BMW,535,13800000,2015,седан,3.0,бензин,автомат,Б/у
BMW 528,BMW,528,11000000,2015,седан,2.0,бензин,автомат,Б/у
BMW 530,BMW,530,3300000,2002,седан,3.0,бензин,автомат,Б/у
BMW X7,BMW,X7,54000000,2022,кроссовер,4.4,бензин,автомат,Б/у
BMW 316,BMW,316,1500000,1992,седан,1.6,бензин,механика,Б/у
BMW X7,BMW,X7,35000000,2020,кроссовер,3.0,бензин,автомат,Б/у
BMW 728,BMW,728,2500000,1997,седан,2.8,бензин,автомат,Б/у
BMW 330,BMW,330,7800000,2007,седан,3.0,бензин,автомат,Б/у
BMW 530,BMW,530,15550000,2017,седан,2.0,бензин,автомат,Б/у
BMW 330,BMW,330,2500000,2001,седан,3.0,бензин,автомат,Б/у
BMW 530,BMW,530,1500000,1994,седан,3.0,бензин,механика,Б/у
BMW 525,BMW,525,1234567,1991,седан,2.5,бензин,механика,Б/у
BMW 523,BMW,523,3900000,1998,седан,2.5,бензин,автомат,Б/у
BMW 528,BMW,528,4000000,2000,седан,2.8,бензин,автомат,Б/у
BMW X5,BMW,X5,3900000,2002,кроссовер,4.4,бензин,автомат,Б/у
BMW 528,BMW,528,2950000,1993,седан,2.8,бензин,механика,Б/у
BMW X3,BMW,X3,2500000,2007,кроссовер,3.0,бензин,автомат,Б/у
BMW 318,BMW,318,1250000,1993,седан,1.8,бензин,механика,Б/у
BMW 523,BMW,523,4000000,1998,седан,2.5,бензин,автомат,Б/у
BMW 428,BMW,428,7200000,2015,купе,2.0,бензин,автомат,Б/у
BMW 320,BMW,320,23500000,2021,седан,2.0,бензин,автомат,Б/у
BMW 120,BMW,120,4500000,2006,хэтчбек,2.0,бензин,автомат,Б/у
BMW 525,BMW,525,2000000,1992,седан,2.5,бензин,механика,Б/у
BMW X5,BMW,X5,6700000,2004,кроссовер,4.4,бензин,автомат,Б/у
BMW 525,BMW,525,340000,1990,седан,2.5,бензин,механика,Б/у
BMW 740,BMW,740,2500000,1995,седан,4.4,бензин,автомат,Б/у
BMW 320,BMW,320,1400000,1994,седан,2.0,бензин,механика,Б/у
BMW 525,BMW,525,7300000,2003,седан,2.5,бензин,автомат,Б/у
BMW 325,BMW,325,4000000,2007,седан,2.5,бензин,автомат,Б/у
BMW 535,BMW,535,12000000,2014,седан,3.0,бензин,автомат,Б/у
BMW 540,BMW,540,20500000,2018,седан,3.0,бензин,автомат,Б/у
BMW 323,BMW,323,3699999,2000,седан,2.5,бензин,автомат,Б/у
BMW 535,BMW,535,12800000,2015,седан,3.0,бензин,автомат,Б/у
BMW 318,BMW,318,1500000,1994,купе,1.8,бензин,автомат,Б/у
BMW X5,BMW,X5,38500000,2021,кроссовер,3.0,бензин,автомат,Б/у
BMW 535,BMW,535,13500000,2014,седан,3.0,бензин,автомат,Б/у
BMW X6,BMW,X6,15700000,2016,кроссовер,3.0,бензин,автомат,Б/у
BMW X7,BMW,X7,46000000,2021,кроссовер,3.0,бензин,автомат,Б/у
BMW 530,BMW,530,4200000,2001,универсал,3.0,бензин,автомат,Б/у
BMW 328,BMW,328,6000000,2013,седан,2.0,бензин,автомат,Б/у
BMW 525,BMW,525,5499999,2005,седан,2.5,бензин,автомат,Б/у
BMW 328,BMW,328,1900000,1998,седан,2.8,бензин,автомат,Б/у
BMW 730,BMW,730,2300000,1994,седан,3.0,бензин,автомат,Б/у
BMW 525,BMW,525,2000000,1990,седан,2.5,бензин,автомат,Б/у
BMW 740,BMW,740,10000000,2009,седан,3.0,бензин,автомат,Б/у
BMW 540,BMW,540,28000000,2023,седан,3.0,бензин,автомат,Б/у
BMW X5,BMW,X5,5100000,2001,кроссовер,4.4,бензин,автомат,Б/у
BMW 530,BMW,530,16950000,2017,седан,2.0,бензин,автомат,Б/у
BMW 528,BMW,528,3500000,1998,седан,2.8,бензин,автомат,Б/у
BMW X5,BMW,X5,8500000,2004,кроссовер,3.0,бензин,автомат,Б/у
BMW 520,BMW,520,700000,1988,седан,2.0,бензин,механика,Б/у
BMW 330,BMW,330,13000000,2018,седан,2.0,бензин,автомат,Б/у
BMW X5,BMW,X5,5600000,2002,кроссовер,3.0,бензин,автомат,Б/у
BMW 728,BMW,728,3000000,1997,седан,2.8,бензин,автомат,Б/у
BMW X5 M,BMW,X5 M,92000000,2023,кроссовер,4.4,бензин,автомат,Б/у
BMW M5,BMW,M5,55000000,2021,седан,4.4,бензин,автомат,Б/у
BMW 530,BMW,530,17000000,2017,седан,2.0,бензин,автомат,Б/у
BMW X5,BMW,X5,6400000,2003,кроссовер,3.0,бензин,автомат,Б/у
BMW 520,BMW,520,15500000,2019,седан,2.0,бензин,автомат,Б/у
BMW 320,BMW,320,850000,1993,седан,2.0,бензин,механика,Б/у
BMW X5,BMW,X5,4300000,2002,кроссовер,3.0,бензин,автомат,Б/у
BMW X5,BMW,X5,5200000,2003,кроссовер,3.0,бензин,автомат,Б/у
BMW X5,BMW,X5,4500000,2003,кроссовер,3.0,бензин,автомат,Б/у
BMW 320,BMW,320,1200000,1994,седан,2.0,бензин,механика,Б/у
BMW 118,BMW,118,7400000,2013,хэтчбек,1.6,бензин,автомат,Б/у
BMW 330,BMW,330,5000000,2001,седан,3.0,бензин,автомат,Б/у
BMW X5,BMW,X5,18000000,2014,кроссовер,3.0,бензин,автомат,Б/у
BMW 325,BMW,325,4200000,2002,седан,2.5,бензин,автомат,Б/у
BMW 525,BMW,525,800000,1991,седан,2.5,бензин,механика,Б/у
BMW 728,BMW,728,4000000,1998,седан,2.8,бензин,автомат,Б/у
BMW 325,BMW,325,2600000,1998,седан,2.5,бензин,механика,Б/у
BMW 320,BMW,320,18500000,2021,седан,2.0,бензин,автомат,Б/у
BMW 325,BMW,325,2000000,1992,седан,2.5,бензин,механика,Б/у
BMW 525,BMW,525,1300000,1994,седан,2.5,бензин,механика,Б/у
BMW 328,BMW,328,2000000,1993,седан,2.8,бензин,механика,Б/у
BMW 525,BMW,525,4600000,1996,седан,2.5,бензин,автомат,Б/у
BMW X5,BMW,X5,4800000,2001,кроссовер,3.0,бензин,автомат,Б/у
BMW 316,BMW,316,600000,1993,седан,1.6,бензин,механика,Б/у
BMW 325,BMW,325,18900000,2021,седан,2.0,бензин,автомат,Б/у
BMW 530,BMW,530,3500000,2002,седан,3.0,бензин,автомат,Б/у
BMW 525,BMW,525,2800000,1997,седан,2.5,бензин,автомат,Б/у
BMW 330,BMW,330,17000000,1988,седан,3.0,бензин,автомат,Б/у
BMW X6,BMW,X6,8990000,2009,кроссовер,3.0,бензин,автомат,Б/у
BMW 528,BMW,528,10500000,2012,седан,2.0,бензин,автомат,Б/у
BMW 528,BMW,528,2200000,1996,седан,2.8,бензин,автомат,Б/у
BMW 740,BMW,740,38000000,2021,седан,3.0,бензин,автомат,Б/у
BMW X6,BMW,X6,13500000,2012,кроссовер,3.0,бензин,автомат,Б/у
BMW 728,BMW,728,3000000,1995,седан,2.8,бензин,автомат,Б/у
BMW 518,BMW,518,1050000,1993,седан,1.8,бензин,механика,Б/у
BMW 740,BMW,740,4500000,1997,седан,4.4,бензин,автомат,Б/у
BMW 530,BMW,530,7500000,2007,седан,3.0,бензин,автомат,Б/у
BMW X5,BMW,X5,17700000,2017,кроссовер,3.0,бензин,автомат,Б/у
BMW 328,BMW,328,1850000,1996,седан,2.8,бензин,автомат,Б/у
BMW 735,BMW,735,5800000,2004,седан,3.6,бензин,автомат,Б/у
BMW X6,BMW,X6,7650000,2008,кроссовер,3.0,бензин,автомат,Б/у
BMW 518,BMW,518,1100000,1993,седан,1.8,бензин,механика,Б/у
BMW 528,BMW,528,3200000,2000,седан,2.8,бензин,автомат,Б/у
BMW X7,BMW,X7,47400000,2022,кроссовер,3.0,бензин,автомат,Б/у
BMW 525,BMW,525,1650000,1989,седан,2.5,бензин,механика,Б/у
BMW 525,BMW,525,700000,1991,седан,2.5,бензин,механика,Б/у
BMW 530,BMW,530,6300000,2003,седан,3.0,бензин,автомат,Б/у
BMW 318,BMW,318,4400000,2006,седан,2.0,бензин,автомат,Б/у
BMW 528,BMW,528,2100000,1996,седан,2.8,бензин,механика,Б/у
BMW 525,BMW,525,4100000,2001,седан,2.5,бензин,автомат,Б/у
BMW X5,BMW,X5,7500000,2007,кроссовер,4.8,бензин,автомат,Б/у
BMW 530,BMW,530,15000000,2020,седан,2.0,бензин,автомат,Б/у
BMW X5,BMW,X5,4700000,2005,кроссовер,3.0,бензин,автомат,Б/у
BMW 750,BMW,750,12500000,2013,седан,4.4,бензин,автомат,Б/у
BMW 528,BMW,528,3200000,1998,седан,2.8,бензин,механика,Б/у
BMW X5,BMW,X5,21500000,2018,кроссовер,3.0,бензин,автомат,Б/у
BMW 745,BMW,745,2490000,2001,седан,4.4,бензин,автомат,Б/у
BMW 540,BMW,540,13000000,2008,седан,4.0,бензин,автомат,Б/у
BMW 525,BMW,525,1450000,1993,седан,2.5,бензин,механика,Б/у
BMW 435,BMW,435,10500000,2015,купе,3.0,бензин,автомат,Б/у
BMW 550,BMW,550,8500000,2006,седан,4.8,бензин,автомат,Б/у
BMW 530,BMW,530,19500000,2018,седан,2.0,бензин,автомат,Б/у
BMW X5,BMW,X5,16500000,2015,кроссовер,3.0,бензин,автомат,Б/у
BMW 520,BMW,520,600000,1992,седан,2.0,бензин,механика,Б/у
BMW 540,BMW,540,30000000,2022,седан,3.0,бензин,автомат,Б/у
BMW 525,BMW,525,6500000,2008,седан,3.0,бензин,автомат,Б/у
BMW 850,BMW,850,50000000,1994,купе,5.0,бензин,механика,Б/у
BMW 316,BMW,316,800000,1992,седан,1.6,бензин,механика,Б/у
BMW 528,BMW,528,2700000,1997,седан,2.8,бензин,механика,Б/у
BMW 520,BMW,520,1900000,1995,седан,2.0,бензин,механика,Б/у
BMW X5,BMW,X5,9500000,2007,кроссовер,4.8,бензин,автомат,Б/у
BMW 318,BMW,318,5700000,2002,универсал,2.0,бензин,механика,Б/у
BMW 330,BMW,330,4500000,2002,седан,3.0,бензин,автомат,Б/у
BMW 525,BMW,525,2500000,1997,седан,2.5,бензин,автомат,Б/у
BMW 520,BMW,520,10000000,2019,седан,2.0,дизель,автомат,Б/у
BMW X5,BMW,X5,3000000,2001,кроссовер,4.4,газ-бензин,автомат,Б/у
BMW 750,BMW,750,6000000,2006,седан,4.8,бензин,автомат,Б/у
BMW 430,BMW,430,13000000,2016,кабриолет,2.0,бензин,автомат,Б/у
BMW 525,BMW,525,4200000,2001,седан,2.5,бензин,автомат,Б/у
BMW 530,BMW,530,2800000,1994,седан,3.0,бензин,механика,Б/у
BMW X5,BMW,X5,8150000,2007,кроссовер,4.8,бензин,автомат,Б/у
BMW 530,BMW,530,30500000,2022,седан,2.0,бензин,автомат,Б/у
BMW X5,BMW,X5,29000000,2019,кроссовер,3.0,бензин,автомат,Б/у
BMW 640,BMW,640,15500000,2012,седан,3.0,бензин,автомат,Б/у
BMW X5,BMW,X5,33000000,2019,кроссовер,3.0,бензин,автомат,Б/у
BMW 335,BMW,335,12200000,2012,седан,3.0,бензин,автомат,Б/у
BMW 525,BMW,525,1400000,1990,седан,2.5,бензин,механика,Б/у
BMW 525,BMW,525,3500000,2001,седан,2.5,бензин,автомат,Б/у
BMW 530,BMW,530,7000000,2007,седан,3.0,бензин,автомат,Б/у
BMW 525,BMW,525,4000000,1994,седан,2.5,бензин,механика,Б/у
BMW X5,BMW,X5,32000000,2018,кроссовер,3.0,бензин,автомат,Б/у
BMW X5,BMW,X5,6999999,2004,кроссовер,3.0,бензин,автомат,Б/у
BMW 325,BMW,325,4000000,2003,седан,2.5,бензин,автомат,Б/у
BMW 520,BMW,520,3000000,1995,седан,2.0,бензин,механика,Б/у
BMW X5,BMW,X5,11000000,2016,кроссовер,3.0,бензин,автомат,Б/у
BMW X5,BMW,X5,11000000,2012,кроссовер,3.0,бензин,автомат,Б/у
BMW X5,BMW,X5,42000000,2021,кроссовер,3.0,бензин,автомат,Б/у
BMW X5,BMW,X5,46000000,2022,кроссовер,3.0,бензин,автомат,Б/у
BMW X5,BMW,X5,15200000,2015,кроссовер,3.0,бензин,автомат,Б/у
BMW 520,BMW,520,400000,1987,седан,2.0,бензин,механика,Б/у
BMW 318,BMW,318,805000,1993,седан,1.8,бензин,механика,Б/у
BMW M3,BMW,M3,63000000,2023,универсал,3.0,бензин,автомат,Б/у
BMW X6,BMW,X6,54000000,2023,кроссовер,3.0,бензин,автомат,Б/у
BMW X5,BMW,X5,5300000,2002,кроссовер,3.0,бензин,автомат,Б/у
BMW 525,BMW,525,4500000,1997,седан,2.5,бензин,автомат,Б/у
BMW X6,BMW,X6,19500000,2017,кроссовер,3.0,бензин,автомат,Б/у
BMW 530,BMW,530,17000000,2018,седан,2.0,бензин,автомат,Б/у
BMW 525,BMW,525,1650000,1994,седан,2.5,бензин,механика,Б/у
BMW X5,BMW,X5,7700000,2004,кроссовер,3.0,бензин,автомат,Б/у
BMW 318,BMW,318,850000,1992,седан,1.8,бензин,механика,Б/у
BMW 430,BMW,430,10000000,2016,лифтбек,2.0,бензин,автомат,Б/у
BMW 740,BMW,740,10500000,2010,седан,3.0,бензин,автомат,Б/у
BMW 320,BMW,320,2050000,1994,седан,2.0,бензин,механика,Б/у
BMW 535,BMW,535,12300000,2014,седан,3.0,бензин,автомат,Б/у
BMW 525,BMW,525,1800000,1992,седан,2.5,бензин,механика,Б/у
BMW 520,BMW,520,1500000,1990,седан,2.0,бензин,механика,Б/у
BMW 525,BMW,525,15000000,1995,седан,2.5,бензин,автомат,Б/у
BMW X7,BMW,X7,58000000,2023,кроссовер,4.4,бензин,автомат,Б/у
BMW X5,BMW,X5,7000000,2004,кроссовер,3.0,бензин,автомат,Б/у
BMW 535,BMW,535,11500000,2012,седан,3.0,бензин,автомат,Б/у
BMW 328,BMW,328,8400000,2013,седан,2.0,бензин,автомат,Б/у
BMW 535,BMW,535,10500000,2011,седан,3.0,бензин,автомат,Б/у
BMW 528,BMW,528,1300000,1997,седан,2.8,бензин,автомат,Б/у
BMW 528,BMW,528,3100000,1996,седан,2.8,бензин,механика,Б/у
BMW 316,BMW,316,1850000,1999,седан,1.9,бензин,механика,Б/у
BMW 528,BMW,528,3600000,1996,седан,2.8,бензин,автомат,Б/у
BMW 525,BMW,525,2750000,1998,седан,2.5,бензин,автомат,Б/у
BMW 318,BMW,318,750000,1992,седан,1.8,бензин,механика,Б/у
BMW 525,BMW,525,1900000,1996,седан,2.5,бензин,механика,Б/у
BMW X5,BMW,X5,7500000,2006,кроссовер,4.8,бензин,автомат,Б/у
BMW 730,BMW,730,2550000,1995,седан,3.0,бензин,механика,Б/у
BMW 528,BMW,528,2500000,1996,седан,2.8,бензин,автомат,Б/у
BMW X3,BMW,X3,23000000,2021,кроссовер,2.0,бензин,автомат,Б/у
BMW 535,BMW,535,14000000,2016,седан,3.0,бензин,автомат,Б/у
BMW 528,BMW,528,8995000,2010,седан,3.0,бензин,автомат,Б/у
BMW 325,BMW,325,23500000,2024,седан,2.0,бензин,автомат,Б/у
BMW 525,BMW,525,2200000,2000,универсал,2.5,бензин,автомат,Б/у
BMW 525,BMW,525,5200000,2004,седан,2.5,бензин,автомат,Б/у
BMW 528,BMW,528,2450000,1996,седан,2.8,газ-бензин,автомат,Б/у
BMW 740,BMW,740,51000000,2022,седан,3.0,бензин,автомат,Б/у
BMW 530,BMW,530,4450000,2001,седан,3.0,бензин,автомат,Б/у
BMW 525,BMW,525,2300000,1995,седан,2.5,бензин,механика,Б/у
BMW 520,BMW,520,1150000,1990,седан,2.0,бензин,механика,Б/у
BMW X6,BMW,X6,11900000,2011,кроссовер,4.4,бензин,автомат,Б/у
BMW X6,BMW,X6,13000000,2013,кроссовер,3.0,бензин,автомат,Б/у
BMW 730,BMW,730,2700000,1997,седан,3.0,бензин,автомат,Б/у
BMW X1,BMW,X1,15000000,2019,кроссовер,2.0,бензин,автомат,Б/у
BMW X5,BMW,X5,14500000,2013,кроссовер,3.0,бензин,автомат,Б/у
BMW 523,BMW,523,1900000,1996,седан,2.5,бензин,механика,Б/у
BMW 525,BMW,525,4500000,2006,седан,2.5,бензин,автомат,Б/у
BMW X5,BMW,X5,81000000,2024,кроссовер,4.4,бензин,автомат,Б/у
BMW 318,BMW,318,2100000,1996,седан,1.8,бензин,механика,Б/у
BMW X5,BMW,X5,11800000,2012,кроссовер,3.0,бензин,автомат,Б/у
BMW 320,BMW,320,5700000,2015,седан,2.0,бензин,автомат,Б/у
BMW 525,BMW,525,1250000,1993,седан,2.5,гибрид,механика,Б/у
BMW 318,BMW,318,1225000,1991,седан,1.8,бензин,механика,Б/у
BMW 740,BMW,740,63000000,2023,седан,3.0,бензин,автомат,Б/у
BMW 525,BMW,525,1450000,1990,седан,2.5,бензин,механика,Б/у
BMW 525,BMW,525,3000000,1992,седан,2.5,бензин,механика,Б/у
BMW 323,BMW,323,3150000,1999,седан,2.5,бензин,автомат,Б/у
BMW 528,BMW,528,3000000,1996,седан,2.8,бензин,автомат,Б/у
BMW X5 M,BMW,X5 M,60000000,2021,кроссовер,4.4,бензин,автомат,Б/у
BMW 520,BMW,520,1590000,1991,седан,2.0,бензин,механика,Б/у
BMW X3,BMW,X3,17900000,2018,кроссовер,2.0,бензин,автомат,Б/у
BMW 535,BMW,535,9800000,2011,седан,3.0,бензин,автомат,Б/у
BMW X5,BMW,X5,26000000,2018,кроссовер,3.0,бензин,автомат,Б/у
BMW 528,BMW,528,10200000,2010,седан,3.0,бензин,автомат,Б/у
BMW X7,BMW,X7,82000000,2025,кроссовер,3.0,бензин,автомат,Б/у
BMW X7,BMW,X7,65000000,2023,кроссовер,3.0,бензин,автомат,Б/у
BMW 525,BMW,525,2600000,1996,седан,2.5,бензин,автомат,Б/у
BMW X5,BMW,X5,14900000,2015,кроссовер,3.0,бензин,автомат,Б/у
BMW 520,BMW,520,2500000,1990,седан,2.0,бензин,механика,Б/у
BMW 330,BMW,330,8500000,2018,седан,2.0,бензин,автомат,Б/у
BMW X5,BMW,X5,9600000,2007,кроссовер,3.0,бензин,автомат,Б/у
BMW 323,BMW,323,2900000,1999,седан,2.5,бензин,автомат,Б/у
BMW 728,BMW,728,2500000,1996,седан,2.8,бензин,автомат,Б/у
BMW X5,BMW,X5,16200000,2015,кроссовер,3.0,бензин,автомат,Б/у
BMW X6,BMW,X6,16900000,2017,кроссовер,3.0,бензин,автомат,Б/у
BMW 525,BMW,525,800000,1993,седан,2.8,бензин,механика,Б/у
BMW X6,BMW,X6,10000000,2014,кроссовер,3.0,бензин,автомат,Б/у
BMW 525,BMW,525,2200000,1995,седан,2.5,бензин,автомат,Б/у
BMW 535,BMW,535,13500000,2015,седан,3.0,бензин,автомат,Б/у
BMW M5,BMW,M5,113000000,2024,седан,4.4,гибрид,автомат,Б/у
BMW 525,BMW,525,3500000,1997,седан,2.5,бензин,автомат,Б/у
BMW 525,BMW,525,2850000,1995,седан,2.5,бензин,механика,Б/у
BMW 530,BMW,530,4300000,2002,седан,3.0,бензин,автомат,Б/у
BMW 523,BMW,523,2400000,1997,седан,2.5,бензин,автомат,Б/у
BMW X5,BMW,X5,18200000,2017,кроссовер,3.0,бензин,автомат,Б/у
BMW M5,BMW,M5,62000000,2021,седан,4.4,бензин,автомат,Б/у
BMW 528,BMW,528,12600000,2013,седан,2.0,бензин,автомат,Б/у
BMW 525,BMW,525,3000000,1996,седан,2.5,бензин,механика,Б/у
BMW M5,BMW,M5,44000000,2018,седан,4.4,бензин,автомат,Б/у
BMW 750,BMW,750,3900000,2007,седан,4.8,бензин,автомат,Б/у
BMW 745,BMW,745,5500000,2003,седан,4.4,бензин,автомат,Б/у
BMW 530,BMW,530,6300000,2004,седан,3.0,бензин,автомат,Б/у
BMW 530,BMW,530,38500000,2024,седан,2.0,бензин,автомат,Б/у
BMW 760,BMW,760,26700800,2015,седан,6.0,бензин,автомат,Б/у
BMW 330,BMW,330,7000000,1998,кабриолет,3.0,бензин,автомат,Б/у
BMW 540,BMW,540,24500000,2017,седан,3.0,бензин,автомат,Б/у
BMW 330,BMW,330,3000000,2003,седан,3.0,бензин,автомат,Б/у
BMW 750,BMW,750,8500000,2005,седан,4.8,бензин,автомат,Б/у
BMW X5,BMW,X5,7000000,2009,кроссовер,4.8,бензин,автомат,Б/у
BMW X5,BMW,X5,10000000,2010,кроссовер,3.0,бензин,автомат,Б/у
BMW 320,BMW,320,2200000,1995,седан,2.0,бензин,автомат,Б/у
BMW 523,BMW,523,2600000,1999,седан,2.5,бензин,механика,Б/у
BMW 760,BMW,760,22500000,1999,седан,6.0,бензин,автомат,Б/у
BMW X7,BMW,X7,42500000,2021,кроссовер,3.0,бензин,автомат,Б/у
BMW 530,BMW,530,13500000,1995,седан,3.0,бензин,механика,Б/у
BMW 520,BMW,520,1550000,1989,седан,2.0,бензин,механика,Б/у
BMW 530,BMW,530,3800000,2006,седан,3.0,бензин,автомат,Б/у
BMW X5,BMW,X5,57000000,2024,кроссовер,3.0,бензин,автомат,Б/у
BMW 530,BMW,530,5500000,2005,седан,3.0,бензин,автомат,Б/у
BMW 745,BMW,745,3200000,2003,седан,4.4,бензин,автомат,Б/у
BMW 320,BMW,320,3500000,2002,седан,2.0,бензин,автомат,Б/у
BMW X5,BMW,X5,6500000,2005,кроссовер,4.8,бензин,автомат,Б/у
BMW 525,BMW,525,450000,1991,седан,2.5,бензин,механика,Б/у
BMW 318,BMW,318,5700000,2006,седан,2.0,бензин,автомат,Б/у
BMW X5,BMW,X5,6200000,2002,кроссовер,3.0,бензин,автомат,Б/у
BMW Gran Turismo,BMW,Gran Turismo,13500000,2012,лифтбек,3.0,бензин,автомат,Б/у
BMW 525,BMW,525,1300000,1992,седан,2.5,бензин,механика,Б/у
BMW 730,BMW,730,1300000,1989,седан,3.0,бензин,автомат,Б/у
BMW 325,BMW,325,2200000,1991,седан,2.5,бензин,механика,Б/у
BMW X5,BMW,X5,6500000,2003,кроссовер,4.6,бензин,автомат,Б/у
BMW 730,BMW,730,2700000,1994,седан,3.0,бензин,автомат,Б/у
BMW 740,BMW,740,5200000,1993,седан,4.0,бензин,автомат,Б/у
BMW 730,BMW,730,7500000,2008,седан,3.0,бензин,автомат,Б/у
BMW 540,BMW,540,4300000,1993,седан,4.0,бензин,механика,Б/у
BMW 530,BMW,530,5350000,2007,седан,3.0,дизель,автомат,Б/у
BMW X6,BMW,X6,36500000,2021,кроссовер,3.0,бензин,автомат,Б/у
BMW 320,BMW,320,1200000,1993,седан,2.0,бензин,автомат,Б/у
BMW 525,BMW,525,1550000,1988,седан,2.5,бензин,механика,Б/у
BMW 525,BMW,525,900000,1994,седан,2.5,бензин,механика,Б/у
BMW 520,BMW,520,850000,1995,седан,2.0,бензин,механика,Б/у
BMW 530,BMW,530,3400000,1994,универсал,3.0,бензин,механика,Б/у
BMW 525,BMW,525,3500000,2006,седан,2.5,бензин,автомат,Б/у
BMW 730,BMW,730,5800000,2003,седан,3.0,дизель,автомат,Б/у
BMW 520,BMW,520,1280000,1991,седан,2.0,бензин,автомат,Б/у
BMW 520,BMW,520,1700000,1995,седан,2.0,бензин,механика,Б/у
BMW 750,BMW,750,5500000,2006,седан,4.8,бензин,автомат,Б/у
BMW 520,BMW,520,2000000,1991,седан,2.0,бензин,механика,Б/у
BMW 730,BMW,730,36000000,2020,седан,2.0,бензин,автомат,Б/у
BMW X5,BMW,X5,8000000,2015,кроссовер,3.0,бензин,автомат,Б/у
BMW X5,BMW,X5,8200000,2007,кроссовер,3.0,бензин,автомат,Б/у
BMW 330,BMW,330,5100000,2002,седан,3.0,бензин,автомат,Б/у
BMW 318,BMW,318,1600000,1993,седан,1.8,бензин,механика,Б/у
BMW 525,BMW,525,1850000,1994,седан,2.5,бензин,механика,Б/у
BMW X5,BMW,X5,7500000,2002,кроссовер,3.0,бензин,автомат,Б/у
BMW 318,BMW,318,1300000,1998,седан,1.9,бензин,механика,Б/у
BMW 535,BMW,535,10900000,2016,седан,3.0,бензин,автомат,Б/у
BMW X5,BMW,X5,19200000,2014,кроссовер,3.0,бензин,автомат,Б/у
BMW 530,BMW,530,5000000,2007,седан,3.0,бензин,автомат,Б/у
BMW 530,BMW,530,2300000,1995,седан,3.0,бензин,механика,Б/у
BMW 520,BMW,520,1100000,1990,седан,2.0,бензин,механика,Б/у
BMW X5,BMW,X5,13500000,2015,кроссовер,3.0,бензин,автомат,Б/у
BMW 530,BMW,530,1000000,1994,седан,3.0,бензин,механика,Б/у
BMW 535,BMW,535,5500000,2008,седан,3.0,бензин,автомат,Б/у
BMW 328,BMW,328,1000000,1993,седан,2.8,бензин,механика,Б/у
BMW 525,BMW,525,2000000,1995,седан,2.5,бензин,автомат,Б/у
BMW X6 M,BMW,X6 M,10500000,2010,кроссовер,4.4,бензин,автомат,Б/у
BMW 318,BMW,318,1000000,1981,седан,1.8,бензин,механика,Б/у
BMW 528,BMW,528,11000000,2011,седан,3.0,бензин,автомат,Б/у
BMW 840,BMW,840,45200000,2020,седан,3.0,бензин,автомат,Б/у
BMW 520,BMW,520,1200000,1991,седан,2.8,бензин,автомат,Б/у
BMW 328,BMW,328,7500000,2009,седан,3.0,бензин,автомат,Б/у
BMW 520,BMW,520,1600000,1989,седан,2.0,бензин,механика,Б/у
BMW 530,BMW,530,5800000,2003,седан,3.0,бензин,автомат,Б/у
BMW 525,BMW,525,3200000,1997,седан,2.5,бензин,механика,Б/у
BMW X6,BMW,X6,10200000,2009,кроссовер,4.4,бензин,автомат,Б/у
BMW 535,BMW,535,9000000,2015,седан,3.0,бензин,автомат,Б/у
BMW X6 M,BMW,X6 M,17500000,2010,кроссовер,4.4,бензин,автомат,Б/у
BMW 520,BMW,520,1000000,1991,седан,2.0,бензин,механика,Б/у
BMW X5,BMW,X5,33700000,2019,кроссовер,3.0,бензин,автомат,Б/у
BMW X6,BMW,X6,16500000,2016,кроссовер,3.0,бензин,автомат,Б/у
BMW 535,BMW,535,7000000,2014,седан,3.0,бензин,автомат,Б/у
BMW 525,BMW,525,3000000,1995,седан,2.5,бензин,механика,Б/у
BMW 318,BMW,318,1400000,1992,седан,1.8,бензин,механика,Б/у
BMW 520,BMW,520,1100000,1993,седан,2.0,бензин,механика,Б/у
BMW 525,BMW,525,2500000,1990,седан,2.5,бензин,механика,Б/у
BMW 328,BMW,328,1550000,1991,седан,2.8,бензин,механика,Б/у
BMW X7,BMW,X7,52000000,2022,кроссовер,3.0,бензин,автомат,Б/у
BMW 525,BMW,525,2100000,1995,седан,2.5,бензин,механика,Б/у
BMW 520,BMW,520,2700000,1995,седан,2.0,бензин,механика,Б/у
BMW X5,BMW,X5,31990000,2021,кроссовер,3.0,бензин,автомат,Б/у
BMW X5,BMW,X5,4400000,2002,кроссовер,3.0,бензин,автомат,Б/у
BMW 525,BMW,525,2850000,1994,седан,2.5,бензин,механика,Б/у
BMW X5,BMW,X5,6500000,2004,кроссовер,4.4,бензин,автомат,Б/у
BMW 328,BMW,328,2900000,1991,седан,2.8,бензин,механика,Б/у
BMW 525,BMW,525,2400000,1997,седан,2.5,бензин,автомат,Б/у
BMW X6,BMW,X6,8900000,2008,кроссовер,3.0,бензин,автомат,Б/у
BMW 530,BMW,530,5000000,1993,седан,3.0,бензин,механика,Б/у
BMW X5,BMW,X5,6200000,2005,кроссовер,3.0,бензин,автомат,Б/у
BMW 530,BMW,530,4900000,2003,седан,3.0,бензин,автомат,Б/у
BMW X5,BMW,X5,9000000,2013,кроссовер,3.0,бензин,автомат,Б/у
BMW 728,BMW,728,4000000,1995,седан,2.8,бензин,автомат,Б/у
BMW 520,BMW,520,2450000,1996,седан,2.0,бензин,механика,Б/у
BMW 524,BMW,524,770000,1987,седан,2.4,дизель,механика,Б/у
BMW 328,BMW,328,2850000,2000,седан,2.8,бензин,механика,Б/у
BMW 525,BMW,525,2600000,1994,седан,2.5,бензин,механика,Б/у
BMW 525,BMW,525,2200000,1994,седан,2.5,бензин,автомат,Б/у
BMW X3,BMW,X3,14000000,2016,кроссовер,2.0,бензин,автомат,Б/у
BMW 525,BMW,525,5850000,2003,седан,2.5,бензин,автомат,Б/у
BMW 525,BMW,525,2650000,1995,седан,2.5,бензин,механика,Б/у
BMW 528,BMW,528,12000000,2015,седан,2.0,бензин,автомат,Б/у
BMW X5,BMW,X5,15290000,2015,кроссовер,3.0,бензин,автомат,Б/у
BMW 730,BMW,730,1800000,1993,седан,3.0,бензин,механика,Б/у
BMW 520,BMW,520,1600000,1991,седан,2.0,бензин,механика,Б/у
BMW 525,BMW,525,1000000,1993,седан,2.5,бензин,автомат,Б/у
BMW M5,BMW,M5,42000000,2018,седан,4.4,бензин,автомат,Б/у
BMW 528,BMW,528,9450000,2015,седан,2.0,бензин,механика,Б/у
BMW X6,BMW,X6,10000000,2012,кроссовер,3.0,дизель,автомат,Б/у
BMW X7,BMW,X7,36000000,2021,кроссовер,4.4,бензин,автомат,Б/у
BMW X6,BMW,X6,8500000,2009,кроссовер,3.0,бензин,автомат,Б/у
BMW 525,BMW,525,1600000,1993,седан,2.5,бензин,механика,Б/у
BMW M5,BMW,M5,44862000,2019,седан,4.4,бензин,автомат,Б/у
BMW 540,BMW,540,4000000,1995,седан,4.4,бензин,механика,Б/у
BMW 530,BMW,530,6000000,1994,седан,3.0,бензин,автомат,Б/у
BMW 728,BMW,728,3250000,1996,седан,2.8,бензин,автомат,Б/у
BMW 525,BMW,525,1200000,1991,седан,2.5,бензин,механика,Б/у
BMW 325,BMW,325,2800000,1992,седан,3.0,бензин,механика,Б/у
BMW X5,BMW,X5,26000000,2020,кроссовер,3.0,бензин,автомат,Б/у
BMW 320,BMW,320,3300000,2012,седан,2.0,бензин,автомат,Б/у
BMW 740,BMW,740,3700000,1995,седан,4.4,бензин,автомат,Б/у
BMW X5,BMW,X5,5000000,2001,кроссовер,4.4,бензин,автомат,Б/у
BMW 323,BMW,323,1300000,1993,седан,2.5,бензин,механика,Б/у
BMW 320,BMW,320,1200000,1992,седан,2.0,бензин,механика,Б/у
BMW 525,BMW,525,4000000,2003,седан,2.5,бензин,автомат,Б/у
BMW 320,BMW,320,1550000,1994,седан,2.0,бензин,автомат,Б/у
BMW 535,BMW,535,7000000,2015,седан,3.0,бензин,автомат,Б/у
BMW 523,BMW,523,2300000,1997,седан,2.5,бензин,автомат,Б/у
BMW X5,BMW,X5,15000000,2016,кроссовер,3.0,бензин,автомат,Б/у
BMW X6,BMW,X6,7500000,2010,кроссовер,3.0,дизель,автомат,Б/у
BMW 520,BMW,520,1350000,1994,седан,2.0,бензин,механика,Б/у
BMW X5,BMW,X5,4800000,2003,кроссовер,3.0,бензин,автомат,Б/у
BMW 728,BMW,728,4500000,2000,седан,2.8,бензин,автомат,Б/у
BMW 316,BMW,316,3500000,1992,универсал,1.6,бензин,механика,Б/у
BMW 528,BMW,528,5000000,1997,седан,2.8,бензин,автомат,Б/у
BMW 318,BMW,318,3000000,2000,седан,1.9,бензин,механика,Б/у
BMW 530,BMW,530,14900000,2018,седан,2.0,бензин,автомат,Б/у
BMW X5,BMW,X5,7900000,2005,кроссовер,3.0,бензин,автомат,Б/у
BMW 535,BMW,535,6000000,2013,седан,3.0,бензин,автомат,Б/у
BMW 528,BMW,528,9300000,2013,седан,2.0,бензин,автомат,Б/у
BMW 525,BMW,525,1000000,1989,седан,2.5,бензин,механика,Б/у
BMW 535,BMW,535,32000000,2023,седан,2.0,гибрид,автомат,Б/у
BMW X7,BMW,X7,84800000,2024,кроссовер,4.4,бензин,автомат,Б/у
BMW 335,BMW,335,12800000,2012,седан,3.0,гибрид,автомат,Б/у
BMW 320,BMW,320,1300000,1993,седан,2.0,бензин,автомат,Б/у
BMW X6,BMW,X6,14500000,2013,кроссовер,3.0,бензин,автомат,Б/у
BMW X5,BMW,X5,52000000,2022,кроссовер,3.0,бензин,автомат,Б/у
BMW 320,BMW,320,1800000,1993,седан,2.0,бензин,механика,Б/у
BMW 540,BMW,540,20000000,2017,седан,3.0,бензин,автомат,Б/у
BMW 750,BMW,750,9200000,2009,седан,4.4,бензин,автомат,Б/у
BMW 330,BMW,330,13000000,2017,седан,2.0,бензин,автомат,Б/у
BMW 523,BMW,523,3100000,1997,седан,2.5,бензин,механика,Б/у
BMW 435,BMW,435,15000000,2014,купе,3.0,бензин,автомат,Б/у
BMW 728,BMW,728,2500000,1995,седан,2.8,бензин,автомат,Б/у
BMW 530,BMW,530,16000000,2020,седан,2.0,бензин,автомат,Б/у
BMW 330,BMW,330,13500000,2020,седан,2.0,бензин,автомат,Б/у
BMW 318,BMW,318,2416666,1995,седан,1.8,бензин,механика,Б/у
BMW 330,BMW,330,6500000,2008,седан,3.0,бензин,автомат,Б/у
BMW 535,BMW,535,5700000,2015,седан,3.0,бензин,автомат,Б/у
BMW M5,BMW,M5,20000000,2012,седан,4.4,бензин,робот,Б/у
BMW 530,BMW,530,2100000,1990,седан,3.0,бензин,механика,Б/у
BMW X3,BMW,X3,6200000,2013,кроссовер,2.0,бензин,автомат,Б/у
BMW X5,BMW,X5,16000000,2014,кроссовер,3.0,бензин,автомат,Б/у
BMW 735,BMW,735,2000000,1995,седан,3.5,бензин,автомат,Б/у
BMW 520,BMW,520,520000,1990,седан,2.0,бензин,механика,Б/у
BMW 525,BMW,525,750000,1992,седан,2.5,бензин,автомат,Б/у
BMW 530,BMW,530,5000000,2003,седан,3.0,бензин,механика,Б/у
BMW X6,BMW,X6,8700000,2010,кроссовер,3.0,бензин,автомат,Б/у
BMW 520,BMW,520,1500000,1994,седан,2.0,бензин,механика,Б/у
BMW 525,BMW,525,1999999,1991,седан,2.5,бензин,автомат,Б/у
BMW X6 M,BMW,X6 M,16800000,2012,кроссовер,4.4,бензин,автомат,Б/у
BMW 325,BMW,325,5800000,2004,седан,2.5,бензин,автомат,Б/у
BMW 130,BMW,130,4900000,2007,хэтчбек,3.0,бензин,механика,Б/у
BMW M5,BMW,M5,44800000,2018,седан,4.4,бензин,автомат,Б/у
BMW 728,BMW,728,4300000,2000,седан,2.8,бензин,автомат,Б/у
BMW X5 M,BMW,X5 M,90000000,2023,кроссовер,4.4,бензин,автомат,Б/у
BMW 740,BMW,740,6500000,2006,седан,4.0,бензин,автомат,Б/у
BMW 320,BMW,320,3850000,2008,седан,2.0,бензин,автомат,Б/у
BMW 535,BMW,535,6300000,2015,седан,3.0,бензин,автомат,Б/у
BMW 520,BMW,520,500000,1989,седан,2.0,бензин,механика,Б/у
BMW 728,BMW,728,1950000,1997,седан,2.8,газ-бензин,автомат,Б/у
BMW X7,BMW,X7,52000000,2021,кроссовер,3.0,бензин,автомат,Б/у
BMW X5,BMW,X5,20000000,2018,кроссовер,3.0,бензин,автомат,Б/у
BMW X5,BMW,X5,9000000,2008,кроссовер,4.8,бензин,автомат,Б/у
BMW 530,BMW,530,5850000,2000,седан,3.0,бензин,автомат,Б/у
BMW 740,BMW,740,7200000,2006,седан,4.0,бензин,автомат,Б/у
BMW 520,BMW,520,1380000,1994,седан,2.0,бензин,механика,Б/у
BMW 750,BMW,750,4700000,2006,седан,4.8,бензин,автомат,Б/у
BMW 523,BMW,523,3900000,1999,седан,2.5,бензин,автомат,Б/у
BMW 735,BMW,735,4100000,1998,седан,3.5,бензин,автомат,Б/у
BMW 320,BMW,320,750000,1991,седан,2.0,бензин,механика,Б/у
BMW 525,BMW,525,3100000,1997,седан,2.5,бензин,автомат,Б/у
BMW 520,BMW,520,3000000,1992,седан,2.0,бензин,механика,Б/у
BMW X7,BMW,X7,62000000,2022,кроссовер,3.0,бензин,автомат,Б/у
BMW 745,BMW,745,1300000,2002,седан,4.4,бензин,автомат,Б/у
BMW X4,BMW,X4,19500000,2019,кроссовер,2.0,бензин,автомат,Б/у
BMW 840,BMW,840,62900000,2023,седан,3.0,бензин,автомат,Б/у
BMW 728,BMW,728,2500000,1998,седан,2.8,бензин,автомат,Б/у
BMW X5,BMW,X5,9500000,2008,кроссовер,4.8,бензин,автомат,Б/у
BMW 728,BMW,728,2700000,1997,седан,2.8,бензин,автомат,Б/у
BMW 525,BMW,525,3200000,1995,седан,2.5,бензин,механика,Б/у
BMW 525,BMW,525,3800000,1996,седан,2.5,бензин,механика,Б/у
BMW 325,BMW,325,2500000,1996,седан,2.5,бензин,автомат,Б/у
BMW 525,BMW,525,1800000,1993,седан,2.8,бензин,механика,Б/у
BMW 525,BMW,525,750000,1994,седан,2.5,бензин,механика,Б/у
BMW X5,BMW,X5,8600000,2007,кроссовер,3.0,бензин,автомат,Б/у
BMW 525,BMW,525,1400000,1992,седан,2.5,бензин,автомат,Б/у
BMW X6,BMW,X6,11610000,2010,кроссовер,3.0,бензин,автомат,Б/у
BMW 525,BMW,525,5500000,2002,седан,2.5,бензин,автомат,Б/у
BMW 525,BMW,525,3300000,1992,универсал,3.0,газ-бензин,механика,Б/у
BMW X5,BMW,X5,4700000,2000,кроссовер,3.0,бензин,автомат,Б/у
BMW 520,BMW,520,1900000,1992,седан,2.0,бензин,механика,Б/у
BMW X5,BMW,X5,7000000,2004,кроссовер,4.8,бензин,автомат,Б/у
BMW X3 XDrive 20,BMW,X3 XDrive 20,48500000,2026,кроссовер,2.0,бензин,автомат,новый
BMW X3,BMW,X3,5500000,2004,кроссовер,2.5,бензин,автомат,Б/у
BMW 520,BMW,520,850000,1992,седан,2.0,бензин,механика,Б/у
BMW 520,BMW,520,3500000,2004,седан,2.2,бензин,автомат,Б/у
BMW 530,BMW,530,25000000,2021,седан,2.0,бензин,автомат,Б/у
BMW X6,BMW,X6,10700000,2008,кроссовер,3.0,бензин,автомат,Б/у
BMW 728,BMW,728,3600000,2000,седан,2.8,бензин,автомат,Б/у
BMW M3,BMW,M3,74000000,2022,седан,3.0,бензин,автомат,Б/у
BMW X5,BMW,X5,4500000,2002,кроссовер,3.0,бензин,автомат,Б/у
BMW 320,BMW,320,1350000,1992,седан,2.0,бензин,механика,Б/у
BMW 520,BMW,520,20795000,2021,седан,2.0,бензин,автомат,Б/у
BMW 318,BMW,318,1100000,1996,седан,1.8,бензин,механика,Б/у
BMW 530,BMW,530,16950000,2018,седан,2.0,бензин,автомат,Б/у
BMW 540,BMW,540,16000001,2017,седан,3.0,бензин,автомат,Б/у
BMW 318,BMW,318,650000,1992,седан,1.8,бензин,механика,Б/у
BMW 730,BMW,730,2950000,1988,седан,3.0,бензин,механика,Б/у
BMW 520,BMW,520,2150000,1996,седан,2.0,бензин,механика,Б/у
BMW 520,BMW,520,1800000,1995,седан,2.0,бензин,механика,Б/у
BMW 330,BMW,330,4500000,2001,седан,3.0,бензин,механика,Б/у
BMW 530,BMW,530,21000000,2019,седан,2.0,бензин,автомат,Б/у
BMW 525,BMW,525,2400000,1993,седан,2.5,бензин,механика,Б/у
BMW X4,BMW,X4,21000000,2018,кроссовер,2.0,бензин,автомат,Б/у
BMW M5,BMW,M5,99000000,2026,седан,4.4,гибрид,автомат,новый
BMW 520,BMW,520,1900000,1992,седан,2.0,газ-бензин,механика,Б/у
BMW 320,BMW,320,1250000,1991,седан,2.0,бензин,механика,Б/у
BMW 528,BMW,528,12900000,2015,седан,2.0,бензин,автомат,Б/у
BMW 740,BMW,740,4000000,1999,седан,4.4,бензин,автомат,Б/у
BMW X6,BMW,X6,9700000,2008,кроссовер,3.0,бензин,автомат,Б/у
BMW X5,BMW,X5,9600000,2008,кроссовер,4.8,бензин,автомат,Б/у
BMW 520,BMW,520,600000,1993,седан,2.0,бензин,механика,Б/у
BMW 740,BMW,740,7400000,2007,седан,4.0,бензин,автомат,Б/у
BMW 525,BMW,525,1000000,1989,седан,2.5,дизель,механика,Б/у
BMW X5,BMW,X5,15500000,2014,кроссовер,3.5,бензин,автомат,Б/у
BMW 323,BMW,323,1100000,1995,седан,2.5,бензин,автомат,Б/у
BMW M3,BMW,M3,21500000,2015,седан,3.0,бензин,робот,Б/у
BMW 530,BMW,530,5900000,2004,седан,3.0,бензин,автомат,Б/у
BMW X5,BMW,X5,13000000,2011,кроссовер,4.4,бензин,автомат,Б/у
BMW 320,BMW,320,5200000,2009,седан,2.0,бензин,автомат,Б/у
BMW 528,BMW,528,8950000,2011,седан,3.0,бензин,автомат,Б/у
BMW 730,BMW,730,2300000,1989,седан,3.0,бензин,механика,Б/у
BMW X6,BMW,X6,9000000,2009,кроссовер,3.0,бензин,автомат,Б/у
BMW 525,BMW,525,800000,1990,седан,2.5,бензин,механика,Б/у
BMW 530,BMW,530,26000000,2023,седан,2.0,бензин,автомат,Б/у
BMW 530,BMW,530,18000000,2017,седан,2.0,бензин,автомат,Б/у
BMW 320,BMW,320,1400000,1991,седан,2.0,бензин,механика,Б/у
BMW 340,BMW,340,27500000,2020,седан,3.0,бензин,автомат,Б/у
BMW 728,BMW,728,3500000,1999,седан,2.8,бензин,автомат,Б/у
BMW 735,BMW,735,1200000,1988,седан,3.4,бензин,механика,Б/у
BMW 328,BMW,328,6500000,2013,седан,2.0,бензин,автомат,Б/у
BMW 525,BMW,525,5000000,2004,седан,2.5,бензин,автомат,Б/у
BMW X3,BMW,X3,7350000,2007,кроссовер,3.0,бензин,автомат,Б/у
BMW X6,BMW,X6,9500000,2008,кроссовер,3.0,бензин,автомат,Б/у
BMW 525,BMW,525,2900000,1996,седан,2.5,бензин,механика,Б/у
BMW 316,BMW,316,1600000,1985,седан,1.8,бензин,механика,Б/у
BMW 520,BMW,520,1050000,1993,седан,2.0,бензин,механика,Б/у
BMW 525,BMW,525,5500000,2000,седан,2.5,бензин,автомат,Б/у
BMW X5,BMW,X5,15000000,2017,кроссовер,3.0,бензин,автомат,Б/у
BMW 330,BMW,330,10000000,2001,универсал,3.0,бензин,автомат,Б/у
BMW 528,BMW,528,11800000,2013,седан,2.0,бензин,автомат,Б/у
BMW X5,BMW,X5,25900000,2019,кроссовер,3.0,бензин,автомат,Б/у
BMW 428,BMW,428,11500000,2016,лифтбек,2.0,бензин,автомат,Б/у
BMW 525,BMW,525,1200000,1989,седан,2.5,бензин,автомат,Б/у
BMW 730,BMW,730,23000000,2018,седан,2.0,бензин,автомат,Б/у
BMW X5,BMW,X5,84000000,2025,кроссовер,4.4,бензин,автомат,Б/у
BMW 525,BMW,525,1350000,1992,седан,2.5,бензин,механика,Б/у
BMW 740,BMW,740,15000000,2012,седан,3.0,бензин,автомат,Б/у
BMW 528,BMW,528,2300000,1997,седан,2.8,бензин,механика,Б/у
BMW 318,BMW,318,550000,1991,седан,1.8,бензин,механика,Б/у
BMW X5,BMW,X5,5400000,2002,кроссовер,3.0,бензин,автомат,Б/у
BMW X5,BMW,X5,7600000,2007,кроссовер,4.8,бензин,автомат,Б/у
BMW X5,BMW,X5,17000000,2017,кроссовер,3.0,бензин,автомат,Б/у
BMW X5,BMW,X5,18000000,2018,кроссовер,3.0,бензин,автомат,Б/у
BMW 530,BMW,530,31900000,2024,седан,2.0,бензин,автомат,Б/у
BMW 530,BMW,530,31000000,2024,седан,2.0,бензин,автомат,Б/у
BMW X5,BMW,X5,15800000,2015,кроссовер,3.0,бензин,автомат,Б/у
BMW 850,BMW,850,67000000,2024,седан,4.4,бензин,автомат,Б/у
BMW 320,BMW,320,1800000,1992,седан,2.0,бензин,механика,Б/у
BMW 330,BMW,330,3499000,1996,седан,3.0,бензин,механика,Б/у
BMW 528,BMW,528,4000000,1999,седан,2.8,бензин,автомат,Б/у
BMW X5,BMW,X5,17700000,2015,кроссовер,3.0,бензин,автомат,Б/у
BMW 525,BMW,525,900000,1991,седан,2.5,бензин,механика,Б/у
BMW 530,BMW,530,7000000,2008,универсал,3.0,бензин,автомат,Б/у
BMW 330,BMW,330,20000000,2019,седан,2.0,бензин,автомат,Б/у
BMW 525,BMW,525,1850000,1993,седан,2.5,бензин,механика,Б/у
BMW X6,BMW,X6,41000000,2022,кроссовер,3.0,бензин,автомат,Б/у
BMW 523,BMW,523,2900000,1996,седан,2.5,бензин,механика,Б/у
BMW X6,BMW,X6,21500000,2017,кроссовер,3.0,бензин,автомат,Б/у
BMW 730,BMW,730,1500000,1995,седан,3.0,бензин,автомат,Б/у
BMW 528,BMW,528,9500000,2014,седан,2.0,бензин,автомат,Б/у
BMW 328,BMW,328,9500000,2010,кабриолет,3.0,бензин,автомат,Б/у
BMW 520,BMW,520,1150000,1992,седан,2.0,бензин,механика,Б/у
BMW 520,BMW,520,1200000,1990,седан,2.0,бензин,механика,Б/у
BMW 318,BMW,318,550000,1993,седан,1.8,бензин,механика,Б/у
BMW 525,BMW,525,2200000,1995,универсал,2.5,бензин,механика,Б/у
BMW 520,BMW,520,1300000,1991,седан,2.0,бензин,механика,Б/у
BMW M8,BMW,M8,54000000,2019,седан,4.4,бензин,автомат,Б/у
BMW 530,BMW,530,4500000,2001,седан,3.0,бензин,автомат,Б/у
BMW X3,BMW,X3,4050000,2005,кроссовер,2.5,бензин,автомат,Б/у
BMW Z3,BMW,Z3,5500000,1998,родстер,1.9,бензин,механика,Б/у
BMW 540,BMW,540,4800000,1997,седан,4.4,бензин,автомат,Б/у
BMW X5,BMW,X5,33333333,2019,кроссовер,3.0,бензин,автомат,Б/у
BMW X5,BMW,X5,40000000,2023,кроссовер,3.0,бензин,автомат,Б/у
BMW 520,BMW,520,2300000,1992,седан,2.0,бензин,механика,Б/у
BMW 750,BMW,750,12500000,2011,седан,4.4,бензин,автомат,Б/у
BMW 850,BMW,850,69500000,2022,седан,4.4,бензин,автомат,Б/у
BMW X7,BMW,X7,39900000,2021,кроссовер,3.0,бензин,автомат,Б/у
BMW X5,BMW,X5,39500000,2019,кроссовер,3.0,бензин,автомат,Б/у
BMW X7,BMW,X7,66500000,2022,кроссовер,3.0,бензин,автомат,Б/у
BMW 850,BMW,850,79000000,2022,купе,4.4,бензин,автомат,Б/у
BMW X5,BMW,X5,37200000,2021,кроссовер,3.0,бензин,автомат,Б/у
BMW X6,BMW,X6,89500000,2026,кроссовер,3.0,бензин,автомат,Б/у
BMW X7,BMW,X7,69900000,2022,кроссовер,4.4,бензин,автомат,Б/у
BMW 540,BMW,540,35000000,2021,седан,3.0,бензин,автомат,Б/у
BMW 550,BMW,550,42300000,2022,седан,4.4,бензин,автомат,Б/у
BMW 523,BMW,523,15000000,2010,седан,2.5,бензин,автомат,Б/у
BMW 528,BMW,528,10500000,2013,седан,2.0,бензин,автомат,Б/у
BMW 328,BMW,328,2500000,1995,универсал,2.8,бензин,механика,Б/у
BMW X5,BMW,X5,35000000,2020,кроссовер,3.0,бензин,автомат,Б/у
BMW 525,BMW,525,650000,1990,седан,2.5,бензин,механика,Б/у
BMW 728,BMW,728,3000000,1996,седан,2.8,бензин,автомат,Б/у
BMW 735,BMW,735,1800000,2004,седан,3.6,бензин,автомат,Б/у
BMW X5,BMW,X5,6100000,2003,кроссовер,3.0,бензин,автомат,Б/у
BMW 520,BMW,520,2200000,1993,седан,2.0,бензин,механика,Б/у
BMW 645,BMW,645,4000000,2003,купе,4.4,бензин,автомат,Б/у
BMW 316,BMW,316,1000000,1988,седан,1.8,бензин,механика,Б/у
BMW X5,BMW,X5,11056500,2014,кроссовер,3.0,бензин,автомат,Б/у
BMW X5,BMW,X5,11000000,2004,кроссовер,4.8,бензин,автомат,Б/у
BMW X5,BMW,X5,7100000,2007,кроссовер,3.0,бензин,автомат,Б/у
BMW 750,BMW,750,6000000,2008,седан,4.4,бензин,автомат,Б/у
BMW 750,BMW,750,4900000,2006,седан,4.8,бензин,автомат,Б/у
BMW 535,BMW,535,8700000,2014,седан,3.0,бензин,автомат,Б/у
BMW 118,BMW,118,4300000,2006,хэтчбек,2.0,бензин,автомат,Б/у
BMW 730,BMW,730,2000000,1993,седан,3.0,бензин,механика,Б/у
BMW 318,BMW,318,1500000,1995,седан,1.8,бензин,механика,Б/у
BMW 525,BMW,525,3000000,1998,седан,2.5,бензин,механика,Б/у
BMW X5,BMW,X5,9700000,2003,кроссовер,4.8,бензин,автомат,Б/у
BMW 528,BMW,528,2900000,1996,седан,2.8,бензин,автомат,Б/у
BMW 740,BMW,740,21000000,2018,седан,3.0,бензин,автомат,Б/у
BMW 530,BMW,530,5600000,2005,седан,3.0,бензин,автомат,Б/у
BMW M5,BMW,M5,14000000,2013,седан,4.4,бензин,робот,Б/у
BMW 530,BMW,530,21200000,2020,седан,2.0,бензин,автомат,Б/у
BMW 530,BMW,530,5800000,2005,седан,3.0,бензин,автомат,Б/у
BMW X5,BMW,X5,65000000,2025,кроссовер,3.0,бензин,автомат,Б/у
BMW 540,BMW,540,8500000,1993,седан,4.0,бензин,механика,Б/у
BMW 530,BMW,530,4800000,2003,седан,3.0,бензин,механика,Б/у
BMW X5,BMW,X5,7000000,2005,кроссовер,4.4,бензин,автомат,Б/у
BMW 320,BMW,320,2600000,1993,купе,2.0,бензин,автомат,Б/у
BMW 760,BMW,760,5500000,2007,седан,6.0,бензин,автомат,Б/у
BMW 530,BMW,530,4000000,2001,седан,3.0,бензин,механика,Б/у
BMW 330,BMW,330,7300000,2012,кабриолет,3.0,бензин,автомат,Б/у
BMW 530,BMW,530,5500000,2001,седан,3.0,бензин,механика,Б/у
BMW 535,BMW,535,8000000,2013,седан,3.0,бензин,автомат,Б/у
BMW 525,BMW,525,2200000,1993,седан,2.5,бензин,механика,Б/у
BMW 530,BMW,530,28500000,2022,седан,2.0,бензин,автомат,Б/у
BMW 525,BMW,525,1500000,1989,седан,2.5,бензин,механика,Б/у
BMW 520,BMW,520,1350000,1991,седан,2.0,бензин,механика,Б/у
BMW X5,BMW,X5,14800000,2014,кроссовер,3.0,бензин,автомат,Б/у
BMW X6,BMW,X6,11100000,2010,кроссовер,3.0,бензин,автомат,Б/у
BMW 528,BMW,528,9000000,2009,седан,3.0,бензин,автомат,Б/у
BMW 540,BMW,540,27500000,2020,седан,3.0,бензин,автомат,Б/у
BMW X7,BMW,X7,57700000,2023,кроссовер,3.0,бензин,автомат,Б/у
BMW 116,BMW,116,3550000,2006,хэтчбек,1.6,бензин,механика,Б/у
BMW 540,BMW,540,18555555,2017,седан,3.0,бензин,автомат,Б/у
BMW X5,BMW,X5,15000000,2014,кроссовер,3.0,бензин,автомат,Б/у
BMW X3 XDrive 20,BMW,X3 XDrive 20,51017939,2025,кроссовер,2.0,гибрид,автомат,новый
BMW 435,BMW,435,14500000,2014,купе,3.0,бензин,автомат,Б/у
BMW 740,BMW,740,4500000,2010,седан,3.0,бензин,автомат,Б/у
BMW 528,BMW,528,10600000,2010,седан,3.0,бензин,автомат,Б/у
BMW 540,BMW,540,2600000,1995,седан,4.0,бензин,механика,Б/у
BMW X5,BMW,X5,11700000,2007,кроссовер,3.0,бензин,автомат,Б/у
BMW X6,BMW,X6,12000000,2008,кроссовер,3.0,бензин,автомат,Б/у
BMW 525,BMW,525,2400000,1993,седан,2.8,бензин,механика,Б/у
BMW 325,BMW,325,2700000,1994,купе,2.5,бензин,механика,Б/у
BMW 728,BMW,728,1700000,1997,седан,2.8,бензин,автомат,Б/у
BMW 528,BMW,528,12400000,2014,седан,2.0,бензин,автомат,Б/у
BMW X5 M,BMW,X5 M,22000000,2014,кроссовер,4.4,бензин,автомат,Б/у
BMW 525,BMW,525,2000000,1994,седан,2.5,бензин,автомат,Б/у
BMW 528,BMW,528,2700000,1996,седан,2.8,бензин,автомат,Б/у
BMW 530,BMW,530,7000000,1991,седан,3.0,бензин,механика,Б/у
BMW X4,BMW,X4,17000000,2014,кроссовер,2.0,бензин,автомат,Б/у
BMW 320,BMW,320,1500000,1994,купе,2.0,бензин,автомат,Б/у
BMW X5,BMW,X5,4000000,2000,кроссовер,3.0,бензин,автомат,Б/у
BMW 430,BMW,430,13000000,2018,лифтбек,2.0,бензин,автомат,Б/у
BMW X6,BMW,X6,13800000,2013,кроссовер,3.0,бензин,автомат,Б/у
BMW X6,BMW,X6,18200000,2016,кроссовер,3.0,бензин,автомат,Б/у
BMW 520,BMW,520,21500000,2020,седан,2.0,бензин,автомат,Б/у
BMW X5,BMW,X5,36900000,2020,кроссовер,3.0,бензин,автомат,Б/у
BMW 728,BMW,728,2550000,1996,седан,2.8,бензин,механика,Б/у
BMW 323,BMW,323,3300000,1997,универсал,2.5,бензин,автомат,Б/у
BMW 528,BMW,528,3500000,1997,универсал,2.8,бензин,механика,Б/у
BMW 320,BMW,320,11000000,2015,седан,2.0,бензин,автомат,Б/у
BMW 525,BMW,525,1600000,1997,седан,2.5,бензин,механика,Б/у
BMW 540,BMW,540,3500000,1993,седан,4.0,бензин,механика,Б/у
BMW 330,BMW,330,4000000,2001,седан,3.0,бензин,автомат,Б/у
BMW 740,BMW,740,66500000,2022,седан,3.0,бензин,автомат,Б/у
BMW 530,BMW,530,6100000,2006,седан,3.0,бензин,автомат,Б/у
BMW X5,BMW,X5,5800000,2003,кроссовер,4.4,бензин,автомат,Б/у
BMW 728,BMW,728,2600000,1995,седан,2.8,бензин,автомат,Б/у
BMW X5,BMW,X5,16900000,2016,кроссовер,3.0,бензин,автомат,Б/у
BMW X7,BMW,X7,46000000,2019,кроссовер,3.0,бензин,автомат,Б/у
BMW X3,BMW,X3,30700000,2024,кроссовер,2.0,бензин,автомат,Б/у
BMW 528,BMW,528,2700000,1998,седан,2.8,бензин,механика,Б/у
BMW X7,BMW,X7,46500000,2021,кроссовер,3.0,бензин,автомат,Б/у
BMW 323,BMW,323,3500000,1992,купе,2.5,бензин,автомат,Б/у
BMW 318,BMW,318,2200000,1993,универсал,1.8,бензин,механика,Б/у
BMW 535,BMW,535,11300000,2014,седан,3.0,бензин,автомат,Б/у
BMW 328,BMW,328,3800000,2000,седан,2.8,бензин,механика,Б/у
BMW 520,BMW,520,2000000,1995,седан,2.0,бензин,механика,Б/у
BMW 525,BMW,525,4000000,1994,седан,2.5,бензин,автомат,Б/у
BMW 525,BMW,525,600000,1992,седан,2.5,бензин,автомат,Б/у
BMW 535,BMW,535,13000000,2014,седан,3.0,бензин,автомат,Б/у
BMW 530,BMW,530,18300000,2017,седан,2.0,бензин,автомат,Б/у
BMW 328,BMW,328,14900000,2012,седан,2.0,бензин,автомат,Б/у
BMW 535,BMW,535,14500000,2016,седан,3.0,бензин,автомат,Б/у
BMW X5,BMW,X5,4200000,2006,кроссовер,3.0,бензин,автомат,Б/у
BMW 750,BMW,750,11900000,2011,седан,4.4,бензин,автомат,Б/у
BMW M4,BMW,M4,60000000,2024,купе,3.0,бензин,автомат,Б/у
BMW 328,BMW,328,3500000,1997,седан,2.8,бензин,механика,Б/у
BMW 525,BMW,525,3500000,1992,седан,2.5,дизель,механика,Б/у
BMW X5,BMW,X5,71050000,2024,кроссовер,3.0,бензин,автомат,Б/у
BMW 535,BMW,535,8000000,2014,седан,3.0,бензин,автомат,Б/у
BMW 525,BMW,525,2200000,1992,седан,2.5,бензин,механика,Б/у
BMW 728,BMW,728,2450000,1998,седан,2.8,бензин,автомат,Б/у
BMW 523,BMW,523,8500000,2011,седан,2.5,бензин,автомат,Б/у
BMW 525,BMW,525,3500000,1994,седан,2.5,бензин,автомат,Б/у
BMW X6 M,BMW,X6 M,100000000,2023,кроссовер,4.4,бензин,автомат,Б/у
BMW X7,BMW,X7,99500000,2024,кроссовер,4.4,бензин,автомат,Б/у
BMW 525,BMW,525,1500000,1993,седан,2.5,бензин,автомат,Б/у
BMW 318,BMW,318,3600000,2006,седан,2.0,бензин,автомат,Б/у
BMW 530,BMW,530,2500000,1995,седан,3.0,бензин,автомат,Б/у
BMW 525,BMW,525,4500000,2002,седан,2.5,бензин,автомат,Б/у
BMW 840,BMW,840,37000000,2019,купе,3.0,бензин,автомат,Б/у
BMW 340,BMW,340,25000000,2021,седан,3.0,бензин,автомат,Б/у
BMW 745,BMW,745,4000000,2004,седан,4.4,бензин,автомат,Б/у
BMW 540,BMW,540,22000000,2019,седан,3.0,бензин,автомат,Б/у
BMW 750,BMW,750,18000000,2012,седан,4.4,бензин,автомат,Б/у
BMW X5,BMW,X5,5500000,2001,кроссовер,3.0,бензин,автомат,Б/у
BMW 525,BMW,525,2350000,1991,седан,2.5,бензин,механика,Б/у
BMW 528,BMW,528,5250000,1997,седан,2.8,бензин,автомат,Б/у
BMW 525,BMW,525,2200000,1991,седан,2.5,бензин,автомат,Б/у
BMW M5,BMW,M5,44000000,2019,седан,4.4,бензин,автомат,Б/у
BMW 525,BMW,525,1700000,1989,седан,2.5,бензин,механика,Б/у
BMW X5,BMW,X5,5500000,2001,кроссовер,4.4,бензин,автомат,Б/у
BMW 435,BMW,435,10000000,2015,лифтбек,3.0,бензин,автомат,Б/у
BMW 528,BMW,528,3200000,1999,седан,2.8,бензин,автомат,Б/у
BMW 528,BMW,528,2800000,2000,седан,2.8,бензин,механика,Б/у
BMW 728,BMW,728,5900000,1998,седан,2.8,бензин,автомат,Б/у
BMW X5,BMW,X5,8000000,2002,кроссовер,4.6,бензин,автомат,Б/у
BMW X4,BMW,X4,19000000,2019,кроссовер,2.0,дизель,автомат,Б/у
BMW X5,BMW,X5,11500000,2011,кроссовер,3.0,бензин,автомат,Б/у
BMW 540,BMW,540,25000000,2020,седан,3.0,бензин,автомат,Б/у
BMW X5,BMW,X5,75777777,2025,кроссовер,3.0,бензин,автомат,Б/у
BMW 335,BMW,335,11500000,2014,седан,3.0,бензин,автомат,Б/у
BMW 525,BMW,525,7200000,2002,седан,2.5,бензин,автомат,Б/у
BMW X3,BMW,X3,8700000,2010,кроссовер,3.0,бензин,автомат,Б/у
BMW X5,BMW,X5,8600000,2008,кроссовер,3.0,бензин,автомат,Б/у
BMW 328,BMW,328,2900000,1998,седан,2.8,бензин,автомат,Б/у
BMW X3,BMW,X3,7900000,2007,кроссовер,3.0,бензин,автомат,Б/у
BMW X5,BMW,X5,4500000,2001,кроссовер,4.4,бензин,автомат,Б/у
BMW 740,BMW,740,2100000,1995,седан,4.4,бензин,автомат,Б/у
BMW 5 серия,BMW,5 серия,22390000,2022,седан,2.0,бензин,автомат,Б/у
BMW 530,BMW,530,4850000,2001,седан,3.0,бензин,автомат,Б/у
BMW X7,BMW,X7,45000000,2020,кроссовер,3.0,бензин,автомат,Б/у
BMW 528,BMW,528,11000000,2016,седан,2.0,бензин,автомат,Б/у
BMW 732,BMW,732,750000,1983,седан,3.2,бензин,автомат,Б/у
BMW 530,BMW,530,5500000,2002,седан,3.0,бензин,механика,Б/у
BMW X3,BMW,X3,5000000,2004,кроссовер,3.0,бензин,автомат,Б/у
BMW X5,BMW,X5,29000000,2020,кроссовер,4.4,бензин,автомат,Б/у
BMW 535,BMW,535,500000,1994,седан,3.4,бензин,механика,Б/у
BMW X5,BMW,X5,12000000,2016,кроссовер,3.0,бензин,автомат,Б/у
BMW 740,BMW,740,2000000,1994,седан,4.0,бензин,автомат,Б/у
BMW 530,BMW,530,4100000,1994,седан,3.0,бензин,механика,Б/у
BMW 740,BMW,740,15000000,2013,седан,3.0,бензин,автомат,Б/у
BMW 530,BMW,530,36500000,2025,седан,2.0,бензин,автомат,Б/у
BMW X5,BMW,X5,7800000,2008,кроссовер,4.8,бензин,автомат,Б/у
BMW 730,BMW,730,2600000,1995,седан,3.0,бензин,автомат,Б/у
BMW Gran Turismo,BMW,Gran Turismo,11500000,2011,лифтбек,3.0,бензин,автомат,Б/у
BMW 116,BMW,116,2350000,2011,хэтчбек,1.6,бензин,автомат,Б/у
BMW 728,BMW,728,3700000,1998,седан,2.8,бензин,автомат,Б/у
BMW 728,BMW,728,4500000,1999,седан,2.8,бензин,автомат,Б/у
BMW 320,BMW,320,11500000,2018,седан,2.0,бензин,автомат,Б/у
BMW X5,BMW,X5,31900000,2019,кроссовер,3.0,бензин,автомат,Б/у
BMW 525,BMW,525,1650000,1992,седан,2.5,бензин,механика,Б/у
BMW 525,BMW,525,4850000,1994,седан,2.5,бензин,механика,Б/у
BMW 430,BMW,430,16000000,2017,лифтбек,2.0,бензин,автомат,Б/у
BMW 530,BMW,530,5600000,2006,седан,3.0,дизель,автомат,Б/у
BMW 520,BMW,520,2100000,1994,седан,2.0,бензин,механика,Б/у
BMW X5,BMW,X5,9000000,2012,кроссовер,3.0,бензин,автомат,Б/у
BMW 528,BMW,528,8000000,2010,седан,3.0,бензин,автомат,Б/у
BMW Z4,BMW,Z4,6000000,2005,родстер,2.5,бензин,автомат,Б/у
BMW 750,BMW,750,10000000,2010,седан,4.4,бензин,автомат,Б/у
BMW 728,BMW,728,4300000,1999,седан,2.8,бензин,автомат,Б/у
BMW X7,BMW,X7,72000000,2025,кроссовер,3.0,бензин,автомат,Б/у
BMW 530,BMW,530,14888888,2017,седан,2.0,бензин,автомат,Б/у
BMW 523,BMW,523,4500000,1999,седан,2.5,бензин,механика,Б/у
BMW 5 серия,BMW,5 серия,26000000,2022,седан,2.0,бензин,автомат,Б/у
BMW 735,BMW,735,3500000,2004,седан,3.6,бензин,автомат,Б/у
BMW 525,BMW,525,3500000,1991,седан,2.5,бензин,механика,Б/у
BMW 535,BMW,535,10900000,2013,седан,3.0,бензин,автомат,Б/у
BMW 525,BMW,525,1790000,1994,седан,2.5,бензин,механика,Б/у
BMW 320,BMW,320,21000000,2021,седан,2.0,бензин,автомат,Б/у
BMW X7,BMW,X7,43000000,2020,кроссовер,3.0,бензин,автомат,Б/у
BMW 525,BMW,525,2500000,1992,седан,2.5,бензин,механика,Б/у
BMW X5,BMW,X5,40500000,2022,кроссовер,4.4,бензин,автомат,Б/у
BMW X5,BMW,X5,5000000,2007,кроссовер,3.0,бензин,автомат,Б/у
BMW 745,BMW,745,1700000,2001,седан,4.4,бензин,автомат,Б/у
BMW X5,BMW,X5,5000000,2008,кроссовер,3.0,бензин,автомат,Б/у
BMW 750,BMW,750,11000000,2013,седан,4.4,бензин,автомат,Б/у
BMW 523,BMW,523,2750000,1996,седан,2.5,бензин,механика,Б/у
BMW 525,BMW,525,1300000,1988,седан,2.5,бензин,механика,Б/у
BMW 530,BMW,530,25000000,2022,седан,2.0,бензин,автомат,Б/у
BMW 320,BMW,320,1600000,1996,седан,2.0,бензин,автомат,Б/у
BMW 740,BMW,740,11000000,2012,седан,3.0,бензин,автомат,Б/у
BMW 525,BMW,525,1400000,1992,седан,2.5,бензин,механика,Б/у
BMW X5,BMW,X5,20500000,2017,кроссовер,3.0,бензин,автомат,Б/у
BMW X3,BMW,X3,4900000,2003,кроссовер,3.0,бензин,автомат,Б/у
BMW X5,BMW,X5,19500000,2016,кроссовер,3.0,бензин,автомат,Б/у
BMW 850,BMW,850,60000000,2019,кабриолет,4.4,бензин,автомат,Б/у
BMW 525,BMW,525,1300000,1994,седан,2.5,бензин,автомат,Б/у
BMW X5,BMW,X5,9800000,2004,кроссовер,4.8,бензин,автомат,Б/у
BMW 528,BMW,528,3750000,1999,седан,2.8,бензин,автомат,Б/у
BMW X7,BMW,X7,83000000,2023,кроссовер,4.4,бензин,автомат,Б/у
BMW 528,BMW,528,4500000,1997,седан,2.8,бензин,автомат,Б/у
BMW 525,BMW,525,1800000,1991,седан,2.5,бензин,механика,Б/у
BMW 523,BMW,523,2000000,1996,седан,2.5,бензин,механика,Б/у
BMW 320,BMW,320,1600000,1991,седан,2.0,бензин,механика,Б/у
BMW X2,BMW,X2,13500000,2018,кроссовер,2.0,бензин,автомат,Б/у
BMW X1,BMW,X1,35000000,2025,кроссовер,2.0,бензин,робот,Б/у
BMW X5,BMW,X5,6990000,2005,кроссовер,3.0,бензин,автомат,Б/у
BMW X5,BMW,X5,9500000,2011,кроссовер,3.0,дизель,автомат,Б/у
BMW 325,BMW,325,4800000,1998,седан,2.5,бензин,автомат,Б/у
BMW X7,BMW,X7,40000000,2021,кроссовер,3.0,бензин,автомат,Б/у
BMW 530,BMW,530,42000000,2025,седан,2.0,бензин,автомат,Б/у
BMW Z4,BMW,Z4,17800000,2011,родстер,3.0,бензин,робот,Б/у
BMW 528,BMW,528,3950000,2000,седан,2.8,бензин,автомат,Б/у
BMW X5,BMW,X5,4300000,2002,кроссовер,3.0,бензин,механика,Б/у
BMW 316,BMW,316,900000,1993,седан,1.6,бензин,механика,Б/у
BMW 330,BMW,330,4100000,2002,седан,3.0,бензин,автомат,Б/у
BMW 330,BMW,330,18000000,2020,седан,2.0,бензин,автомат,Б/у
BMW 540,BMW,540,7000000,1995,седан,4.0,бензин,автомат,Б/у
BMW X5,BMW,X5,48800000,2022,кроссовер,3.0,бензин,автомат,Б/у
BMW 520,BMW,520,1800000,1996,седан,2.0,бензин,автомат,Б/у
BMW 5 серия,BMW,5 серия,11000000,2012,седан,3.0,гибрид,автомат,Б/у
BMW X5,BMW,X5,6700000,2007,кроссовер,4.8,бензин,автомат,Б/у
BMW X6,BMW,X6,9500000,2008,кроссовер,4.4,бензин,автомат,Б/у
BMW X5,BMW,X5,5700000,2006,кроссовер,3.0,бензин,автомат,Б/у
BMW 328,BMW,328,2500000,2001,седан,2.8,бензин,автомат,Б/у
BMW 520,BMW,520,2000000,1993,седан,2.0,бензин,автомат,Б/у
BMW X5,BMW,X5,7400000,2003,кроссовер,3.0,бензин,автомат,Б/у
BMW 520,BMW,520,14800000,2018,седан,2.0,бензин,автомат,Б/у
BMW 525,BMW,525,1500000,1991,седан,2.5,бензин,механика,Б/у
BMW X5,BMW,X5,36790000,2023,кроссовер,3.0,бензин,автомат,Б/у
BMW X3,BMW,X3,11500000,2013,кроссовер,2.0,бензин,автомат,Б/у
BMW X5,BMW,X5,9350000,2011,кроссовер,3.0,бензин,автомат,Б/у
BMW X5,BMW,X5,16700000,2014,кроссовер,3.0,бензин,автомат,Б/у
BMW 530,BMW,530,36800000,2024,седан,2.0,бензин,автомат,Б/у
BMW 550,BMW,550,9500000,2008,седан,4.8,бензин,автомат,Б/у
BMW 540,BMW,540,21000000,2017,седан,3.0,бензин,автомат,Б/у
BMW X5,BMW,X5,5555555,2001,кроссовер,3.0,бензин,автомат,Б/у
BMW 325,BMW,325,2600000,1994,седан,2.5,бензин,автомат,Б/у
BMW 523,BMW,523,9000000,2012,седан,2.5,бензин,автомат,Б/у
BMW X5,BMW,X5,38000000,2022,кроссовер,3.0,бензин,автомат,Б/у
BMW X7,BMW,X7,83000000,2025,кроссовер,3.0,бензин,автомат,Б/у
BMW X6,BMW,X6,7500000,2008,кроссовер,3.0,бензин,автомат,Б/у
BMW 745,BMW,745,4500000,2003,седан,4.4,бензин,автомат,Б/у
BMW X5,BMW,X5,45000000,2022,кроссовер,3.0,бензин,автомат,Б/у
BMW X5,BMW,X5,49400000,2022,кроссовер,4.4,бензин,автомат,Б/у
BMW 530,BMW,530,7500000,2003,седан,3.0,бензин,автомат,Б/у
BMW 530,BMW,530,41000000,2023,седан,2.0,бензин,автомат,Б/у
BMW 528,BMW,528,9000000,2012,седан,3.0,бензин,автомат,Б/у
BMW 640,BMW,640,19000000,2012,седан,3.0,бензин,автомат,Б/у
BMW X5,BMW,X5,60000000,2023,кроссовер,3.0,бензин,автомат,Б/у
BMW 528,BMW,528,12500000,2014,седан,2.0,бензин,автомат,Б/у
BMW 320,BMW,320,12000000,2013,седан,2.0,бензин,автомат,Б/у
BMW 540,BMW,540,4100000,1995,универсал,4.6,бензин,механика,Б/у
BMW 325,BMW,325,1800000,1995,седан,2.5,бензин,автомат,Б/у
BMW X5,BMW,X5,23000000,2018,кроссовер,3.0,бензин,автомат,Б/у
BMW 323,BMW,323,5000000,2000,седан,2.5,бензин,автомат,Б/у
BMW 525,BMW,525,1900000,1988,седан,2.5,бензин,механика,Б/у
BMW 328,BMW,328,3500000,1999,седан,2.8,бензин,автомат,Б/у
BMW 320,BMW,320,800000,1992,седан,2.0,бензин,механика,Б/у
BMW 325,BMW,325,7500000,2007,купе,2.5,бензин,автомат,Б/у
BMW 535,BMW,535,12000000,2015,седан,3.0,бензин,автомат,Б/у
BMW X5,BMW,X5,4200000,2002,кроссовер,3.0,бензин,автомат,Б/у
BMW X5,BMW,X5,8200000,2013,кроссовер,3.0,бензин,автомат,Б/у
BMW 525,BMW,525,3200000,2000,седан,2.5,бензин,механика,Б/у
BMW 530,BMW,530,2500000,1994,седан,4.0,бензин,механика,Б/у
BMW X7,BMW,X7,85000000,2023,кроссовер,4.4,бензин,автомат,Б/у
BMW 528,BMW,528,8500000,2011,седан,3.0,бензин,автомат,Б/у
BMW 530,BMW,530,7600000,2005,седан,3.0,бензин,автомат,Б/у
BMW 528,BMW,528,3600000,1996,седан,2.8,бензин,механика,Б/у
BMW 750,BMW,750,8000000,2009,седан,4.4,бензин,автомат,Б/у
BMW 520,BMW,520,9900000,2014,седан,2.0,бензин,автомат,Б/у
BMW 520,BMW,520,1750000,1992,седан,2.0,бензин,механика,Б/у
BMW 525,BMW,525,2500000,1997,седан,2.5,бензин,механика,Б/у
BMW 525,BMW,525,3500000,1993,седан,2.5,бензин,механика,Б/у
BMW X5,BMW,X5,5199999,2001,кроссовер,4.4,бензин,автомат,Б/у
BMW 520,BMW,520,1999999,1993,седан,2.0,бензин,механика,Б/у
BMW 528,BMW,528,6500000,2013,седан,2.0,бензин,автомат,Б/у
BMW X5,BMW,X5,5800000,2001,кроссовер,3.0,бензин,автомат,Б/у
BMW X3,BMW,X3,25000000,2021,кроссовер,2.0,бензин,автомат,Б/у
BMW 325,BMW,325,2500000,1997,купе,2.5,бензин,механика,Б/у
BMW 850,BMW,850,45000000,2024,седан,4.4,бензин,автомат,Б/у
BMW 325,BMW,325,3350000,1999,седан,2.5,бензин,автомат,Б/у
BMW X5,BMW,X5,8500000,2012,кроссовер,3.0,бензин,автомат,Б/у
BMW X5,BMW,X5,6700000,2003,кроссовер,4.6,бензин,автомат,Б/у
BMW X5,BMW,X5,15200000,2016,кроссовер,3.0,бензин,автомат,Б/у
BMW 528,BMW,528,2300000,1996,седан,2.8,газ-бензин,автомат,Б/у
BMW X7,BMW,X7,80000000,2024,кроссовер,3.0,бензин,автомат,Б/у
BMW 525,BMW,525,5000000,2001,седан,2.5,бензин,механика,Б/у
BMW X4,BMW,X4,21000000,2020,кроссовер,2.0,бензин,автомат,Б/у
BMW 735,BMW,735,5700000,2002,седан,3.6,бензин,автомат,Б/у
BMW 530,BMW,530,3900000,2001,седан,3.0,бензин,механика,Б/у
BMW 320,BMW,320,12500000,2018,седан,2.0,бензин,автомат,Б/у
BMW 530,BMW,530,17500000,2017,седан,2.0,бензин,автомат,Б/у
BMW 528,BMW,528,13700000,2014,седан,2.0,бензин,автомат,Б/у
BMW 316,BMW,316,2200000,1998,седан,1.9,бензин,механика,Б/у
BMW X5,BMW,X5,67000000,2024,кроссовер,3.0,бензин,автомат,Б/у
BMW 540,BMW,540,5300000,1994,седан,4.0,бензин,механика,Б/у
BMW 530,BMW,530,13000000,2018,седан,2.0,бензин,автомат,Б/у
BMW 323,BMW,323,3600000,1998,седан,2.5,бензин,автомат,Б/у
BMW 320,BMW,320,1470000,1993,седан,2.0,бензин,механика,Б/у
BMW 318,BMW,318,9500000,2017,седан,1.5,бензин,автомат,Б/у
BMW 550,BMW,550,57990000,2024,седан,3.0,гибрид,автомат,Б/у
BMW 525,BMW,525,2850000,1995,седан,2.5,бензин,автомат,Б/у
BMW 330,BMW,330,13500000,2017,седан,2.0,бензин,автомат,Б/у
BMW 730,BMW,730,3200000,1995,седан,3.0,бензин,автомат,Б/у
BMW 535,BMW,535,10600000,2013,седан,3.0,бензин,автомат,Б/у
BMW 320,BMW,320,6800000,2015,седан,2.0,бензин,автомат,Б/у
BMW X5,BMW,X5,18000000,2015,кроссовер,3.0,дизель,автомат,Б/у
BMW 520,BMW,520,2650000,1995,седан,2.0,бензин,автомат,Б/у
BMW 525,BMW,525,3500000,1997,седан,2.5,бензин,механика,Б/у
BMW 525,BMW,525,2500000,1994,седан,2.5,бензин,механика,Б/у
BMW 525,BMW,525,1700000,1991,седан,2.5,бензин,механика,Б/у
BMW X5,BMW,X5,47000000,2023,кроссовер,3.0,бензин,автомат,Б/у
BMW 740,BMW,740,7700000,2008,седан,4.0,бензин,автомат,Б/у
BMW X5,BMW,X5,6000000,2002,кроссовер,3.0,бензин,автомат,Б/у
BMW 428,BMW,428,12000000,2015,лифтбек,2.0,бензин,автомат,Б/у
BMW 735,BMW,735,5000000,1994,седан,3.5,бензин,автомат,Б/у
BMW X7,BMW,X7,41800000,2020,кроссовер,3.0,бензин,автомат,Б/у
BMW 730,BMW,730,4000000,2005,седан,3.0,бензин,автомат,Б/у
BMW X3,BMW,X3,5800000,2006,кроссовер,3.0,бензин,автомат,Б/у
BMW 320,BMW,320,7000000,2011,седан,2.0,бензин,автомат,Б/у
BMW 745,BMW,745,5000000,2003,седан,4.4,бензин,автомат,Б/у
BMW 320,BMW,320,1350000,1991,седан,2.0,бензин,механика,Б/у
BMW 525,BMW,525,4300000,2000,седан,2.5,бензин,автомат,Б/у
BMW X5,BMW,X5,41000000,2021,кроссовер,3.0,бензин,автомат,Б/у
BMW X6,BMW,X6,12500000,2012,кроссовер,3.0,бензин,автомат,Б/у
BMW 525,BMW,525,3600000,1995,седан,2.5,бензин,автомат,Б/у
BMW 525,BMW,525,2800000,1998,седан,2.5,бензин,механика,Б/у
BMW 520,BMW,520,1300000,1991,седан,2.0,бензин,автомат,Б/у
BMW 525,BMW,525,3300000,1993,седан,2.5,бензин,механика,Б/у
BMW X5,BMW,X5,5000000,2006,кроссовер,3.0,бензин,автомат,Б/у
BMW 528,BMW,528,3800000,1996,седан,2.8,бензин,механика,Б/у
BMW 520,BMW,520,23150000,2021,седан,2.0,бензин,автомат,Б/у
BMW 530,BMW,530,5900000,2003,седан,3.0,бензин,автомат,Б/у
BMW 316,BMW,316,1370000,1993,хэтчбек,1.6,бензин,автомат,Б/у
BMW 540,BMW,540,4000000,1993,седан,4.6,бензин,механика,Б/у
BMW 528,BMW,528,2600000,1998,седан,2.8,бензин,автомат,Б/у
BMW X6,BMW,X6,12000000,2011,кроссовер,3.0,бензин,автомат,Б/у
BMW 525,BMW,525,2300000,1988,седан,2.5,бензин,механика,Б/у
BMW 525,BMW,525,3800000,1993,седан,2.5,бензин,механика,Б/у
BMW 316,BMW,316,1600000,1992,седан,1.6,бензин,механика,Б/у
BMW 520,BMW,520,1300000,1992,седан,2.0,бензин,механика,Б/у
BMW 520,BMW,520,800000,1993,седан,2.0,бензин,механика,Б/у
BMW 523,BMW,523,3200000,1996,седан,2.5,бензин,автомат,Б/у
BMW 525,BMW,525,1650000,1990,седан,2.5,бензин,механика,Б/у
BMW 528,BMW,528,9000000,2015,седан,2.0,бензин,автомат,Б/у
BMW 330,BMW,330,5800000,2003,седан,3.0,бензин,механика,Б/у
BMW X1,BMW,X1,14300000,2018,кроссовер,1.5,бензин,робот,Б/у
BMW 530,BMW,530,9500000,2009,седан,3.0,бензин,автомат,Б/у
BMW 540,BMW,540,18500000,2017,седан,3.0,бензин,автомат,Б/у
BMW 728,BMW,728,5000000,2000,седан,2.8,бензин,автомат,Б/у
BMW 318,BMW,318,1000000,1994,седан,1.8,бензин,механика,Б/у
BMW 740,BMW,740,28500000,2017,седан,2.0,гибрид,автомат,Б/у
BMW 318,BMW,318,2100000,1996,седан,1.8,бензин,автомат,Б/у
BMW 530,BMW,530,25500000,2021,седан,2.0,бензин,автомат,Б/у
BMW 530,BMW,530,25800000,2021,седан,2.0,бензин,автомат,Б/у
BMW 528,BMW,528,2750000,1996,седан,2.8,бензин,механика,Б/у
BMW 520,BMW,520,6600000,2009,седан,2.0,бензин,автомат,Б/у
BMW 520,BMW,520,1250000,1990,седан,2.0,бензин,механика,Б/у
BMW 730,BMW,730,4500000,2005,седан,3.0,бензин,автомат,Б/у
BMW 540,BMW,540,14000000,2017,седан,3.0,бензин,автомат,Б/у
BMW X5,BMW,X5,33500000,2020,кроссовер,3.0,бензин,автомат,Б/у
BMW X5,BMW,X5,18500000,2017,кроссовер,3.0,бензин,автомат,Б/у
BMW 520,BMW,520,1399999,1989,седан,2.0,бензин,механика,Б/у
BMW 730,BMW,730,2650000,1995,седан,3.0,бензин,автомат,Б/у
BMW 340,BMW,340,15800000,2017,седан,3.0,бензин,автомат,Б/у
BMW X5,BMW,X5,33000000,2020,кроссовер,3.0,бензин,автомат,Б/у
BMW 528,BMW,528,3200000,1998,седан,2.8,бензин,автомат,Б/у
BMW X6,BMW,X6,41000000,2020,кроссовер,3.0,бензин,автомат,Б/у
BMW 520,BMW,520,650000,1993,седан,2.0,бензин,автомат,Б/у
BMW 318,BMW,318,4700000,2006,седан,2.0,бензин,автомат,Б/у
BMW 325,BMW,325,2650000,1993,седан,2.5,бензин,автомат,Б/у
BMW 316,BMW,316,1500000,1993,седан,1.6,бензин,механика,Б/у
BMW X5,BMW,X5,6800000,2002,кроссовер,4.6,бензин,автомат,Б/у
BMW 745,BMW,745,6500000,2004,седан,3.6,газ-бензин,автомат,Б/у
BMW 520,BMW,520,4500000,1999,универсал,2.0,бензин,механика,Б/у
BMW 530,BMW,530,40000000,2023,седан,2.0,бензин,автомат,Б/у
BMW X5,BMW,X5,12000000,2011,кроссовер,3.0,бензин,автомат,Б/у
BMW 528,BMW,528,3300000,1997,седан,2.8,бензин,механика,Б/у
BMW X5,BMW,X5,17500000,2018,кроссовер,3.0,бензин,автомат,Б/у
BMW 520,BMW,520,7500000,2013,седан,2.0,бензин,автомат,Б/у
BMW X5,BMW,X5,10500000,2004,кроссовер,4.8,бензин,автомат,Б/у
BMW 530,BMW,530,2700000,2000,седан,3.0,бензин,механика,Б/у
BMW 520,BMW,520,1300000,1995,седан,2.0,бензин,автомат,Б/у
BMW 525,BMW,525,3000000,1998,седан,2.5,бензин,автомат,Б/у
BMW X5,BMW,X5,6600000,2004,кроссовер,4.4,бензин,автомат,Б/у
BMW X5,BMW,X5,9000000,2005,кроссовер,3.0,бензин,автомат,Б/у
BMW 525,BMW,525,2100000,1994,седан,2.5,бензин,механика,Б/у
BMW 528,BMW,528,10000000,2013,седан,2.0,бензин,автомат,Б/у
BMW X4,BMW,X4,25000000,2019,кроссовер,2.0,бензин,автомат,Б/у
BMW 730,BMW,730,3000000,1995,седан,3.0,бензин,механика,Б/у
BMW 320,BMW,320,2000000,1995,седан,2.0,бензин,автомат,Б/у
BMW Z3,BMW,Z3,4350000,1997,родстер,1.9,бензин,механика,Б/у
BMW X5,BMW,X5,11300000,2015,кроссовер,3.0,бензин,автомат,Б/у
BMW 316,BMW,316,700000,1994,седан,1.6,бензин,механика,Б/у
BMW 525,BMW,525,950000,1988,седан,2.5,бензин,механика,Б/у
BMW X5,BMW,X5,6500000,2001,кроссовер,3.0,бензин,механика,Б/у
BMW 728,BMW,728,3000000,1998,седан,2.8,бензин,автомат,Б/у
BMW X6,BMW,X6,67500000,2024,кроссовер,3.0,бензин,автомат,Б/у
BMW 528,BMW,528,5200000,1998,седан,2.8,бензин,автомат,Б/у
BMW 530,BMW,530,16700000,2017,седан,2.0,бензин,автомат,Б/у
BMW 323,BMW,323,3500000,1981,седан,2.3,бензин,механика,Б/у
BMW 328,BMW,328,2800000,1995,седан,3.0,бензин,механика,Б/у
BMW 528,BMW,528,3500000,1996,седан,2.8,бензин,автомат,Б/у
BMW X7,BMW,X7,45500000,2021,кроссовер,3.0,бензин,автомат,Б/у
BMW 730,BMW,730,2200000,1996,седан,3.0,бензин,автомат,Б/у
BMW 750,BMW,750,13500000,2012,седан,4.4,бензин,автомат,Б/у
BMW 320,BMW,320,8800000,2016,седан,2.0,бензин,автомат,Б/у
BMW 535,BMW,535,10700000,2015,седан,3.0,бензин,автомат,Б/у
BMW 318,BMW,318,3000000,2000,седан,1.9,бензин,автомат,Б/у
BMW X7,BMW,X7,78700000,2023,кроссовер,4.4,бензин,автомат,Б/у
BMW X1,BMW,X1,7000000,2010,кроссовер,2.0,бензин,автомат,Б/у
BMW X5,BMW,X5,45000000,2023,кроссовер,3.0,бензин,автомат,Б/у
BMW X5,BMW,X5,19000000,2015,кроссовер,3.0,бензин,автомат,Б/у
BMW Z4,BMW,Z4,11000000,2007,купе,3.0,бензин,автомат,Б/у
BMW 525,BMW,525,1050000,1992,седан,2.5,бензин,механика,Б/у
BMW 320,BMW,320,1700000,1992,седан,2.0,бензин,автомат,Б/у
BMW 530,BMW,530,3500000,2004,седан,3.0,бензин,автомат,Б/у
BMW 530,BMW,530,4100000,2003,седан,3.0,бензин,автомат,Б/у
BMW X5,BMW,X5,30000000,2019,кроссовер,3.0,бензин,автомат,Б/у
BMW M5,BMW,M5,25000000,2015,седан,4.4,бензин,робот,Б/у
BMW 525,BMW,525,2000000,1995,седан,2.5,бензин,механика,Б/у
BMW 330,BMW,330,3000000,1993,седан,3.0,бензин,механика,Б/у
BMW 750,BMW,750,9600000,2008,седан,4.4,бензин,автомат,Б/у
BMW X5,BMW,X5,16600000,2017,кроссовер,3.0,бензин,автомат,Б/у
BMW 530,BMW,530,43500000,2024,седан,2.0,бензин,автомат,Б/у
BMW 525,BMW,525,2150000,1991,седан,2.5,бензин,механика,Б/у
BMW X6,BMW,X6,17200000,2016,кроссовер,3.0,бензин,автомат,Б/у
BMW 530,BMW,530,15420000,2018,седан,2.0,бензин,автомат,Б/у
BMW 530,BMW,530,7500000,2005,седан,3.0,бензин,автомат,Б/у
BMW 530,BMW,530,2550000,1991,седан,3.0,бензин,механика,Б/у
BMW 318,BMW,318,1300000,1993,седан,1.8,бензин,механика,Б/у
BMW X6,BMW,X6,7900000,2008,кроссовер,3.0,бензин,автомат,Б/у
BMW 525,BMW,525,2450000,1997,седан,2.5,бензин,механика,Б/у
BMW X7,BMW,X7,35000000,2019,кроссовер,3.0,бензин,автомат,Б/у
BMW X5,BMW,X5,5200000,2002,кроссовер,4.4,бензин,автомат,Б/у
BMW X5,BMW,X5,20000000,2015,кроссовер,3.0,бензин,автомат,Б/у
BMW 330,BMW,330,4150000,2001,седан,3.0,бензин,автомат,Б/у
BMW 525,BMW,525,2700000,1996,седан,2.5,бензин,механика,Б/у
BMW 528,BMW,528,3900000,1998,седан,2.8,бензин,автомат,Б/у
BMW 530,BMW,530,3700000,2001,седан,3.0,бензин,механика,Б/у
BMW 320,BMW,320,2000000,1992,седан,2.0,бензин,автомат,Б/у
BMW M4,BMW,M4,52000000,2024,купе,3.0,бензин,автомат,Б/у
BMW 530,BMW,530,4800000,2002,седан,3.0,газ-бензин,автомат,Б/у
BMW 520,BMW,520,700000,1991,седан,2.0,бензин,механика,Б/у
BMW 528,BMW,528,6900000,2012,седан,2.0,бензин,автомат,Б/у
BMW 730,BMW,730,625000,1990,седан,3.0,бензин,механика,Б/у
BMW 530,BMW,530,8500000,2018,седан,2.0,бензин,автомат,Б/у
BMW X5,BMW,X5,4300000,2001,кроссовер,3.0,бензин,автомат,Б/у
BMW 525,BMW,525,3500000,1995,седан,2.5,бензин,автомат,Б/у
BMW 530,BMW,530,36000000,2024,седан,2.0,бензин,автомат,Б/у
BMW 320,BMW,320,3900000,2002,седан,1.9,бензин,механика,Б/у
BMW 525,BMW,525,2400000,1991,седан,2.5,бензин,механика,Б/у
BMW 523,BMW,523,2000000,1999,седан,2.5,бензин,механика,Б/у
BMW 750,BMW,750,4800000,2010,седан,4.4,бензин,автомат,Б/у
BMW 528,BMW,528,3800000,1997,седан,2.8,бензин,автомат,Б/у
BMW 730,BMW,730,2900000,1995,седан,3.0,бензин,автомат,Б/у
BMW 520,BMW,520,1800000,1991,седан,2.0,бензин,механика,Б/у
BMW 525,BMW,525,4900000,2002,универсал,2.5,бензин,механика,Б/у
BMW X5,BMW,X5,6500000,2002,кроссовер,4.8,бензин,автомат,Б/у
BMW 520,BMW,520,2100000,1997,седан,2.0,бензин,автомат,Б/у
BMW 318,BMW,318,1150000,1995,седан,1.8,бензин,механика,Б/у
BMW 530,BMW,530,16400000,2017,седан,2.0,бензин,автомат,Б/у
BMW 750,BMW,750,10100000,2009,седан,4.4,бензин,автомат,Б/у
BMW 328,BMW,328,5690300,2015,седан,2.0,бензин,автомат,Б/у
BMW 530,BMW,530,8180000,2006,седан,3.0,бензин,автомат,Б/у
BMW 520,BMW,520,1800000,1994,седан,2.0,бензин,механика,Б/у
BMW 518,BMW,518,1200000,1995,седан,1.8,бензин,автомат,Б/у
BMW 530,BMW,530,44800000,2023,седан,2.0,бензин,автомат,Б/у
BMW 318,BMW,318,1600000,1993,седан,1.8,бензин,автомат,Б/у
BMW 535,BMW,535,10700000,2010,седан,3.0,бензин,автомат,Б/у
BMW 528,BMW,528,9000000,2013,седан,2.0,бензин,автомат,Б/у
BMW 520,BMW,520,2000000,1990,седан,2.0,бензин,механика,Б/у
BMW X5,BMW,X5,16400000,2015,кроссовер,3.0,бензин,автомат,Б/у
BMW 318,BMW,318,2000000,1994,седан,1.8,бензин,механика,Б/у
BMW 750,BMW,750,7500000,2008,седан,4.4,бензин,автомат,Б/у
BMW X1,BMW,X1,14000000,2018,кроссовер,2.0,бензин,автомат,Б/у
BMW 116,BMW,116,3000000,2006,хэтчбек,1.6,бензин,механика,Б/у
BMW X3,BMW,X3,5150000,2004,кроссовер,3.0,бензин,автомат,Б/у
BMW X5,BMW,X5,8800000,2006,кроссовер,4.4,бензин,автомат,Б/у
BMW 535,BMW,535,7500000,2015,седан,3.0,бензин,автомат,Б/у
BMW 520,BMW,520,1850000,1994,седан,2.0,бензин,механика,Б/у
BMW 528,BMW,528,7500000,2008,седан,3.0,бензин,автомат,Б/у
BMW X3,BMW,X3,5500000,2008,кроссовер,2.5,бензин,автомат,Б/у
BMW 520,BMW,520,1950000,1993,седан,2.0,бензин,механика,Б/у
BMW X7,BMW,X7,37500000,2019,кроссовер,3.0,бензин,автомат,Б/у
BMW 530,BMW,530,3000000,1991,седан,3.0,бензин,механика,Б/у
BMW 525,BMW,525,7000000,2007,седан,3.0,бензин,автомат,Б/у
BMW 530,BMW,530,6500000,2004,седан,3.0,бензин,механика,Б/у
BMW 525,BMW,525,5550000,2001,седан,2.5,бензин,механика,Б/у
BMW 525,BMW,525,1900000,1994,седан,2.5,бензин,механика,Б/у
BMW M6,BMW,M6,35000000,2012,купе,4.4,бензин,робот,Б/у
BMW X5,BMW,X5,5000000,2004,кроссовер,3.0,бензин,автомат,Б/у
BMW M4,BMW,M4,52000000,2023,купе,3.0,бензин,автомат,Б/у
BMW 525,BMW,525,1800000,1997,седан,2.5,бензин,автомат,Б/у
BMW X6 M,BMW,X6 M,20000000,2010,кроссовер,4.4,бензин,автомат,Б/у
BMW 530,BMW,530,4150000,1995,седан,3.0,бензин,механика,Б/у
BMW 525,BMW,525,3500000,2001,седан,2.5,бензин,механика,Б/у
BMW X5,BMW,X5,4800000,2001,кроссовер,4.4,бензин,автомат,Б/у
BMW 528,BMW,528,11000000,2010,седан,3.0,бензин,автомат,Б/у
BMW 523,BMW,523,3000000,1996,седан,2.5,бензин,механика,Б/у
BMW 535,BMW,535,14500000,2014,седан,3.0,бензин,автомат,Б/у
BMW X6,BMW,X6,8200000,2010,кроссовер,4.4,бензин,автомат,Б/у
BMW 535,BMW,535,9500000,2011,лифтбек,3.0,бензин,автомат,Б/у
BMW 730,BMW,730,1600000,1991,седан,3.0,бензин,механика,Б/у
BMW 530,BMW,530,4200000,2000,седан,3.0,бензин,автомат,Б/у
BMW 316,BMW,316,2450000,2001,седан,1.8,бензин,механика,Б/у
BMW 760,BMW,760,8000000,2006,седан,6.0,бензин,автомат,Б/у
BMW 523,BMW,523,6800000,2007,седан,2.5,бензин,автомат,Б/у
BMW 520,BMW,520,1250000,1994,седан,2.0,бензин,механика,Б/у
BMW 525,BMW,525,1300000,1991,седан,2.5,бензин,механика,Б/у
BMW 530,BMW,530,9500000,2010,седан,3.0,бензин,автомат,Б/у
BMW 318,BMW,318,1900000,1995,купе,1.8,бензин,автомат,Б/у
BMW X3,BMW,X3,37368421,2025,кроссовер,2.0,бензин,автомат,Б/у
BMW 340,BMW,340,14000000,2016,седан,3.0,бензин,автомат,Б/у
BMW 740,BMW,740,35400000,2021,седан,3.0,бензин,автомат,Б/у
BMW 528,BMW,528,6700000,2011,седан,3.0,бензин,автомат,Б/у
BMW X5,BMW,X5,7800000,2007,кроссовер,4.8,бензин,автомат,Б/у
BMW X5,BMW,X5,52000000,2024,кроссовер,3.0,бензин,автомат,Б/у
BMW 528,BMW,528,9500000,2015,седан,2.0,бензин,автомат,Б/у
BMW 328,BMW,328,4950000,2013,седан,2.0,бензин,автомат,Б/у
BMW X6,BMW,X6,32000000,2020,кроссовер,3.0,бензин,автомат,Б/у
BMW 320,BMW,320,1500000,1995,седан,2.0,бензин,автомат,Б/у
BMW 520,BMW,520,1200000,1995,седан,2.0,бензин,механика,Б/у
BMW 740,BMW,740,4300000,1994,седан,4.0,бензин,автомат,Б/у
BMW 540,BMW,540,3000000,1993,седан,4.0,бензин,механика,Б/у
BMW 525,BMW,525,20500000,2006,седан,2.5,бензин,автомат,Б/у
BMW 840,BMW,840,55000000,2021,седан,3.0,бензин,автомат,Б/у
BMW X5,BMW,X5,12300000,2016,кроссовер,3.0,бензин,автомат,Б/у
BMW 325,BMW,325,2800000,1991,седан,2.5,бензин,механика,Б/у
BMW X5,BMW,X5,43000000,2019,кроссовер,3.0,бензин,автомат,Б/у
BMW X6 M,BMW,X6 M,12000000,2011,кроссовер,4.4,бензин,автомат,Б/у
BMW 530,BMW,530,23500000,2023,седан,2.0,бензин,автомат,Б/у
BMW X7,BMW,X7,51200000,2022,кроссовер,3.0,дизель,автомат,Б/у
BMW 520,BMW,520,8644444,2012,седан,2.0,бензин,автомат,Б/у
BMW 730,BMW,730,2900000,1994,седан,3.0,бензин,автомат,Б/у
BMW X3,BMW,X3,17000000,2018,кроссовер,2.0,бензин,автомат,Б/у
BMW X5,BMW,X5,12113500,2017,кроссовер,3.0,бензин,автомат,Б/у
BMW 535,BMW,535,12800000,2013,седан,3.0,бензин,автомат,Б/у
BMW X5,BMW,X5,6000000,2008,кроссовер,3.0,бензин,автомат,Б/у
BMW 328,BMW,328,9500000,2012,седан,2.0,бензин,автомат,Б/у
BMW 525,BMW,525,2350000,1994,седан,2.5,бензин,автомат,Б/у
BMW 530,BMW,530,4500000,2002,седан,2.9,дизель,автомат,Б/у
BMW 325,BMW,325,3200000,2000,седан,2.5,бензин,автомат,Б/у
BMW 528,BMW,528,1650000,1998,седан,2.8,бензин,механика,Б/у
BMW X5,BMW,X5,6500000,2006,кроссовер,4.4,бензин,автомат,Б/у
BMW 325,BMW,325,3500000,2002,седан,2.5,газ-бензин,вариатор,Б/у
BMW 528,BMW,528,3800000,1995,седан,2.8,бензин,механика,Б/у
BMW X5,BMW,X5,40000000,2020,кроссовер,3.0,бензин,автомат,Б/у
BMW 525,BMW,525,1000000,1998,седан,2.5,бензин,механика,Б/у
BMW 535,BMW,535,11000000,2016,седан,3.0,бензин,автомат,Б/у
BMW 528,BMW,528,3000000,1997,седан,2.8,бензин,механика,Б/у
BMW 530,BMW,530,4800000,2006,седан,3.0,бензин,автомат,Б/у
BMW 330,BMW,330,40000000,2023,седан,2.0,гибрид,автомат,Б/у
BMW X5,BMW,X5,29990000,2019,кроссовер,3.0,бензин,автомат,Б/у
BMW X5,BMW,X5,15300000,2014,кроссовер,3.0,бензин,автомат,Б/у
BMW X3,BMW,X3,4500000,2004,кроссовер,3.0,бензин,механика,Б/у
BMW 316,BMW,316,3400000,1998,седан,1.9,бензин,автомат,Б/у
BMW X5,BMW,X5,11000000,2014,кроссовер,3.0,бензин,автомат,Б/у
BMW 528,BMW,528,3400000,1998,седан,2.8,бензин,автомат,Б/у
BMW 545,BMW,545,2300000,1994,седан,4.4,бензин,автомат,Б/у
BMW 520,BMW,520,1600000,1990,седан,2.0,бензин,механика,Б/у
BMW X6,BMW,X6,8000000,2009,кроссовер,4.4,бензин,автомат,Б/у
BMW X5,BMW,X5,58000000,2023,кроссовер,3.0,бензин,автомат,Б/у
BMW 740,BMW,740,1000000,1994,седан,4.4,бензин,автомат,Б/у
BMW 528,BMW,528,5000000,1986,седан,2.7,бензин,автомат,Б/у
BMW X6,BMW,X6,17000000,2017,кроссовер,3.0,бензин,автомат,Б/у
BMW X5,BMW,X5,12500000,2013,кроссовер,3.0,бензин,автомат,Б/у
BMW 428,BMW,428,12500000,2016,лифтбек,2.0,бензин,автомат,Б/у
BMW 530,BMW,530,5950000,2004,седан,3.0,бензин,автомат,Б/у
BMW 520,BMW,520,23000000,2022,седан,2.0,бензин,автомат,Б/у
BMW X6,BMW,X6,19500000,2016,кроссовер,3.0,бензин,автомат,Б/у
BMW 316,BMW,316,1200000,1990,седан,1.6,бензин,механика,Б/у
BMW 528,BMW,528,10000000,2010,седан,3.0,бензин,автомат,Б/у
BMW 525,BMW,525,3200000,1998,седан,2.5,бензин,механика,Б/у
BMW 528,BMW,528,10700000,2012,седан,2.0,бензин,автомат,Б/у
BMW 330,BMW,330,8700000,2001,универсал,3.0,бензин,автомат,Б/у
BMW 530,BMW,530,4800000,2001,седан,3.0,бензин,автомат,Б/у
BMW 728,BMW,728,3700000,1997,седан,2.8,бензин,автомат,Б/у
BMW X5,BMW,X5,15500000,2017,кроссовер,3.0,бензин,автомат,Б/у
BMW X5,BMW,X5,11500000,2013,кроссовер,3.0,бензин,автомат,Б/у
BMW 318,BMW,318,200000,1991,седан,1.8,бензин,механика,Б/у
BMW X5,BMW,X5,37000000,2021,кроссовер,3.0,бензин,автомат,Б/у
BMW 523,BMW,523,2950000,1997,седан,2.5,бензин,автомат,Б/у
BMW X5,BMW,X5,10500000,2015,кроссовер,3.0,бензин,автомат,Б/у
BMW 318,BMW,318,5300000,2009,седан,2.0,бензин,автомат,Б/у
BMW X5,BMW,X5,5900000,2002,кроссовер,3.0,бензин,автомат,Б/у
BMW 530,BMW,530,25200000,2019,седан,2.0,бензин,автомат,Б/у
BMW 525,BMW,525,3200000,2000,седан,2.5,бензин,автомат,Б/у
BMW X6,BMW,X6,5500000,2011,кроссовер,3.0,дизель,автомат,Б/у
BMW 525,BMW,525,5700000,1996,седан,2.5,бензин,автомат,Б/у
BMW X7,BMW,X7,66000000,2024,кроссовер,3.0,бензин,автомат,Б/у
BMW 320,BMW,320,1250000,1993,седан,2.0,бензин,механика,Б/у
BMW X5,BMW,X5,43000000,2021,кроссовер,3.0,бензин,автомат,Б/у
BMW 550,BMW,550,14500000,2013,седан,4.4,бензин,автомат,Б/у
BMW X5,BMW,X5,7200000,2005,кроссовер,4.8,бензин,автомат,Б/у
BMW 318,BMW,318,2500000,1981,седан,1.8,бензин,механика,Б/у
BMW 745,BMW,745,2100000,2002,седан,4.4,бензин,автомат,Б/у
BMW 530,BMW,530,6000000,2006,седан,3.0,бензин,механика,Б/у
BMW 535,BMW,535,15000000,2012,седан,3.0,дизель,автомат,Б/у
BMW 535,BMW,535,3000000,1997,седан,3.5,бензин,автомат,Б/у
BMW 530,BMW,530,3000000,1993,седан,3.0,бензин,механика,Б/у
BMW 525,BMW,525,2700000,1998,седан,2.5,бензин,механика,Б/у
BMW M5,BMW,M5,88000000,2021,седан,4.4,бензин,автомат,Б/у
BMW 540,BMW,540,5500000,1994,седан,4.0,бензин,механика,Б/у
BMW 328,BMW,328,1700000,1992,седан,2.8,бензин,механика,Б/у
BMW X5,BMW,X5,6900000,2002,кроссовер,4.6,бензин,автомат,Б/у
BMW X5,BMW,X5,11250000,2012,кроссовер,3.0,бензин,автомат,Б/у
BMW 528,BMW,528,2100000,1993,седан,2.8,бензин,механика,Б/у
BMW X5,BMW,X5,32000000,2021,кроссовер,3.0,бензин,автомат,Б/у
BMW 5 серия,BMW,5 серия,24000000,2020,седан,2.0,бензин,автомат,Б/у
BMW 530,BMW,530,6000000,2001,универсал,2.9,дизель,механика,Б/у
BMW X5,BMW,X5,8200000,2004,кроссовер,3.0,бензин,автомат,Б/у
BMW 530,BMW,530,6000000,2003,седан,3.0,бензин,механика,Б/у
BMW 330,BMW,330,4300000,2000,седан,3.0,бензин,автомат,Б/у
BMW 520,BMW,520,2700000,1996,седан,2.0,бензин,автомат,Б/у
BMW 530,BMW,530,14700000,2017,седан,2.0,бензин,автомат,Б/у
BMW 520,BMW,520,2300000,1997,седан,2.0,бензин,механика,Б/у
BMW 528,BMW,528,2500000,1998,универсал,2.8,бензин,механика,Б/у
BMW 730,BMW,730,2100000,1995,седан,3.0,бензин,автомат,Б/у
BMW 520,BMW,520,1201782,1991,седан,2.0,бензин,механика,Б/у
BMW 318,BMW,318,900000,1994,седан,1.8,бензин,автомат,Б/у
BMW X6,BMW,X6,10700000,2011,кроссовер,3.0,бензин,автомат,Б/у
BMW 525,BMW,525,2300000,1994,седан,2.5,бензин,автомат,Б/у
BMW 525,BMW,525,2900000,2000,седан,2.5,бензин,автомат,Б/у
BMW X7,BMW,X7,37200000,2021,кроссовер,3.0,бензин,автомат,Б/у
BMW 525,BMW,525,2800000,1995,седан,2.5,бензин,автомат,Б/у
BMW 320,BMW,320,23500000,2022,седан,2.0,бензин,автомат,Б/у
BMW X5,BMW,X5,3700000,2001,кроссовер,3.0,бензин,автомат,Б/у
BMW X5,BMW,X5,8800000,2006,кроссовер,3.0,бензин,автомат,Б/у
BMW X5,BMW,X5,9450000,2009,кроссовер,3.0,бензин,автомат,Б/у
BMW 320,BMW,320,19000000,2021,седан,2.0,бензин,автомат,Б/у
BMW 520,BMW,520,2800000,1995,универсал,2.0,бензин,механика,Б/у
BMW 320,BMW,320,1600000,1989,седан,2.0,бензин,механика,Б/у
BMW 735,BMW,735,3190277,1996,седан,3.5,бензин,автомат,Б/у
BMW X5,BMW,X5,10600000,2013,кроссовер,3.0,бензин,автомат,Б/у
BMW 650,BMW,650,6500000,2005,купе,4.8,бензин,автомат,Б/у
BMW X5 M,BMW,X5 M,17000000,2012,кроссовер,4.4,бензин,автомат,Б/у
BMW 325,BMW,325,3100000,1999,седан,2.5,бензин,автомат,Б/у
BMW 520,BMW,520,1300000,1997,седан,2.0,бензин,механика,Б/у
BMW X5,BMW,X5,14000000,2017,кроссовер,3.0,бензин,автомат,Б/у
BMW X6,BMW,X6,7000000,2009,кроссовер,4.4,бензин,автомат,Б/у
BMW 735,BMW,735,4500000,2002,седан,3.6,бензин,автомат,Б/у
BMW 320,BMW,320,30000000,2023,седан,2.0,бензин,автомат,новый
BMW 520,BMW,520,1300000,1990,седан,2.0,бензин,механика,Б/у
BMW 525,BMW,525,1800000,1990,седан,2.5,бензин,механика,Б/у
BMW 320,BMW,320,10000000,2019,седан,2.0,бензин,автомат,Б/у
BMW X6,BMW,X6,42000000,2021,кроссовер,3.0,бензин,автомат,Б/у
BMW X5,BMW,X5,8000000,2005,кроссовер,4.4,бензин,автомат,Б/у
BMW 520,BMW,520,5000000,2003,седан,2.2,бензин,автомат,Б/у
BMW 328,BMW,328,6400000,2012,седан,2.0,бензин,автомат,Б/у
BMW 318,BMW,318,900000,1991,седан,1.8,бензин,механика,Б/у
BMW X5 M60i,BMW,X5 M60i,86626014,2025,кроссовер,4.4,бензин,автомат,новый
BMW 525,BMW,525,2650000,1993,седан,2.5,бензин,механика,Б/у
BMW M5,BMW,M5,98900000,2025,седан,4.4,гибрид,автомат,Б/у
BMW 728,BMW,728,3100000,1997,седан,2.8,бензин,автомат,Б/у
BMW 328,BMW,328,4500000,1998,седан,2.8,бензин,автомат,Б/у
BMW X5,BMW,X5,7000000,2013,кроссовер,3.0,бензин,автомат,Б/у
BMW X5,BMW,X5,6700000,2002,кроссовер,3.0,бензин,автомат,Б/у
BMW 520,BMW,520,1700000,1990,седан,2.0,бензин,механика,Б/у
BMW X7,BMW,X7,61000000,2024,кроссовер,3.0,бензин,автомат,Б/у
BMW X5,BMW,X5,40000000,2022,кроссовер,3.0,дизель,автомат,Б/у
BMW X6,BMW,X6,9100000,2009,кроссовер,3.0,бензин,автомат,Б/у
BMW 528,BMW,528,1700000,1997,седан,2.8,бензин,механика,Б/у
BMW X5,BMW,X5,3500000,2003,кроссовер,3.0,бензин,автомат,Б/у
BMW 325,BMW,325,2000000,1989,седан,2.5,бензин,механика,Б/у
BMW 318,BMW,318,1650000,1994,седан,1.8,бензин,механика,Б/у
BMW 535,BMW,535,8300000,2015,седан,3.0,бензин,автомат,Б/у
BMW X5,BMW,X5,32000000,2022,кроссовер,3.0,бензин,автомат,Б/у
BMW 523,BMW,523,2350000,1997,седан,2.5,бензин,автомат,Б/у
BMW 525,BMW,525,2500000,1992,седан,2.5,бензин,автомат,Б/у
BMW 530,BMW,530,21500000,2022,седан,2.0,бензин,автомат,Б/у
BMW X3,BMW,X3,9800000,2014,кроссовер,2.0,бензин,автомат,Б/у
BMW 528,BMW,528,8000000,2011,седан,2.0,бензин,автомат,Б/у
BMW 530,BMW,530,3200000,2003,седан,3.0,бензин,автомат,Б/у
BMW X5,BMW,X5,7500000,2011,кроссовер,3.0,бензин,автомат,Б/у
BMW 728,BMW,728,4000000,1997,седан,2.8,бензин,автомат,Б/у
BMW 525,BMW,525,3200000,1996,седан,2.5,бензин,автомат,Б/у
BMW 535,BMW,535,12300000,2011,седан,3.0,бензин,автомат,Б/у
BMW X6,BMW,X6,10500000,2009,кроссовер,3.0,бензин,автомат,Б/у
BMW X5,BMW,X5,8000000,2004,кроссовер,3.0,бензин,автомат,Б/у
BMW 525,BMW,525,1000000,1981,седан,2.5,бензин,механика,Б/у
BMW 328,BMW,328,5150000,1998,седан,2.8,бензин,автомат,Б/у
BMW X6,BMW,X6,9700000,2010,кроссовер,3.0,дизель,автомат,Б/у
BMW 340,BMW,340,33000000,2023,седан,3.0,бензин,автомат,Б/у
BMW 325,BMW,325,650000,1992,седан,2.5,бензин,механика,Б/у
BMW 335,BMW,335,13500000,2014,седан,3.0,бензин,автомат,Б/у
BMW 325,BMW,325,2500000,1994,купе,2.5,бензин,механика,Б/у
BMW 530,BMW,530,4900000,2002,седан,3.0,бензин,автомат,Б/у
BMW X7,BMW,X7,48000000,2021,кроссовер,3.0,бензин,автомат,Б/у
BMW 535,BMW,535,8500000,2014,седан,3.0,бензин,автомат,Б/у
BMW X5,BMW,X5,4500000,1999,кроссовер,4.4,бензин,автомат,Б/у
BMW 320,BMW,320,7900000,2016,седан,2.0,бензин,автомат,Б/у
BMW X7,BMW,X7,88639091,2025,кроссовер,3.0,бензин,автомат,новый
BMW 740,BMW,740,9700000,2008,седан,3.0,бензин,автомат,Б/у
BMW X5,BMW,X5,5430000,2001,кроссовер,3.0,бензин,автомат,Б/у
BMW 328,BMW,328,7000000,2009,седан,3.0,бензин,автомат,Б/у
BMW 730,BMW,730,900000,1992,седан,3.0,бензин,автомат,Б/у
BMW X5,BMW,X5,6500000,2004,кроссовер,4.8,бензин,автомат,Б/у
BMW X5,BMW,X5,17800000,2016,кроссовер,3.0,бензин,автомат,Б/у
BMW 116,BMW,116,2000000,2004,хэтчбек,1.6,бензин,механика,Б/у
BMW X5,BMW,X5,22000000,2016,кроссовер,3.0,бензин,автомат,Б/у
BMW 318,BMW,318,1000000,1995,седан,1.8,бензин,механика,Б/у
BMW 525,BMW,525,1854213,1995,седан,2.5,бензин,механика,Б/у
BMW 520,BMW,520,1450000,1992,седан,2.0,бензин,автомат,Б/у
BMW 318,BMW,318,6300000,2007,седан,2.0,бензин,автомат,Б/у
BMW 528,BMW,528,2300000,1996,седан,2.8,бензин,автомат,Б/у
BMW 525,BMW,525,1250000,1994,седан,2.5,бензин,механика,Б/у
BMW 730,BMW,730,3300000,1997,седан,3.0,бензин,автомат,Б/у
BMW 540,BMW,540,3600000,1993,седан,4.0,бензин,механика,Б/у
BMW 318,BMW,318,11000000,2017,седан,1.5,бензин,автомат,Б/у
BMW X6,BMW,X6,10000000,2008,кроссовер,3.0,бензин,автомат,Б/у
BMW X5,BMW,X5,7500000,2007,кроссовер,3.0,газ-бензин,автомат,Б/у
BMW X6 M,BMW,X6 M,25000000,2015,кроссовер,4.4,бензин,автомат,Б/у
BMW X5 M,BMW,X5 M,12500000,2009,кроссовер,4.4,бензин,автомат,Б/у
BMW X7,BMW,X7,63000000,2022,кроссовер,3.0,бензин,автомат,Б/у
BMW 740,BMW,740,1800000,1995,седан,4.4,бензин,автомат,Б/у
BMW 530,BMW,530,6300000,2006,седан,3.0,бензин,автомат,Б/у
BMW 316,BMW,316,1300000,1993,седан,1.6,бензин,механика,Б/у
BMW 530,BMW,530,6990000,2003,седан,3.0,бензин,автомат,Б/у
BMW 530,BMW,530,26000000,2022,седан,2.0,бензин,автомат,Б/у
BMW 525,BMW,525,4300000,2001,седан,2.5,бензин,автомат,Б/у
BMW 530,BMW,530,39890000,2024,седан,2.0,бензин,автомат,Б/у
BMW X5,BMW,X5,44000000,2022,кроссовер,4.4,бензин,автомат,Б/у
BMW 5 серия,BMW,5 серия,27000000,2023,седан,2.0,бензин,автомат,Б/у
BMW X3,BMW,X3,36500000,2025,кроссовер,2.0,гибрид,автомат,Б/у
BMW 520,BMW,520,3800000,2000,седан,2.5,бензин,автомат,Б/у
BMW 528,BMW,528,9800000,2010,седан,3.0,бензин,автомат,Б/у
BMW 320,BMW,320,5500000,1990,купе,2.0,бензин,механика,Б/у
BMW 740,BMW,740,6500000,2005,седан,4.0,бензин,автомат,Б/у
BMW 325,BMW,325,8000000,2010,седан,3.0,бензин,автомат,Б/у
BMW 528,BMW,528,2500000,1998,седан,2.8,газ-бензин,автомат,Б/у
BMW 520,BMW,520,1700000,1991,седан,2.0,бензин,механика,Б/у
BMW 740,BMW,740,7000000,2005,седан,4.0,бензин,автомат,Б/у
BMW 325,BMW,325,2300000,1987,купе,2.5,бензин,механика,Б/у
BMW 323,BMW,323,3800000,1999,седан,2.5,бензин,автомат,Б/у
BMW 640,BMW,640,12200000,2014,седан,3.0,бензин,автомат,Б/у
BMW 520,BMW,520,950000,1992,седан,2.0,бензин,механика,Б/у
BMW 525,BMW,525,1888000,1997,седан,2.5,бензин,механика,Б/у
BMW 525,BMW,525,3800000,1995,седан,2.5,бензин,автомат,Б/у
BMW 335,BMW,335,14999000,2014,седан,3.0,бензин,автомат,Б/у
BMW X6,BMW,X6,14000000,2017,кроссовер,3.0,бензин,автомат,Б/у
BMW X5,BMW,X5,6000000,2001,кроссовер,4.4,бензин,автомат,Б/у
BMW X5,BMW,X5,13500000,2016,кроссовер,3.0,бензин,автомат,Б/у
BMW 330,BMW,330,8600000,2003,купе,3.0,бензин,механика,Б/у
BMW 523,BMW,523,2550000,1996,седан,2.5,бензин,механика,Б/у
BMW X6,BMW,X6,16000000,2013,кроссовер,3.0,бензин,автомат,Б/у
BMW X5,BMW,X5,4900000,2003,кроссовер,4.4,бензин,автомат,Б/у
BMW 340,BMW,340,26500000,2020,седан,3.0,бензин,автомат,Б/у
BMW 320,BMW,320,4000000,2002,седан,2.2,бензин,автомат,Б/у
BMW X6,BMW,X6,8300000,2008,кроссовер,3.0,бензин,автомат,Б/у
BMW X6,BMW,X6,13800000,2015,кроссовер,3.0,бензин,автомат,Б/у
BMW X6,BMW,X6,45900000,2022,кроссовер,3.0,бензин,автомат,Б/у
BMW X5,BMW,X5,9200000,2008,кроссовер,3.0,бензин,автомат,Б/у
BMW 5 серия,BMW,5 серия,21500000,2023,седан,2.0,бензин,автомат,Б/у
BMW 328,BMW,328,2800000,1995,седан,2.8,бензин,механика,Б/у
BMW 523,BMW,523,2200000,1996,седан,2.5,бензин,механика,Б/у
BMW 525,BMW,525,6000000,2003,седан,2.5,бензин,автомат,Б/у
BMW X6 XDrive 40i,BMW,X6 XDrive 40i,74148302,2025,кроссовер,3.0,бензин,автомат,новый
BMW 745,BMW,745,3650000,2002,седан,4.4,бензин,автомат,Б/у
BMW 318,BMW,318,3500000,2002,седан,2.0,бензин,механика,Б/у
BMW 525,BMW,525,4000000,2002,седан,2.5,бензин,автомат,Б/у
BMW 640,BMW,640,15000000,2014,седан,3.0,бензин,автомат,Б/у
BMW X5,BMW,X5,5000000,2000,кроссовер,3.0,бензин,автомат,Б/у
BMW X5,BMW,X5,32500000,2022,кроссовер,3.0,гибрид,автомат,Б/у
BMW 520,BMW,520,16500000,2017,седан,2.0,дизель,автомат,Б/у
BMW M5,BMW,M5,23000000,2014,седан,4.4,бензин,робот,Б/у
BMW X5,BMW,X5,6300000,2003,кроссовер,3.0,бензин,автомат,Б/у
BMW X5,BMW,X5,27000000,2019,кроссовер,3.0,бензин,автомат,Б/у
BMW 535,BMW,535,15500000,2014,седан,3.0,бензин,автомат,Б/у
BMW 325,BMW,325,3000000,2000,универсал,2.5,бензин,автомат,Б/у
BMW 528,BMW,528,10700000,2009,седан,3.0,бензин,автомат,Б/у
BMW 5 серия,BMW,5 серия,25000000,2021,седан,2.0,бензин,автомат,Б/у
BMW 525,BMW,525,2300000,1991,седан,2.5,бензин,механика,Б/у
BMW X6 M,BMW,X6 M,16500000,2011,кроссовер,4.4,бензин,автомат,Б/у
BMW 728,BMW,728,4000000,1999,седан,2.8,бензин,автомат,Б/у
BMW 728,BMW,728,2800000,1996,седан,2.8,бензин,автомат,Б/у
BMW 740,BMW,740,20000000,2016,седан,3.0,бензин,автомат,Б/у
BMW 528,BMW,528,4000000,1995,седан,2.8,бензин,механика,Б/у
BMW 525,BMW,525,7000000,2004,седан,2.5,бензин,автомат,Б/у
BMW 525,BMW,525,5200000,2007,седан,2.5,бензин,автомат,Б/у
BMW X6,BMW,X6,31000000,2021,кроссовер,3.0,дизель,автомат,Б/у
BMW X5,BMW,X5,11000000,2011,кроссовер,3.0,дизель,автомат,Б/у
BMW X3 XDrive 20,BMW,X3 XDrive 20,50287092,2025,кроссовер,2.0,гибрид,автомат,новый
BMW 740,BMW,740,1900000,1995,седан,4.4,бензин,автомат,Б/у
BMW 528,BMW,528,4000000,1996,седан,2.8,бензин,автомат,Б/у
BMW 530,BMW,530,8000000,2003,седан,3.0,бензин,автомат,Б/у
BMW 728,BMW,728,1200000,1996,седан,2.8,бензин,автомат,Б/у
BMW 520,BMW,520,550000,1981,седан,2.0,бензин,механика,Б/у
BMW 320,BMW,320,31000000,2025,седан,2.0,бензин,автомат,Б/у
BMW X7,BMW,X7,31000000,2019,кроссовер,3.0,бензин,автомат,Б/у
BMW 728,BMW,728,1100000,1996,седан,2.8,бензин,автомат,Б/у
BMW 520,BMW,520,26500000,2021,седан,2.0,бензин,автомат,Б/у
BMW 525,BMW,525,3600000,1994,седан,2.5,бензин,механика,Б/у
BMW X7 XDrive 40i,BMW,X7 XDrive 40i,81461737,2025,кроссовер,3.0,бензин,автомат,новый
BMW X6,BMW,X6,68500000,2024,кроссовер,3.0,бензин,автомат,Б/у
BMW X5,BMW,X5,15500000,2015,кроссовер,3.0,бензин,автомат,Б/у
BMW X5,BMW,X5,7000000,2003,кроссовер,3.0,бензин,автомат,Б/у
BMW 850,BMW,850,73000000,2020,купе,4.4,бензин,автомат,Б/у
BMW 320,BMW,320,9500000,2009,кабриолет,2.0,бензин,автомат,Б/у
BMW 325,BMW,325,3700000,2001,седан,2.5,бензин,автомат,Б/у
BMW X5,BMW,X5,15000000,2013,кроссовер,4.4,бензин,автомат,Б/у
BMW 520,BMW,520,1300000,1995,седан,2.0,бензин,механика,Б/у
BMW 740,BMW,740,9500000,2008,седан,3.0,бензин,автомат,Б/у
BMW X6,BMW,X6,26000000,2017,кроссовер,3.0,дизель,автомат,Б/у
BMW X5,BMW,X5,40000000,2021,кроссовер,3.0,бензин,автомат,Б/у
BMW M5,BMW,M5,99000000,2025,седан,4.4,гибрид,автомат,Б/у
BMW 535,BMW,535,9500000,2016,седан,3.0,бензин,автомат,Б/у
BMW 528,BMW,528,7000000,2013,седан,2.0,бензин,автомат,Б/у
BMW 520,BMW,520,1000000,1994,седан,2.0,бензин,механика,Б/у
BMW 735,BMW,735,4200000,1994,седан,3.0,газ-бензин,автомат,Б/у
BMW M5,BMW,M5,40000000,2019,седан,4.4,бензин,автомат,Б/у
BMW 530,BMW,530,3800000,1993,седан,3.0,бензин,механика,Б/у
BMW 530,BMW,530,12300000,2017,седан,2.0,бензин,автомат,Б/у
BMW 528,BMW,528,5000000,1983,седан,2.7,бензин,механика,Б/у
BMW 528,BMW,528,5000000,2009,седан,3.0,бензин,автомат,Б/у
BMW 528,BMW,528,2500000,1998,седан,2.8,бензин,механика,Б/у
BMW 525,BMW,525,2300000,1990,седан,2.5,бензин,механика,Б/у
BMW X5,BMW,X5,11200000,2013,кроссовер,3.0,бензин,автомат,Б/у
BMW 318,BMW,318,500000,1989,седан,1.8,бензин,механика,Б/у
BMW X7,BMW,X7,38000000,2019,кроссовер,3.0,бензин,автомат,Б/у
BMW X5,BMW,X5,13200000,2012,кроссовер,3.0,бензин,автомат,Б/у
BMW 530,BMW,530,2800000,1992,седан,3.0,бензин,механика,Б/у
BMW 525,BMW,525,1900000,1991,седан,2.5,бензин,механика,Б/у
BMW 340,BMW,340,4500000,1996,седан,4.3,бензин,механика,Б/у
BMW 525,BMW,525,3500000,2002,седан,2.5,бензин,автомат,Б/у
BMW X5,BMW,X5,10000000,2009,кроссовер,3.0,дизель,автомат,Б/у
BMW X7,BMW,X7,37900000,2020,кроссовер,3.0,бензин,автомат,Б/у
BMW 745,BMW,745,800000,2005,седан,4.4,бензин,автомат,Б/у
BMW X5,BMW,X5,9300000,2008,кроссовер,4.8,бензин,автомат,Б/у
BMW 520,BMW,520,4400000,2002,седан,2.2,бензин,автомат,Б/у
BMW 530,BMW,530,3800000,2000,седан,3.0,бензин,механика,Б/у
BMW X6,BMW,X6,19900000,2015,кроссовер,3.0,бензин,автомат,Б/у
BMW 525,BMW,525,6200000,2001,универсал,2.5,бензин,автомат,Б/у
BMW 525,BMW,525,1600000,1991,седан,2.5,бензин,механика,Б/у
BMW 320,BMW,320,1070000,1994,седан,2.0,бензин,автомат,Б/у
BMW 740,BMW,740,8000000,2010,седан,3.0,бензин,автомат,Б/у
BMW 320,BMW,320,3800000,1981,седан,2.0,бензин,механика,Б/у
BMW 520,BMW,520,23900000,2022,седан,2.0,бензин,автомат,Б/у
BMW X5,BMW,X5,9300000,2004,кроссовер,3.0,дизель,автомат,Б/у
BMW 525,BMW,525,4800000,2002,универсал,2.5,бензин,автомат,Б/у
BMW 528,BMW,528,4200000,1999,седан,2.8,бензин,автомат,Б/у
BMW X5,BMW,X5,26500000,2020,кроссовер,3.0,бензин,автомат,Б/у
BMW X5,BMW,X5,6950000,2013,кроссовер,3.0,бензин,автомат,Б/у
BMW 528,BMW,528,1800000,1997,седан,2.8,бензин,автомат,Б/у
BMW 325,BMW,325,7200000,2007,седан,2.5,бензин,автомат,Б/у
BMW 535,BMW,535,7500000,2014,седан,3.0,бензин,автомат,Б/у
BMW X5,BMW,X5,32000000,2019,кроссовер,3.0,бензин,автомат,Б/у
BMW 325,BMW,325,2000000,1995,седан,2.5,бензин,автомат,Б/у
BMW 330,BMW,330,4700000,1996,седан,3.2,бензин,механика,Б/у
BMW 520,BMW,520,1700000,1997,седан,2.0,бензин,механика,Б/у
BMW 535,BMW,535,8888888,2011,седан,3.0,бензин,автомат,Б/у
BMW 730,BMW,730,3000000,1996,седан,3.0,бензин,автомат,Б/у
BMW X3,BMW,X3,10000000,2011,кроссовер,3.0,бензин,автомат,Б/у
BMW X5,BMW,X5,8500000,2009,кроссовер,3.0,бензин,автомат,Б/у
BMW X5,BMW,X5,5000000,2003,кроссовер,3.0,бензин,автомат,Б/у
BMW 730,BMW,730,1500000,1990,седан,3.0,бензин,механика,Б/у
BMW 530,BMW,530,6000000,2002,седан,3.0,бензин,автомат,Б/у
BMW 320,BMW,320,2000000,1992,купе,2.0,бензин,механика,Б/у
BMW 740,BMW,740,3100000,1995,седан,4.4,бензин,автомат,Б/у
BMW 330,BMW,330,4700000,2001,седан,3.0,бензин,автомат,Б/у
BMW M5,BMW,M5,22500000,2012,седан,4.4,бензин,робот,Б/у
BMW 520,BMW,520,3500000,1993,седан,2.0,бензин,механика,Б/у
BMW 525,BMW,525,1555000,1994,седан,2.5,бензин,механика,Б/у
BMW 740,BMW,740,3990000,2001,седан,4.4,бензин,автомат,Б/у
BMW X5,BMW,X5,10000000,2013,кроссовер,3.0,бензин,автомат,Б/у
BMW 318,BMW,318,3700000,2002,седан,2.0,бензин,механика,Б/у
BMW 530,BMW,530,38500000,2023,седан,2.0,бензин,автомат,Б/у
BMW X5,BMW,X5,11000000,2007,кроссовер,4.8,бензин,автомат,Б/у
BMW 523,BMW,523,2300000,1998,седан,2.5,бензин,автомат,Б/у
BMW 318,BMW,318,1500000,1995,седан,1.8,бензин,автомат,Б/у
BMW X5,BMW,X5,8500000,2007,кроссовер,3.0,бензин,автомат,Б/у
BMW 540,BMW,540,7500000,1998,седан,4.4,бензин,автомат,Б/у
BMW 730,BMW,730,3800000,2006,седан,3.0,дизель,автомат,Б/у
BMW 550,BMW,550,8000000,2013,седан,4.4,бензин,автомат,Б/у
BMW X7,BMW,X7,56000000,2021,кроссовер,4.4,бензин,автомат,Б/у
BMW 528,BMW,528,7800000,2014,седан,2.0,бензин,автомат,Б/у
BMW 320,BMW,320,1900000,1992,седан,2.0,бензин,механика,Б/у
BMW 440,BMW,440,12000000,2017,лифтбек,3.0,бензин,автомат,Б/у
BMW 530,BMW,530,4200000,2001,седан,3.0,бензин,механика,Б/у
BMW X6 M,BMW,X6 M,37000000,2018,кроссовер,4.4,бензин,автомат,Б/у
BMW 550,BMW,550,70100000,2025,седан,3.0,гибрид,автомат,Б/у
BMW X5,BMW,X5,82500000,2025,кроссовер,3.0,бензин,автомат,Б/у
BMW 530,BMW,530,4800000,2003,седан,3.0,бензин,автомат,Б/у
BMW X5,BMW,X5,7000000,2008,кроссовер,3.0,бензин,автомат,Б/у
BMW 528,BMW,528,12500000,2011,седан,3.0,бензин,автомат,Б/у
BMW 528,BMW,528,3800000,1998,седан,2.8,бензин,механика,Б/у
BMW X5,BMW,X5,11500000,2015,кроссовер,3.0,бензин,автомат,Б/у
BMW 323,BMW,323,3500000,1991,седан,2.5,бензин,механика,Б/у
BMW 328,BMW,328,2600000,1999,седан,2.8,бензин,автомат,Б/у
BMW 530,BMW,530,18500000,2018,седан,2.0,бензин,автомат,Б/у
BMW 318,BMW,318,1100000,1997,седан,1.8,бензин,механика,Б/у
BMW 330,BMW,330,18000000,2019,седан,2.0,бензин,автомат,Б/у
BMW 530,BMW,530,16300000,2017,седан,2.0,бензин,автомат,Б/у
BMW 528,BMW,528,8200000,2013,седан,2.0,бензин,автомат,Б/у
BMW 528,BMW,528,5000000,1998,седан,2.8,бензин,автомат,Б/у
BMW X5,BMW,X5,9999999,2012,кроссовер,3.0,бензин,автомат,Б/у
BMW X5,BMW,X5,5500000,2004,кроссовер,4.4,бензин,автомат,Б/у
BMW 535,BMW,535,12800000,2012,седан,3.0,бензин,автомат,Б/у
BMW 525,BMW,525,5200000,1996,седан,2.5,бензин,механика,Б/у
BMW X5,BMW,X5,5500000,2000,кроссовер,3.0,бензин,автомат,Б/у
BMW X6,BMW,X6,43000000,2022,кроссовер,3.0,бензин,автомат,Б/у
BMW 528,BMW,528,3000000,2000,седан,2.8,бензин,механика,Б/у
BMW X5,BMW,X5,8250000,2004,кроссовер,3.0,бензин,автомат,Б/у
BMW X3,BMW,X3,20000000,2018,кроссовер,2.0,бензин,автомат,Б/у
BMW 330,BMW,330,17200000,2020,седан,2.0,бензин,автомат,Б/у
BMW 525,BMW,525,5500000,1983,седан,2.5,бензин,механика,Б/у
BMW 730,BMW,730,3500000,1995,седан,3.0,бензин,автомат,Б/у
BMW X4,BMW,X4,9900000,2018,кроссовер,2.0,бензин,автомат,Б/у
BMW 520,BMW,520,2100000,1991,седан,2.5,бензин,механика,Б/у
BMW 735,BMW,735,2000000,1993,седан,3.4,бензин,механика,Б/у
BMW 525,BMW,525,4500000,1991,седан,2.5,бензин,механика,Б/у
BMW 320,BMW,320,2300000,1998,седан,2.2,бензин,механика,Б/у
BMW 520,BMW,520,900000,1996,седан,2.0,бензин,механика,Б/у
BMW 430,BMW,430,14000000,2017,лифтбек,2.0,бензин,автомат,Б/у
BMW X7,BMW,X7,77000000,2023,кроссовер,4.4,бензин,автомат,Б/у
BMW X3,BMW,X3,13800000,2015,кроссовер,3.0,бензин,автомат,Б/у
BMW 528,BMW,528,2800000,1999,седан,2.8,бензин,автомат,Б/у
BMW 523,BMW,523,7700000,2011,седан,2.5,бензин,автомат,Б/у
BMW 735,BMW,735,1700000,2002,седан,3.6,бензин,автомат,Б/у
BMW X5,BMW,X5,17700000,2016,кроссовер,3.0,бензин,автомат,Б/у
BMW 320,BMW,320,8500000,2013,седан,2.0,бензин,автомат,Б/у
BMW 328,BMW,328,1400000,1995,седан,2.8,бензин,автомат,Б/у
BMW 540,BMW,540,23000000,2017,седан,3.0,бензин,автомат,Б/у
BMW 535,BMW,535,11350000,2012,седан,3.0,бензин,автомат,Б/у
BMW 318,BMW,318,2700000,2001,седан,1.9,бензин,механика,Б/у
BMW 530,BMW,530,17990000,2017,седан,2.0,бензин,автомат,Б/у
BMW 335,BMW,335,12500000,2015,седан,3.0,бензин,автомат,Б/у
BMW 520,BMW,520,18500000,2018,седан,2.0,бензин,автомат,Б/у
BMW 525,BMW,525,7500000,2008,седан,3.0,бензин,автомат,Б/у
BMW 535,BMW,535,12700000,2010,седан,3.0,бензин,автомат,Б/у
BMW X3,BMW,X3,11500000,2013,кроссовер,3.0,бензин,автомат,Б/у
BMW 750,BMW,750,30000000,2017,седан,4.4,бензин,автомат,Б/у
BMW 528,BMW,528,11000000,2013,седан,2.0,бензин,автомат,Б/у
BMW 328,BMW,328,3700000,1993,седан,2.8,бензин,автомат,Б/у
BMW 323,BMW,323,2800000,1999,седан,2.5,бензин,автомат,Б/у
BMW 540,BMW,540,2900000,1991,седан,4.0,бензин,механика,Б/у
BMW X5,BMW,X5,5200000,2002,кроссовер,4.6,бензин,автомат,Б/у
BMW 525,BMW,525,5000000,2004,седан,2.5,газ-бензин,автомат,Б/у
BMW 530,BMW,530,4000000,2000,универсал,3.0,бензин,механика,Б/у
BMW X4,BMW,X4,18000000,2022,кроссовер,2.0,дизель,автомат,Б/у
BMW M5,BMW,M5,42000000,2019,седан,4.4,бензин,автомат,Б/у
BMW 523,BMW,523,5000000,1997,седан,4.4,бензин,автомат,Б/у
BMW 730,BMW,730,1600000,1994,седан,3.0,бензин,автомат,Б/у
BMW X5,BMW,X5,8300000,2007,кроссовер,4.8,бензин,автомат,Б/у
BMW 528,BMW,528,4000000,1996,седан,2.8,бензин,механика,Б/у
BMW 528,BMW,528,4900000,2000,седан,2.8,бензин,автомат,Б/у
BMW X6,BMW,X6,10000000,2009,кроссовер,3.0,бензин,автомат,Б/у
BMW 530,BMW,530,3500000,1992,седан,3.0,бензин,механика,Б/у
BMW 520,BMW,520,999999,1993,седан,2.0,бензин,механика,Б/у
BMW X5,BMW,X5,14990000,2015,кроссовер,3.0,бензин,автомат,Б/у
BMW 540,BMW,540,3500000,1994,седан,4.0,бензин,механика,Б/у
BMW X1,BMW,X1,6000000,2011,кроссовер,2.0,бензин,автомат,Б/у
BMW X6,BMW,X6,11500000,2013,кроссовер,3.0,бензин,автомат,Б/у
BMW 525,BMW,525,3500000,2000,седан,2.5,бензин,автомат,Б/у
BMW 540,BMW,540,5000000,1994,седан,4.0,бензин,механика,Б/у
BMW 735,BMW,735,3450000,2000,седан,3.5,бензин,автомат,Б/у
BMW 850,BMW,850,48000000,2019,купе,4.4,бензин,автомат,Б/у
BMW 730,BMW,730,8900000,2011,седан,3.0,бензин,автомат,Б/у
BMW X5,BMW,X5,18000000,2015,кроссовер,3.0,бензин,автомат,Б/у
BMW X5,BMW,X5,5000000,2005,кроссовер,3.0,бензин,автомат,Б/у
BMW X5,BMW,X5,47000000,2024,кроссовер,3.0,бензин,автомат,Б/у
BMW X5 M,BMW,X5 M,20500000,2016,кроссовер,4.4,бензин,автомат,Б/у
BMW 528,BMW,528,10500000,2010,седан,3.0,бензин,автомат,Б/у
BMW 540,BMW,540,39000000,2021,седан,3.0,бензин,автомат,Б/у
BMW Z3,BMW,Z3,4100000,1997,родстер,1.9,бензин,механика,Б/у
BMW 320,BMW,320,1400000,1998,универсал,2.0,бензин,механика,Б/у
BMW 528,BMW,528,6000000,1997,седан,2.8,бензин,автомат,Б/у
BMW 740,BMW,740,4200000,1995,седан,4.4,бензин,автомат,Б/у
BMW X5,BMW,X5,35900000,2020,кроссовер,3.0,бензин,автомат,Б/у
BMW X5,BMW,X5,7000000,2008,кроссовер,4.8,бензин,автомат,Б/у
BMW 428,BMW,428,9300000,2013,купе,2.0,бензин,автомат,Б/у
BMW 328,BMW,328,8200000,2014,седан,2.0,бензин,автомат,Б/у
BMW 320,BMW,320,1100000,1995,седан,2.0,бензин,механика,Б/у
BMW M5,BMW,M5,40000000,2014,седан,4.4,бензин,робот,Б/у
BMW 640,BMW,640,11500000,2014,седан,3.0,бензин,автомат,Б/у
BMW M235,BMW,M235,25000000,2021,седан,2.0,бензин,автомат,Б/у
BMW 316,BMW,316,1500000,1994,седан,1.6,бензин,механика,Б/у
BMW 320,BMW,320,1700000,1993,седан,2.0,бензин,механика,Б/у
BMW 525,BMW,525,3000000,1992,седан,2.5,газ-бензин,автомат,Б/у
BMW 530,BMW,530,4500000,2003,седан,3.0,бензин,автомат,Б/у
BMW 525,BMW,525,5200000,2002,седан,2.5,бензин,автомат,Б/у
BMW 730,BMW,730,3500000,1995,седан,2.9,бензин,автомат,Б/у
BMW 740,BMW,740,4740000,1993,седан,4.0,бензин,механика,Б/у
BMW 328,BMW,328,6400000,2014,седан,2.0,бензин,автомат,Б/у
BMW 430,BMW,430,13500000,2017,лифтбек,2.0,бензин,автомат,Б/у
BMW M2,BMW,M2,23500000,2019,купе,3.0,бензин,робот,Б/у
BMW 735,BMW,735,7000000,2002,седан,3.6,бензин,автомат,Б/у
BMW X5,BMW,X5,52000000,2023,кроссовер,3.0,гибрид,автомат,Б/у
BMW X5,BMW,X5,14300000,2013,кроссовер,4.4,бензин,автомат,Б/у
BMW X6,BMW,X6,16800000,2016,кроссовер,3.0,бензин,автомат,Б/у
BMW 428,BMW,428,10500000,2015,кабриолет,2.0,бензин,автомат,Б/у
BMW 525,BMW,525,1450000,1994,седан,2.5,бензин,механика,Б/у
BMW X5,BMW,X5,6800000,2001,кроссовер,3.0,бензин,автомат,Б/у
BMW X7,BMW,X7,77800000,2024,кроссовер,3.0,бензин,автомат,Б/у
BMW X6 M,BMW,X6 M,25500000,2017,кроссовер,4.4,бензин,автомат,Б/у
BMW 728,BMW,728,2300000,1997,седан,2.8,бензин,автомат,Б/у
BMW X7,BMW,X7,34000000,2019,кроссовер,3.0,бензин,автомат,Б/у
BMW 523,BMW,523,2500000,1997,седан,2.5,бензин,механика,Б/у
BMW 730,BMW,730,2100000,1996,седан,3.0,бензин,автомат,Б/у
BMW X5,BMW,X5,21000000,2016,кроссовер,3.0,бензин,автомат,Б/у
BMW 325,BMW,325,3500000,2001,седан,2.5,бензин,механика,Б/у
BMW 525,BMW,525,5000000,2000,седан,2.5,бензин,автомат,Б/у
BMW 320,BMW,320,1850000,2007,седан,2.0,бензин,автомат,Б/у
BMW 728,BMW,728,2800000,1998,седан,2.8,бензин,автомат,Б/у
BMW 530,BMW,530,6355555,2007,седан,3.0,бензин,автомат,Б/у
BMW 550,BMW,550,8000000,2008,седан,4.8,бензин,автомат,Б/у
BMW X5,BMW,X5,4210000,2004,кроссовер,4.4,бензин,автомат,Б/у
BMW 730,BMW,730,37000000,2019,седан,2.0,бензин,автомат,Б/у
BMW 525,BMW,525,5300000,2000,седан,2.5,бензин,автомат,Б/у
BMW 745,BMW,745,7700000,2002,седан,4.4,бензин,автомат,Б/у
BMW X5,BMW,X5,43500000,2024,кроссовер,3.0,бензин,автомат,Б/у
BMW 525,BMW,525,1750000,1992,седан,2.5,бензин,механика,Б/у
BMW X3,BMW,X3,25000000,2022,кроссовер,2.0,бензин,автомат,Б/у
BMW X5,BMW,X5,36500000,2020,кроссовер,3.0,бензин,автомат,Б/у
BMW 735,BMW,735,4000000,1998,седан,3.5,бензин,автомат,Б/у
BMW 525,BMW,525,5000000,2001,седан,2.5,бензин,автомат,Б/у
BMW 525,BMW,525,3000000,1991,седан,2.5,бензин,механика,Б/у
BMW 520,BMW,520,1400000,1990,седан,2.0,бензин,механика,Б/у
BMW X7,BMW,X7,90000000,2023,кроссовер,4.4,бензин,автомат,Б/у
BMW 320,BMW,320,1600000,1995,седан,2.0,бензин,автомат,Б/у
BMW X5,BMW,X5,8300000,2006,кроссовер,4.8,бензин,автомат,Б/у
BMW X5,BMW,X5,6000000,2004,кроссовер,3.0,бензин,автомат,Б/у
BMW X3,BMW,X3,21500000,2021,кроссовер,2.0,бензин,автомат,Б/у
BMW 325,BMW,325,2500000,1989,седан,2.5,бензин,механика,Б/у
BMW 325,BMW,325,3000000,2000,седан,2.5,бензин,автомат,Б/у
BMW 318,BMW,318,1350000,1995,седан,1.8,бензин,механика,Б/у
BMW 325,BMW,325,8500000,2006,седан,2.5,бензин,автомат,Б/у
BMW 520,BMW,520,1200000,1993,седан,2.0,бензин,автомат,Б/у
BMW 320,BMW,320,1100000,1991,седан,2.0,бензин,механика,Б/у
BMW X5,BMW,X5,8500000,2008,кроссовер,3.0,бензин,автомат,Б/у
BMW X5,BMW,X5,13700000,2014,кроссовер,3.0,бензин,автомат,Б/у
BMW 520,BMW,520,2100000,1999,седан,2.0,бензин,механика,Б/у
BMW 530,BMW,530,6300000,2000,седан,3.0,бензин,автомат,Б/у
BMW 328,BMW,328,6500000,2014,седан,2.0,бензин,автомат,Б/у
BMW 750,BMW,750,29500000,2016,седан,4.4,бензин,автомат,Б/у
BMW 528,BMW,528,12500000,2016,седан,2.0,бензин,автомат,Б/у
BMW 330,BMW,330,3700000,2010,купе,3.0,бензин,автомат,Б/у
BMW 520,BMW,520,2000000,1992,седан,2.0,бензин,механика,Б/у
BMW 540,BMW,540,2900000,1993,седан,4.0,бензин,автомат,Б/у
BMW 735,BMW,735,5300000,1998,седан,3.5,бензин,автомат,Б/у
BMW 523,BMW,523,2390000,1997,седан,2.5,бензин,автомат,Б/у
BMW X5,BMW,X5,5500000,2005,кроссовер,3.0,бензин,автомат,Б/у
BMW 740,BMW,740,68000000,2023,седан,3.0,бензин,автомат,Б/у
BMW 518,BMW,518,1300000,1994,седан,1.8,бензин,механика,Б/у
BMW X5,BMW,X5,16700000,2017,кроссовер,3.0,бензин,автомат,Б/у
BMW 520,BMW,520,1000000,1988,седан,2.0,бензин,механика,Б/у
BMW 730,BMW,730,1750000,1993,седан,3.0,бензин,автомат,Б/у
BMW X3,BMW,X3,5000000,2005,кроссовер,2.5,бензин,автомат,Б/у
BMW 520,BMW,520,750000,1991,седан,2.0,бензин,механика,Б/у
BMW X5,BMW,X5,6000000,2011,кроссовер,3.0,бензин,автомат,Б/у
BMW 520,BMW,520,1100000,1992,седан,2.0,бензин,механика,Б/у
BMW 430,BMW,430,15000000,2020,купе,2.0,бензин,автомат,Б/у
BMW 550,BMW,550,41800000,2021,седан,4.4,бензин,автомат,Б/у
BMW 525,BMW,525,3200000,1996,седан,2.5,бензин,механика,Б/у
BMW 430,BMW,430,15500000,2020,купе,2.0,бензин,автомат,Б/у
BMW 316,BMW,316,1000000,1995,хэтчбек,1.6,бензин,автомат,Б/у
BMW X6,BMW,X6,7500000,2008,кроссовер,4.4,бензин,автомат,Б/у
BMW X5,BMW,X5,46990000,2023,кроссовер,3.0,бензин,автомат,Б/у
BMW X5,BMW,X5,8000000,2002,кроссовер,3.0,бензин,автомат,Б/у
BMW 525,BMW,525,1270000,1990,седан,2.5,бензин,механика,Б/у
BMW 320,BMW,320,3500000,2005,седан,2.2,бензин,автомат,Б/у
BMW X5,BMW,X5,5330000,2001,кроссовер,3.0,бензин,автомат,Б/у
BMW 530,BMW,530,3500000,1993,седан,3.0,бензин,автомат,Б/у
BMW X5,BMW,X5,4990000,2002,кроссовер,4.6,бензин,автомат,Б/у
BMW 740,BMW,740,15000000,2019,седан,3.0,бензин,автомат,Б/у
BMW X6,BMW,X6,21999999,2017,кроссовер,3.0,бензин,автомат,Б/у
BMW 728,BMW,728,4000000,1996,седан,2.8,бензин,автомат,Б/у
BMW X1,BMW,X1,12500000,2016,кроссовер,2.0,бензин,автомат,Б/у
BMW X6,BMW,X6,72000000,2024,кроссовер,3.0,бензин,автомат,Б/у
BMW 318,BMW,318,400000,1995,седан,1.8,бензин,автомат,Б/у
BMW X5,BMW,X5,34800000,2020,кроссовер,3.0,бензин,автомат,Б/у
BMW 525,BMW,525,1700000,1994,седан,2.5,бензин,автомат,Б/у
BMW 528,BMW,528,1950000,1996,седан,2.8,бензин,автомат,Б/у
BMW 325,BMW,325,1950000,1991,седан,2.5,бензин,автомат,Б/у
BMW 420,BMW,420,26990000,2021,купе,2.0,бензин,автомат,Б/у
BMW 528,BMW,528,2000000,1998,седан,2.8,бензин,автомат,Б/у
BMW 530,BMW,530,14500000,2017,седан,2.0,бензин,автомат,Б/у
BMW 735,BMW,735,3700000,1996,седан,3.5,бензин,автомат,Б/у
BMW 528,BMW,528,9400000,2011,седан,3.0,бензин,автомат,Б/у
BMW 528,BMW,528,4000000,1997,седан,2.8,бензин,автомат,Б/у
BMW 525,BMW,525,890000,1990,седан,2.5,бензин,механика,Б/у
BMW 318,BMW,318,2500000,2001,седан,1.9,бензин,механика,Б/у
BMW X5,BMW,X5,36000000,2020,кроссовер,3.0,бензин,автомат,Б/у
BMW 525,BMW,525,2400000,1992,седан,2.5,бензин,автомат,Б/у
BMW 325,BMW,325,4400000,2002,седан,2.5,бензин,автомат,Б/у
BMW 530,BMW,530,6200000,2005,седан,3.0,бензин,автомат,Б/у
BMW 525,BMW,525,1750000,1993,седан,2.5,бензин,механика,Б/у
BMW 540,BMW,540,28500000,2020,седан,3.0,бензин,автомат,Б/у
BMW 525,BMW,525,3800000,2002,седан,2.5,бензин,автомат,Б/у
BMW 428,BMW,428,12000000,2014,лифтбек,2.0,бензин,автомат,Б/у
BMW 528,BMW,528,2800000,1996,седан,2.8,бензин,автомат,Б/у
BMW 330,BMW,330,10000000,2002,универсал,3.0,бензин,автомат,Б/у
BMW M235,BMW,M235,22900000,2021,седан,2.0,бензин,автомат,Б/у
BMW 325,BMW,325,1500000,1994,седан,2.5,бензин,механика,Б/у
BMW 740,BMW,740,2500000,1994,седан,4.4,бензин,автомат,Б/у
BMW 320,BMW,320,5900000,2011,седан,2.0,бензин,автомат,Б/у
BMW 525,BMW,525,1880000,1992,седан,2.5,бензин,механика,Б/у
BMW 320,BMW,320,6300000,2007,седан,2.0,бензин,автомат,Б/у
BMW 528,BMW,528,9900000,2009,седан,3.0,бензин,автомат,Б/у
BMW 520,BMW,520,900000,1991,седан,2.0,бензин,автомат,Б/у
BMW X7,BMW,X7,40000000,2021,кроссовер,4.4,бензин,автомат,Б/у
BMW 520,BMW,520,1350000,1989,седан,2.4,бензин,механика,Б/у
BMW 528,BMW,528,3000000,1994,седан,2.8,бензин,механика,Б/у
BMW X6,BMW,X6,18700000,2016,кроссовер,3.0,бензин,автомат,Б/у
BMW 525,BMW,525,3500000,1994,седан,2.5,бензин,механика,Б/у
BMW 530,BMW,530,6300000,2007,седан,3.0,бензин,автомат,Б/у
BMW 525,BMW,525,2200000,1990,седан,2.5,бензин,механика,Б/у
BMW 730,BMW,730,3300000,1995,седан,3.0,бензин,автомат,Б/у
BMW 523,BMW,523,9000000,2010,седан,2.5,бензин,автомат,Б/у
BMW 535,BMW,535,15500000,2015,седан,3.0,бензин,автомат,Б/у
BMW Gran Turismo,BMW,Gran Turismo,15000000,2012,лифтбек,3.0,бензин,автомат,Б/у
BMW 520,BMW,520,1600000,1993,седан,2.0,газ-бензин,механика,Б/у
BMW X1,BMW,X1,18000000,2022,кроссовер,2.0,бензин,автомат,Б/у
BMW Gran Turismo,BMW,Gran Turismo,15700000,2012,лифтбек,3.0,бензин,автомат,Б/у
BMW 518,BMW,518,900000,1993,седан,1.8,бензин,механика,Б/у
BMW 520,BMW,520,650000,1990,седан,2.0,бензин,механика,Б/у
BMW 135,BMW,135,13999000,2008,купе,3.0,бензин,механика,Б/у
BMW X6 M,BMW,X6 M,16000000,2012,кроссовер,4.4,бензин,автомат,Б/у
BMW X5,BMW,X5,63000000,2025,кроссовер,3.0,бензин,автомат,Б/у
BMW 528,BMW,528,1800000,1997,седан,2.8,бензин,механика,Б/у
BMW X5,BMW,X5,7200000,2003,кроссовер,4.6,бензин,автомат,Б/у
BMW X5,BMW,X5,37000000,2022,кроссовер,3.0,бензин,автомат,Б/у
BMW 330,BMW,330,12300000,2020,седан,2.0,бензин,автомат,Б/у
BMW 528,BMW,528,8000000,2012,седан,2.0,бензин,автомат,Б/у
BMW X6,BMW,X6,16000000,2015,кроссовер,3.0,бензин,автомат,Б/у
BMW X5,BMW,X5,4700000,2003,кроссовер,3.0,бензин,автомат,Б/у
BMW X5,BMW,X5,12000000,2012,кроссовер,3.0,бензин,автомат,Б/у
BMW M6,BMW,M6,10000000,2015,седан,4.4,бензин,робот,Б/у
BMW X7,BMW,X7,46700000,2021,кроссовер,3.0,бензин,автомат,Б/у
BMW Gran Turismo,BMW,Gran Turismo,15900000,2012,лифтбек,3.0,бензин,автомат,Б/у
BMW 323,BMW,323,2800000,1995,хэтчбек,2.5,бензин,механика,Б/у
BMW 530,BMW,530,5200000,2001,седан,3.0,бензин,автомат,Б/у
BMW 735,BMW,735,3900000,2004,седан,3.6,бензин,автомат,Б/у
BMW 540,BMW,540,24000000,2019,седан,3.0,бензин,автомат,Б/у
BMW 525,BMW,525,2200000,1995,седан,2.5,бензин,механика,Б/у
BMW 535,BMW,535,13700000,2013,седан,3.0,дизель,автомат,Б/у
BMW X3,BMW,X3,35300000,2024,кроссовер,2.0,гибрид,автомат,Б/у
BMW X5,BMW,X5,7000000,2005,кроссовер,3.0,бензин,автомат,Б/у
BMW 525,BMW,525,1650000,1994,седан,2.5,газ-бензин,механика,Б/у
BMW 435,BMW,435,9000000,2015,купе,3.0,бензин,автомат,Б/у
BMW 525,BMW,525,4150000,2000,седан,2.5,бензин,автомат,Б/у
BMW 530,BMW,530,6500000,2003,седан,3.0,дизель,автомат,Б/у
BMW 540,BMW,540,2500000,1999,седан,4.4,бензин,автомат,Б/у
BMW 328,BMW,328,9000000,2013,седан,2.0,бензин,автомат,Б/у
BMW 520,BMW,520,2350000,1997,седан,2.0,бензин,механика,Б/у
BMW 528,BMW,528,10600000,2013,седан,2.0,бензин,автомат,Б/у
BMW 523,BMW,523,9900000,2010,седан,2.5,бензин,автомат,Б/у
BMW X5,BMW,X5,32700000,2019,кроссовер,3.0,бензин,автомат,Б/у
BMW 730,BMW,730,4300000,1994,седан,3.0,бензин,механика,Б/у
BMW 528,BMW,528,8000000,2014,седан,2.8,бензин,автомат,Б/у
BMW 523,BMW,523,10000000,2010,седан,2.5,бензин,автомат,Б/у
BMW X7,BMW,X7,55000000,2021,кроссовер,3.0,бензин,автомат,Б/у
BMW 318,BMW,318,4500000,2003,седан,1.8,бензин,механика,Б/у
BMW 530,BMW,530,6000000,2005,седан,3.0,бензин,автомат,Б/у
BMW 528,BMW,528,5000000,2000,седан,2.8,газ-бензин,автомат,Б/у
BMW 520,BMW,520,2200000,1993,седан,2.0,бензин,автомат,Б/у
BMW 435,BMW,435,7950000,2015,лифтбек,3.0,бензин,автомат,Б/у
BMW X5,BMW,X5,10800000,2015,кроссовер,3.0,бензин,автомат,Б/у
BMW 745,BMW,745,1200000,2002,седан,4.4,бензин,автомат,Б/у
BMW 540,BMW,540,20500000,2017,седан,3.0,бензин,автомат,Б/у
BMW 318,BMW,318,550000,1992,седан,1.8,бензин,механика,Б/у
BMW 728,BMW,728,3000000,1997,седан,2.8,газ-бензин,автомат,Б/у
BMW 520,BMW,520,600000,1991,седан,2.0,бензин,механика,Б/у
BMW 530,BMW,530,5700000,2005,седан,3.0,бензин,автомат,Б/у
BMW 523,BMW,523,5800000,2007,седан,2.5,бензин,механика,Б/у
BMW X6 XDrive 40i,BMW,X6 XDrive 40i,71731365,2025,кроссовер,3.0,бензин,автомат,новый
BMW 735,BMW,735,5000000,2003,седан,3.6,бензин,автомат,Б/у
BMW 525,BMW,525,1320000,1990,седан,2.5,бензин,механика,Б/у
BMW 525,BMW,525,2000000,1994,седан,2.5,бензин,механика,Б/у
BMW X5,BMW,X5,22000000,2007,кроссовер,4.8,бензин,автомат,Б/у
BMW 328,BMW,328,5000000,1999,седан,2.8,бензин,автомат,Б/у
BMW X3 XDrive 20i,BMW,X3 XDrive 20i,52882594,2025,кроссовер,2.0,бензин,автомат,новый
BMW X6,BMW,X6,8250000,2008,кроссовер,3.0,бензин,автомат,Б/у
BMW 523,BMW,523,7000000,2010,седан,2.5,бензин,автомат,Б/у
BMW 530,BMW,530,25000000,2023,седан,2.0,бензин,автомат,Б/у
BMW 520,BMW,520,870000,1991,седан,2.0,бензин,механика,Б/у
BMW 530,BMW,530,8500000,2008,седан,3.0,бензин,автомат,Б/у
BMW 520,BMW,520,2000000,1989,седан,2.0,бензин,механика,Б/у
BMW 528,BMW,528,2300000,1997,седан,2.8,бензин,автомат,Б/у
BMW 525,BMW,525,3400000,2000,седан,2.5,бензин,автомат,Б/у
BMW X5,BMW,X5,6600000,2001,кроссовер,3.0,бензин,автомат,Б/у
BMW 728,BMW,728,1700000,1998,седан,2.8,бензин,автомат,Б/у
BMW 520,BMW,520,37894737,2024,седан,2.0,бензин,автомат,Б/у
BMW 523,BMW,523,7800000,2011,седан,2.5,бензин,автомат,Б/у
BMW X5,BMW,X5,45000000,2021,кроссовер,3.0,бензин,автомат,Б/у
BMW X7,BMW,X7,43000000,2021,кроссовер,3.0,бензин,автомат,Б/у
BMW 318,BMW,318,850000,1993,седан,1.8,бензин,механика,Б/у
BMW 540,BMW,540,22000000,2018,седан,3.0,бензин,автомат,Б/у
BMW X3,BMW,X3,10000000,2014,кроссовер,2.0,бензин,автомат,Б/у
BMW 325,BMW,325,1700000,1994,седан,2.5,бензин,автомат,Б/у
BMW 528,BMW,528,2300000,2000,седан,2.8,газ-бензин,автомат,Б/у
BMW X6,BMW,X6,9200000,2008,кроссовер,3.0,бензин,автомат,Б/у
BMW 525,BMW,525,3000000,1996,седан,2.5,бензин,автомат,Б/у
BMW 318,BMW,318,4000000,2006,седан,2.0,бензин,автомат,Б/у
BMW 525,BMW,525,1800000,1990,седан,2.5,бензин,автомат,Б/у
BMW 523,BMW,523,3500000,1997,седан,2.5,бензин,механика,Б/у
BMW 520,BMW,520,3700000,2001,седан,2.2,бензин,автомат,Б/у
BMW 328,BMW,328,1250000,1993,седан,2.8,бензин,механика,Б/у
BMW X7,BMW,X7,60000000,2021,кроссовер,4.4,бензин,автомат,Б/у
BMW X5,BMW,X5,42500000,2021,кроссовер,3.0,гибрид,автомат,Б/у
BMW 728,BMW,728,3300000,1997,седан,2.8,бензин,автомат,Б/у
BMW 545,BMW,545,3500000,2005,седан,4.4,бензин,автомат,Б/у
BMW 540,BMW,540,4700000,1994,седан,4.4,бензин,механика,Б/у
BMW 540,BMW,540,18500000,2018,седан,3.0,бензин,автомат,Б/у
BMW 525,BMW,525,2800000,1994,седан,2.5,бензин,автомат,Б/у
BMW 745,BMW,745,4500000,2002,седан,4.4,бензин,автомат,Б/у
BMW 525,BMW,525,2700000,1997,седан,2.5,бензин,автомат,Б/у
BMW 540,BMW,540,17900000,2017,седан,3.0,бензин,автомат,Б/у
BMW 520,BMW,520,800000,1984,седан,2.0,бензин,механика,Б/у
BMW 728,BMW,728,1800000,1995,седан,2.8,бензин,автомат,Б/у
BMW X5,BMW,X5,15700000,2015,кроссовер,3.0,бензин,автомат,Б/у
BMW 735,BMW,735,1700000,1993,седан,3.5,газ-бензин,механика,Б/у
BMW 523,BMW,523,1600000,1997,седан,2.5,бензин,механика,Б/у
BMW 745,BMW,745,3300000,2003,седан,4.4,бензин,автомат,Б/у
BMW 535,BMW,535,11000000,2015,седан,3.0,бензин,автомат,Б/у
BMW 318,BMW,318,3000000,1998,седан,1.9,бензин,механика,Б/у
BMW 325,BMW,325,1800000,1985,купе,2.7,бензин,механика,Б/у
BMW 730,BMW,730,5000000,1995,седан,3.0,бензин,автомат,Б/у
BMW X5,BMW,X5,52500000,2023,кроссовер,3.0,бензин,автомат,Б/у
BMW 535,BMW,535,9500000,2011,седан,3.0,бензин,автомат,Б/у
BMW 318,BMW,318,1500000,1996,седан,1.6,бензин,механика,Б/у
BMW 530,BMW,530,1250000,1993,седан,2.8,бензин,механика,Б/у
BMW 550,BMW,550,9400000,2008,седан,4.8,бензин,автомат,Б/у
BMW 318,BMW,318,2000000,1994,седан,1.8,бензин,автомат,Б/у
BMW 316,BMW,316,1600000,1991,седан,1.6,бензин,автомат,Б/у
BMW X5 M,BMW,X5 M,17500000,2015,кроссовер,4.4,бензин,автомат,Б/у
BMW 320,BMW,320,1100000,1992,седан,2.0,бензин,механика,Б/у
BMW 728,BMW,728,1500000,1995,седан,2.8,бензин,автомат,Б/у
BMW 325,BMW,325,800000,1988,седан,2.5,бензин,механика,Б/у
BMW 320,BMW,320,2600000,1998,седан,2.2,бензин,механика,Б/у
BMW X5,BMW,X5,25500000,2018,кроссовер,3.0,бензин,автомат,Б/у
BMW 525,BMW,525,1000000,1994,седан,2.5,бензин,механика,Б/у
BMW 525,BMW,525,2100000,1993,седан,2.5,бензин,механика,Б/у
BMW X5,BMW,X5,6000000,2003,кроссовер,4.4,бензин,автомат,Б/у
BMW 525,BMW,525,6300000,2006,седан,2.5,бензин,автомат,Б/у
BMW 523,BMW,523,1400000,1996,седан,2.5,бензин,механика,Б/у
BMW 520,BMW,520,1900000,1990,седан,2.0,бензин,механика,Б/у
BMW 525,BMW,525,2400000,1993,седан,2.5,бензин,автомат,Б/у
BMW 325,BMW,325,3500000,2002,седан,2.5,бензин,механика,Б/у
