title,price,year,body_type,volume,fuel,gearbox,type
BMW 318,550 000 ₸,1991,седан,1.8,бензин,механика,Б/у
BMW X5,5 400 000 ₸,2002,кроссовер,3,бензин,автомат,Б/у
BMW X5,7 600 000 ₸,2007,кроссовер,4.8,бензин,автомат,Б/у
BMW X5,17 000 000 ₸,2017,кроссовер,3,бензин,автомат,Б/у
BMW X5,18 000 000 ₸,2018,кроссовер,3,бензин,автомат,Б/у
BMW 530,31 900 000 ₸,2024,седан,2,бензин,автомат,Б/у
BMW 530,31 000 000 ₸,2024,седан,2,бензин,автомат,Б/у
BMW X5,15 800 000 ₸,2015,кроссовер,3,бензин,автомат,Б/у
BMW 850,67 000 000 ₸,2024,седан,4.4,бензин,автомат,Б/у
BMW 320,1 800 000 ₸,1992,седан,2,бензин,механика,Б/у
BMW 330,3 499 000 ₸,1996,седан,3,бензин,механика,Б/у
BMW 528,4 000 000 ₸,1999,седан,2.8,бензин,автомат,Б/у
BMW X5,17 700 000 ₸,2015,кроссовер,3,бензин,автомат,Б/у
BMW 525,900 000 ₸,1991,седан,2.5,бензин,механика,Б/у
BMW 530,5 130 000 ₸,На заказ,г.,Б/у седан,2 л,бензин,2017
BMW 530,7 000 000 ₸,2008,универсал,3,бензин,автомат,Б/у
BMW 330,20 000 000 ₸,2019,седан,2,бензин,автомат,Б/у
BMW 525,1 850 000 ₸,1993,седан,2.5,бензин,механика,Б/у
BMW X6,41 000 000 ₸,2022,кроссовер,3,бензин,автомат,Б/у
BMW 523,2 900 000 ₸,1996,седан,2.5,бензин,механика,Б/у
BMW X6,21 500 000 ₸,2017,кроссовер,3,бензин,автомат,Б/у
BMW X6,8 900 000 ₸,2008,кроссовер,3,бензин,автомат,Б/у
BMW 528,3 300 000 ₸,1997,седан,2.8,бензин,автомат,Б/у
BMW X5,5 500 000 ₸,2003,кроссовер,3,бензин,автомат,Б/у
BMW 730,1 500 000 ₸,1995,седан,3,бензин,автомат,Б/у
BMW 528,9 500 000 ₸,2014,седан,2,бензин,автомат,Б/у
BMW 328,9 500 000 ₸,2010,кабриолет,3,бензин,автомат,Б/у
BMW 520,1 150 000 ₸,1992,седан,2,бензин,механика,Б/у
BMW 520,1 200 000 ₸,1990,седан,2,бензин,механика,Б/у
BMW 318,550 000 ₸,1993,седан,1.8,бензин,механика,Б/у
BMW 525,2 200 000 ₸,1995,универсал,2.5,бензин,механика,Б/у
BMW 520,1 300 000 ₸,1991,седан,2,бензин,механика,Б/у
BMW M8,54 000 000 ₸,2019,седан,4.4,бензин,автомат,Б/у
BMW X5,15 000 000 ₸,На заказ,г.,Б/у кроссовер,3 л,бензин,2015
BMW 530,4 500 000 ₸,2001,седан,3,бензин,автомат,Б/у
BMW 528,2 600 000 ₸,1997,седан,2.8,бензин,автомат,Б/у
BMW X3,4 050 000 ₸,2005,кроссовер,2.5,бензин,автомат,Б/у
BMW 530,17 000 000 ₸,2017,седан,2,бензин,автомат,Б/у
BMW 528,6 300 000 ₸,На заказ,г.,Б/у седан,2 л,бензин,2013
BMW Z3,5 500 000 ₸,1998,родстер,1.9,бензин,механика,Б/у
BMW 540,4 800 000 ₸,1997,седан,4.4,бензин,автомат,Б/у
BMW X5,33 333 333 ₸,2019,кроссовер,3,бензин,автомат,Б/у
BMW X5,40 000 000 ₸,2023,кроссовер,3,бензин,автомат,Б/у
BMW 520,2 300 000 ₸,1992,седан,2,бензин,механика,Б/у
BMW 750,12 500 000 ₸,2011,седан,4.4,бензин,автомат,Б/у
BMW 850,69 500 000 ₸,2022,седан,4.4,бензин,автомат,Б/у
BMW 528,9 500 000 ₸,2010,седан,3,бензин,автомат,Б/у
BMW X7,39 900 000 ₸,2021,кроссовер,3,бензин,автомат,Б/у
BMW X5,39 500 000 ₸,2019,кроссовер,3,бензин,автомат,Б/у
BMW X7,66 500 000 ₸,2022,кроссовер,3,бензин,автомат,Б/у
BMW 850,79 000 000 ₸,2022,купе,4.4,бензин,автомат,Б/у
BMW X5,37 200 000 ₸,2021,кроссовер,3,бензин,автомат,Б/у
BMW X6,89 500 000 ₸,2026,кроссовер,3,бензин,автомат,Б/у
BMW 320,1 500 000 ₸,1992,седан,2,бензин,механика,Б/у
BMW X7,69 900 000 ₸,2022,кроссовер,4.4,бензин,автомат,Б/у
BMW 540,35 000 000 ₸,2021,седан,3,бензин,автомат,Б/у
BMW 550,42 300 000 ₸,2022,седан,4.4,бензин,автомат,Б/у
BMW 523,15 000 000 ₸,2010,седан,2.5,бензин,автомат,Б/у
BMW 525,1 600 000 ₸,1992,седан,2.5,бензин,механика,Б/у
BMW 528,10 500 000 ₸,2013,седан,2,бензин,автомат,Б/у
BMW 328,2 500 000 ₸,1995,универсал,2.8,бензин,механика,Б/у
BMW X5,35 000 000 ₸,2020,кроссовер,3,бензин,автомат,Б/у
BMW 525,650 000 ₸,1990,седан,2.5,бензин,механика,Б/у
BMW 728,3 000 000 ₸,1996,седан,2.8,бензин,автомат,Б/у
BMW 735,1 800 000 ₸,2004,седан,3.6,бензин,автомат,Б/у
BMW X5,6 100 000 ₸,2003,кроссовер,3,бензин,автомат,Б/у
BMW 520,2 200 000 ₸,1993,седан,2,бензин,механика,Б/у
BMW 645,4 000 000 ₸,2003,купе,4.4,бензин,автомат,Б/у
BMW 316,1 000 000 ₸,1988,седан,1.8,бензин,механика,Б/у
BMW X5,11 056 500 ₸,2014,кроссовер,3,бензин,автомат,Б/у
BMW 750,5 500 000 ₸,2006,седан,4.8,бензин,автомат,Б/у
BMW X5,11 000 000 ₸,2004,кроссовер,4.8,бензин,автомат,Б/у
BMW X5,7 100 000 ₸,2007,кроссовер,3,бензин,автомат,Б/у
BMW 750,6 000 000 ₸,2008,седан,4.4,бензин,автомат,Б/у
BMW 750,4 900 000 ₸,2006,седан,4.8,бензин,автомат,Б/у
BMW 535,8 700 000 ₸,2014,седан,3,бензин,автомат,Б/у
BMW 118,4 300 000 ₸,2006,хэтчбек,2,бензин,автомат,Б/у
BMW 730,2 000 000 ₸,1993,седан,3,бензин,механика,Б/у
BMW 530,5 000 000 ₸,2002,седан,3,бензин,автомат,Б/у
BMW 318,1 500 000 ₸,1995,седан,1.8,бензин,механика,Б/у
BMW 525,3 000 000 ₸,1998,седан,2.5,бензин,механика,Б/у
BMW X5,9 700 000 ₸,2003,кроссовер,4.8,бензин,автомат,Б/у
BMW 528,2 900 000 ₸,1996,седан,2.8,бензин,автомат,Б/у
BMW 740,21 000 000 ₸,2018,седан,3,бензин,автомат,Б/у
BMW 520,1 800 000 ₸,1995,седан,2,бензин,механика,Б/у
BMW 530,5 600 000 ₸,2005,седан,3,бензин,автомат,Б/у
BMW M5,14 000 000 ₸,2013,седан,4.4,бензин,робот,Б/у
BMW 530,21 200 000 ₸,2020,седан,2,бензин,автомат,Б/у
BMW 530,5 800 000 ₸,2005,седан,3,бензин,автомат,Б/у
BMW X5,65 000 000 ₸,2025,кроссовер,3,бензин,автомат,Б/у
BMW 540,8 500 000 ₸,1993,седан,4,бензин,механика,Б/у
BMW 530,4 800 000 ₸,2003,седан,3,бензин,механика,Б/у
BMW 530,5 500 000 ₸,2006,седан,3,бензин,автомат,Б/у
BMW 530,6 500 000 ₸,2007,седан,3,бензин,автомат,Б/у
BMW X5,7 000 000 ₸,2005,кроссовер,4.4,бензин,автомат,Б/у
BMW 320,2 600 000 ₸,1993,купе,2,бензин,автомат,Б/у
BMW 760,5 500 000 ₸,2007,седан,6,бензин,автомат,Б/у
BMW 530,4 000 000 ₸,2001,седан,3,бензин,механика,Б/у
BMW 528,2 900 000 ₸,1996,седан,2.8,бензин,автомат,Б/у
BMW 330,7 300 000 ₸,2012,кабриолет,3,бензин,автомат,Б/у
BMW 530,5 500 000 ₸,2001,седан,3,бензин,механика,Б/у
BMW 535,8 000 000 ₸,2013,седан,3,бензин,автомат,Б/у
BMW 525,2 200 000 ₸,1993,седан,2.5,бензин,механика,Б/у
BMW X5,9 500 000 ₸,2007,кроссовер,4.8,бензин,Правый руль,Б/у
BMW 530,28 500 000 ₸,2022,седан,2,бензин,автомат,Б/у
BMW 525,1 500 000 ₸,1989,седан,2.5,бензин,механика,Б/у
BMW 520,1 350 000 ₸,1991,седан,2,бензин,механика,Б/у
BMW X5,14 800 000 ₸,2014,кроссовер,3,бензин,автомат,Б/у
BMW X6,11 100 000 ₸,2010,кроссовер,3,бензин,автомат,Б/у
BMW 528,9 000 000 ₸,2009,седан,3,бензин,автомат,Б/у
BMW 540,27 500 000 ₸,2020,седан,3,бензин,автомат,Б/у
BMW X7,57 700 000 ₸,2023,кроссовер,3,бензин,автомат,Б/у
BMW 116,3 550 000 ₸,2006,хэтчбек,1.6,бензин,механика,Б/у
BMW 540,18 555 555 ₸,2017,седан,3,бензин,автомат,Б/у
BMW 525,2 000 000 ₸,1991,седан,2.5,бензин,механика,Б/у
BMW X5,15 000 000 ₸,2014,кроссовер,3,бензин,автомат,Б/у
BMW 530,4 500 000 ₸,2001,седан,3,бензин,автомат,Б/у
BMW 525,1 350 000 ₸,1992,седан,2.5,бензин,механика,Б/у
BMW X3 XDrive 20,51 017 939 ₸,2025,кроссовер,2,гибрид,автомат,новый
BMW 435,14 500 000 ₸,2014,купе,3,бензин,автомат,Б/у
BMW X5,14 500 000 ₸,2014,кроссовер,3,бензин,автомат,Б/у
BMW 740,4 500 000 ₸,2010,седан,3,бензин,автомат,Б/у
BMW 528,10 600 000 ₸,2010,седан,3,бензин,автомат,Б/у
BMW 540,2 600 000 ₸,1995,седан,4,бензин,механика,Б/у
BMW 745,4 000 000 ₸,2002,седан,4.4,бензин,автомат,Б/у
BMW X5,7 500 000 ₸,2007,кроссовер,3,бензин,автомат,Б/у
BMW X5,11 700 000 ₸,2007,кроссовер,3,бензин,автомат,Б/у
BMW X6,12 000 000 ₸,2008,кроссовер,3,бензин,автомат,Б/у
BMW 525,2 400 000 ₸,1993,седан,2.8,бензин,механика,Б/у
BMW 325,2 700 000 ₸,1994,купе,2.5,бензин,механика,Б/у
BMW 728,1 700 000 ₸,1997,седан,2.8,бензин,автомат,Б/у
BMW 528,12 400 000 ₸,2014,седан,2,бензин,автомат,Б/у
BMW X5 M,22 000 000 ₸,2014,кроссовер,4.4,бензин,автомат,Б/у
BMW 525,2 000 000 ₸,1994,седан,2.5,бензин,автомат,Б/у
BMW 528,2 700 000 ₸,1996,седан,2.8,бензин,автомат,Б/у
BMW 530,7 000 000 ₸,1991,седан,3,бензин,механика,Б/у
BMW X4,17 000 000 ₸,2014,кроссовер,2,бензин,автомат,Б/у
BMW X5,15 500 000 ₸,2016,кроссовер,3,бензин,автомат,Б/у
BMW 320,1 500 000 ₸,1994,купе,2,бензин,автомат,Б/у
BMW 520,1 800 000 ₸,1990,седан,2,бензин,механика,Б/у
BMW X5,4 000 000 ₸,2000,кроссовер,3,бензин,автомат,Б/у
BMW X5,11 000 000 ₸,2012,кроссовер,3,бензин,автомат,Б/у
BMW 430,13 000 000 ₸,2018,лифтбек,2,бензин,автомат,Б/у
BMW X6,13 800 000 ₸,2013,кроссовер,3,бензин,автомат,Б/у
BMW X6,18 200 000 ₸,2016,кроссовер,3,бензин,автомат,Б/у
BMW 520,21 500 000 ₸,2020,седан,2,бензин,автомат,Б/у
BMW X5,36 900 000 ₸,2020,кроссовер,3,бензин,автомат,Б/у
BMW 728,2 550 000 ₸,1996,седан,2.8,бензин,механика,Б/у
BMW 323,3 300 000 ₸,1997,универсал,2.5,бензин,автомат,Б/у
BMW 528,3 500 000 ₸,1997,универсал,2.8,бензин,механика,Б/у
BMW 520,2 570 000 ₸,1992,седан,2,бензин,механика,Б/у
BMW 320,11 000 000 ₸,2015,седан,2,бензин,автомат,Б/у
BMW 525,1 600 000 ₸,1997,седан,2.5,бензин,механика,Б/у
BMW 540,3 500 000 ₸,1993,седан,4,бензин,механика,Б/у
BMW 330,4 000 000 ₸,2001,седан,3,бензин,автомат,Б/у
BMW 740,66 500 000 ₸,2022,седан,3,бензин,автомат,Б/у
BMW 530,6 100 000 ₸,2006,седан,3,бензин,автомат,Б/у
BMW X5,5 800 000 ₸,2003,кроссовер,4.4,бензин,автомат,Б/у
BMW 728,2 600 000 ₸,1995,седан,2.8,бензин,автомат,Б/у
BMW X5,16 900 000 ₸,2016,кроссовер,3,бензин,автомат,Б/у
BMW X7,46 000 000 ₸,2019,кроссовер,3,бензин,автомат,Б/у
BMW X3,30 700 000 ₸,2024,кроссовер,2,бензин,автомат,Б/у
BMW X5,10 500 000 ₸,На заказ,г.,Б/у кроссовер,3 л,бензин,2007
BMW 528,2 700 000 ₸,1998,седан,2.8,бензин,механика,Б/у
BMW X7,46 500 000 ₸,2021,кроссовер,3,бензин,автомат,Б/у
BMW 323,3 500 000 ₸,1992,купе,2.5,бензин,автомат,Б/у
BMW 318,2 200 000 ₸,1993,универсал,1.8,бензин,механика,Б/у
BMW 535,11 300 000 ₸,2014,седан,3,бензин,автомат,Б/у
BMW 328,3 800 000 ₸,2000,седан,2.8,бензин,механика,Б/у
BMW 520,2 000 000 ₸,1995,седан,2,бензин,механика,Б/у
BMW 525,4 000 000 ₸,1994,седан,2.5,бензин,автомат,Б/у
BMW 525,600 000 ₸,1992,седан,2.5,бензин,автомат,Б/у
BMW 520,1 300 000 ₸,1991,седан,2,бензин,механика,Б/у
BMW 528,10 500 000 ₸,2012,седан,2,бензин,автомат,Б/у
BMW 535,13 000 000 ₸,2014,седан,3,бензин,автомат,Б/у
BMW 530,18 300 000 ₸,2017,седан,2,бензин,автомат,Б/у
BMW 328,14 900 000 ₸,2012,седан,2,бензин,автомат,Б/у
BMW 528,2 650 000 ₸,На заказ,г.,Б/у седан,2.8 л,бензин,1998
BMW 535,14 500 000 ₸,2016,седан,3,бензин,автомат,Б/у
BMW X5,4 200 000 ₸,2006,кроссовер,3,бензин,автомат,Б/у
BMW 750,11 900 000 ₸,2011,седан,4.4,бензин,автомат,Б/у
BMW 528,3 000 000 ₸,1996,седан,2.8,бензин,автомат,Б/у
BMW M4,60 000 000 ₸,2024,купе,3,бензин,автомат,Б/у
BMW 530,38 000 000 ₸,2024,седан,2,бензин,автомат,Б/у
BMW 535,13 000 000 ₸,2015,седан,3,бензин,автомат,Б/у
BMW 328,3 500 000 ₸,1997,седан,2.8,бензин,механика,Б/у
BMW 525,3 500 000 ₸,1992,седан,2.5,дизель,механика,Б/у
BMW 530,6 000 000 ₸,2006,седан,3,бензин,автомат,Б/у
BMW X5,71 050 000 ₸,2024,кроссовер,3,бензин,автомат,Б/у
BMW 535,8 000 000 ₸,2014,седан,3,бензин,автомат,Б/у
BMW 525,2 200 000 ₸,1992,седан,2.5,бензин,механика,Б/у
BMW 728,2 450 000 ₸,1998,седан,2.8,бензин,автомат,Б/у
BMW 523,8 500 000 ₸,2011,седан,2.5,бензин,автомат,Б/у
BMW X5,8 200 000 ₸,2007,кроссовер,4.8,бензин,автомат,Б/у
BMW 525,3 500 000 ₸,1994,седан,2.5,бензин,автомат,Б/у
BMW X6 M,100 000 000 ₸,2023,кроссовер,4.4,бензин,автомат,Б/у
BMW X7,99 500 000 ₸,2024,кроссовер,4.4,бензин,автомат,Б/у
BMW 525,1 500 000 ₸,1993,седан,2.5,бензин,автомат,Б/у
BMW 318,3 600 000 ₸,2006,седан,2,бензин,автомат,Б/у
BMW 530,2 500 000 ₸,1995,седан,3,бензин,автомат,Б/у
BMW 525,4 500 000 ₸,2002,седан,2.5,бензин,автомат,Б/у
BMW 840,37 000 000 ₸,2019,купе,3,бензин,автомат,Б/у
BMW 530,3 500 000 ₸,2002,седан,3,бензин,автомат,Б/у
BMW 520,1 200 000 ₸,1990,седан,2,бензин,механика,Б/у
BMW 520,2 000 000 ₸,1991,седан,2,бензин,механика,Б/у
BMW 525,2 500 000 ₸,1993,седан,2.5,бензин,автомат,Б/у
BMW 340,25 000 000 ₸,2021,седан,3,бензин,автомат,Б/у
BMW 745,4 000 000 ₸,2004,седан,4.4,бензин,автомат,Б/у
BMW 540,22 000 000 ₸,2019,седан,3,бензин,автомат,Б/у
BMW 750,18 000 000 ₸,2012,седан,4.4,бензин,автомат,Б/у
BMW X5,5 500 000 ₸,2001,кроссовер,3,бензин,автомат,Б/у
BMW 525,2 350 000 ₸,1991,седан,2.5,бензин,механика,Б/у
BMW 528,5 250 000 ₸,1997,седан,2.8,бензин,автомат,Б/у
BMW 525,2 200 000 ₸,1991,седан,2.5,бензин,автомат,Б/у
BMW M5,44 000 000 ₸,2019,седан,4.4,бензин,автомат,Б/у
BMW 728,2 600 000 ₸,1996,седан,2.8,бензин,автомат,Б/у
BMW 525,1 700 000 ₸,1989,седан,2.5,бензин,механика,Б/у
BMW X5,5 500 000 ₸,2001,кроссовер,4.4,бензин,автомат,Б/у
BMW 435,10 000 000 ₸,2015,лифтбек,3,бензин,автомат,Б/у
BMW 528,3 200 000 ₸,1999,седан,2.8,бензин,автомат,Б/у
BMW 535,13 000 000 ₸,2015,седан,3,бензин,автомат,Б/у
BMW 528,2 800 000 ₸,2000,седан,2.8,бензин,механика,Б/у
BMW 525,1 700 000 ₸,1992,седан,2.5,бензин,механика,Б/у
BMW 728,5 900 000 ₸,1998,седан,2.8,бензин,автомат,Б/у
BMW X5,8 000 000 ₸,2002,кроссовер,4.6,бензин,автомат,Б/у
BMW X4,19 000 000 ₸,2019,кроссовер,2,дизель,автомат,Б/у
BMW X5,11 500 000 ₸,2011,кроссовер,3,бензин,автомат,Б/у
BMW 540,25 000 000 ₸,2020,седан,3,бензин,автомат,Б/у
BMW X5,75 777 777 ₸,2025,кроссовер,3,бензин,автомат,Б/у
BMW 335,11 500 000 ₸,2014,седан,3,бензин,автомат,Б/у
BMW 525,7 200 000 ₸,2002,седан,2.5,бензин,автомат,Б/у
BMW X3,8 700 000 ₸,2010,кроссовер,3,бензин,автомат,Б/у
BMW 520,1 200 000 ₸,1991,седан,2,бензин,механика,Б/у
BMW X5,8 600 000 ₸,2008,кроссовер,3,бензин,автомат,Б/у
BMW 328,2 900 000 ₸,1998,седан,2.8,бензин,автомат,Б/у
BMW 520,1 000 000 ₸,1991,седан,2,бензин,механика,Б/у
BMW X3,7 900 000 ₸,2007,кроссовер,3,бензин,автомат,Б/у
BMW X5,4 500 000 ₸,2001,кроссовер,4.4,бензин,автомат,Б/у
BMW 740,2 100 000 ₸,1995,седан,4.4,бензин,автомат,Б/у
BMW X7,42 500 000 ₸,2021,кроссовер,3,бензин,автомат,Б/у
BMW 5 серия,22 390 000 ₸,2022,седан,2,бензин,автомат,Б/у
BMW 530,4 850 000 ₸,2001,седан,3,бензин,автомат,Б/у
BMW X7,45 000 000 ₸,2020,кроссовер,3,бензин,автомат,Б/у
BMW 528,11 000 000 ₸,2016,седан,2,бензин,автомат,Б/у
BMW 732,750 000 ₸,1983,седан,3.2,бензин,автомат,Б/у
BMW 530,5 500 000 ₸,2002,седан,3,бензин,механика,Б/у
BMW X3,5 000 000 ₸,2004,кроссовер,3,бензин,автомат,Б/у
BMW 728,2 500 000 ₸,1997,седан,2.8,бензин,автомат,Б/у
BMW X5,29 000 000 ₸,2020,кроссовер,4.4,бензин,автомат,Б/у
BMW 535,500 000 ₸,1994,седан,3.4,бензин,механика,Б/у
BMW X5,12 000 000 ₸,2016,кроссовер,3,бензин,автомат,Б/у
BMW 740,2 000 000 ₸,1994,седан,4,бензин,автомат,Б/у
BMW 530,4 100 000 ₸,1994,седан,3,бензин,механика,Б/у
BMW 740,15 000 000 ₸,2013,седан,3,бензин,автомат,Б/у
BMW 530,36 500 000 ₸,2025,седан,2,бензин,автомат,Б/у
BMW X5,7 800 000 ₸,2008,кроссовер,4.8,бензин,автомат,Б/у
BMW 730,2 600 000 ₸,1995,седан,3,бензин,автомат,Б/у
BMW X5,9 000 000 ₸,2008,кроссовер,4.8,бензин,автомат,Б/у
BMW Gran Turismo,11 500 000 ₸,2011,лифтбек,3,бензин,автомат,Б/у
BMW 116,2 350 000 ₸,2011,хэтчбек,1.6,бензин,автомат,Б/у
BMW 728,3 700 000 ₸,1998,седан,2.8,бензин,автомат,Б/у
BMW 728,4 500 000 ₸,1999,седан,2.8,бензин,автомат,Б/у
BMW 320,11 500 000 ₸,2018,седан,2,бензин,автомат,Б/у
BMW X5 XDrive 40i,37 740 000 ₸,На заказ,г.,Б/у кроссовер,3 л,бензин,2024
BMW X5,31 900 000 ₸,2019,кроссовер,3,бензин,автомат,Б/у
BMW 525,1 650 000 ₸,1992,седан,2.5,бензин,механика,Б/у
BMW 525,4 850 000 ₸,1994,седан,2.5,бензин,механика,Б/у
BMW 430,16 000 000 ₸,2017,лифтбек,2,бензин,автомат,Б/у
BMW X5 XDrive 40i,21 630 000 ₸,На заказ,г.,Б/у кроссовер,3 л,бензин,2019
BMW 530,5 600 000 ₸,2006,седан,3,дизель,автомат,Б/у
BMW 520,2 100 000 ₸,1994,седан,2,бензин,механика,Б/у
BMW X5,9 000 000 ₸,2012,кроссовер,3,бензин,автомат,Б/у
BMW 528,8 000 000 ₸,2010,седан,3,бензин,автомат,Б/у
BMW Z4,6 000 000 ₸,2005,родстер,2.5,бензин,автомат,Б/у
BMW 750,10 000 000 ₸,2010,седан,4.4,бензин,автомат,Б/у
BMW X5,15 500 000 ₸,2016,кроссовер,3,бензин,автомат,Б/у
BMW X7 XDrive 40i,29 561 000 ₸,На заказ,г.,Б/у кроссовер,4.4 л,бензин,2019
BMW 728,4 300 000 ₸,1999,седан,2.8,бензин,автомат,Б/у
BMW X7,72 000 000 ₸,2025,кроссовер,3,бензин,автомат,Б/у
BMW 530,14 888 888 ₸,2017,седан,2,бензин,автомат,Б/у
BMW 520,1 000 000 ₸,1992,седан,2,бензин,механика,Б/у
BMW 523,4 500 000 ₸,1999,седан,2.5,бензин,механика,Б/у
BMW 5 серия,26 000 000 ₸,2022,седан,2,бензин,автомат,Б/у
BMW 735,3 500 000 ₸,2004,седан,3.6,бензин,автомат,Б/у
BMW 530,17 000 000 ₸,2017,седан,2,бензин,автомат,Б/у
BMW 740,4 500 000 ₸,1997,седан,4.4,бензин,автомат,Б/у
BMW 525,3 500 000 ₸,1991,седан,2.5,бензин,механика,Б/у
BMW 535,10 900 000 ₸,2013,седан,3,бензин,автомат,Б/у
BMW 525,1 790 000 ₸,1994,седан,2.5,бензин,механика,Б/у
BMW 320,21 000 000 ₸,2021,седан,2,бензин,автомат,Б/у
BMW X7,43 000 000 ₸,2020,кроссовер,3,бензин,автомат,Б/у
BMW 525,2 500 000 ₸,1992,седан,2.5,бензин,механика,Б/у
BMW X5,40 500 000 ₸,2022,кроссовер,4.4,бензин,автомат,Б/у
BMW X5,5 000 000 ₸,2007,кроссовер,3,бензин,автомат,Б/у
BMW 745,1 700 000 ₸,2001,седан,4.4,бензин,автомат,Б/у
BMW 320,1 500 000 ₸,1992,седан,2,бензин,механика,Б/у
BMW X5,5 000 000 ₸,2008,кроссовер,3,бензин,автомат,Б/у
BMW 525,1 600 000 ₸,1993,седан,2.5,бензин,механика,Б/у
BMW 750,11 000 000 ₸,2013,седан,4.4,бензин,автомат,Б/у
BMW 523,2 750 000 ₸,1996,седан,2.5,бензин,механика,Б/у
BMW 525,1 300 000 ₸,1988,седан,2.5,бензин,механика,Б/у
BMW 520,25 000 000 ₸,2022,седан,2,бензин,автомат,Б/у
BMW 530,25 000 000 ₸,2022,седан,2,бензин,автомат,Б/у
BMW X6,17 000 000 ₸,2015,кроссовер,3,бензин,автомат,Б/у
BMW 320,1 600 000 ₸,1996,седан,2,бензин,автомат,Б/у
BMW 525,1 650 000 ₸,1994,седан,2.5,бензин,механика,Б/у
BMW 740,11 000 000 ₸,2012,седан,3,бензин,автомат,Б/у
BMW X5,6 000 000 ₸,2003,кроссовер,3,бензин,автомат,Б/у
BMW 525,1 400 000 ₸,1992,седан,2.5,бензин,механика,Б/у
BMW X5,20 500 000 ₸,2017,кроссовер,3,бензин,автомат,Б/у
BMW X5,17 700 000 ₸,2015,кроссовер,3,бензин,автомат,Б/у
BMW X3,4 900 000 ₸,2003,кроссовер,3,бензин,автомат,Б/у
BMW X5,19 500 000 ₸,2016,кроссовер,3,бензин,автомат,Б/у
BMW 850,60 000 000 ₸,2019,кабриолет,4.4,бензин,автомат,Б/у
BMW 525,1 300 000 ₸,1994,седан,2.5,бензин,автомат,Б/у
BMW X5,9 800 000 ₸,2004,кроссовер,4.8,бензин,автомат,Б/у
BMW 528,3 750 000 ₸,1999,седан,2.8,бензин,автомат,Б/у
BMW X7,83 000 000 ₸,2023,кроссовер,4.4,бензин,автомат,Б/у
BMW 520,1 600 000 ₸,1988,седан,2,бензин,механика,Б/у
BMW 745,3 500 000 ₸,2002,седан,4.4,бензин,автомат,Б/у
BMW 528,11 000 000 ₸,2014,седан,2,бензин,автомат,Б/у
BMW X5,6 000 000 ₸,2001,кроссовер,3,бензин,автомат,Б/у
BMW 528,4 500 000 ₸,1997,седан,2.8,бензин,автомат,Б/у
BMW 525,1 800 000 ₸,1991,седан,2.5,бензин,механика,Б/у
BMW 523,2 000 000 ₸,1996,седан,2.5,бензин,механика,Б/у
BMW 320,1 600 000 ₸,1991,седан,2,бензин,механика,Б/у
BMW X2,13 500 000 ₸,2018,кроссовер,2,бензин,автомат,Б/у
BMW X1,35 000 000 ₸,2025,кроссовер,2,бензин,робот,Б/у
BMW 535,10 500 000 ₸,2014,седан,3,бензин,автомат,Б/у
BMW X5,6 990 000 ₸,2005,кроссовер,3,бензин,автомат,Б/у
BMW X5,9 500 000 ₸,2011,кроссовер,3,дизель,автомат,Б/у
BMW 325,4 800 000 ₸,1998,седан,2.5,бензин,автомат,Б/у
BMW 535,12 500 000 ₸,2014,седан,3,бензин,автомат,Б/у
BMW X7,40 000 000 ₸,2021,кроссовер,3,бензин,автомат,Б/у
BMW 525,5 000 000 ₸,2004,седан,2.5,бензин,автомат,Б/у
BMW 530,42 000 000 ₸,2025,седан,2,бензин,автомат,Б/у
BMW Z4,17 800 000 ₸,2011,родстер,3,бензин,робот,Б/у
BMW 528,3 950 000 ₸,2000,седан,2.8,бензин,автомат,Б/у
BMW X5,4 300 000 ₸,2002,кроссовер,3,бензин,механика,Б/у
BMW X5,4 800 000 ₸,2002,кроссовер,3,бензин,автомат,Б/у
BMW X5,6 500 000 ₸,2005,кроссовер,4.8,бензин,автомат,Б/у
BMW 316,900 000 ₸,1993,седан,1.6,бензин,механика,Б/у
BMW 530,18 300 000 ₸,2017,седан,2,бензин,автомат,Б/у
BMW 330,4 100 000 ₸,2002,седан,3,бензин,автомат,Б/у
BMW 330,18 000 000 ₸,2020,седан,2,бензин,автомат,Б/у
BMW 540,7 000 000 ₸,1995,седан,4,бензин,автомат,Б/у
BMW X5,48 800 000 ₸,2022,кроссовер,3,бензин,автомат,Б/у
BMW 520,1 800 000 ₸,1996,седан,2,бензин,автомат,Б/у
BMW 5 серия,11 000 000 ₸,2012,седан,3,гибрид,автомат,Б/у
BMW X5,6 700 000 ₸,2007,кроссовер,4.8,бензин,автомат,Б/у
BMW X6,9 500 000 ₸,2008,кроссовер,4.4,бензин,автомат,Б/у
BMW X5,5 700 000 ₸,2006,кроссовер,3,бензин,автомат,Б/у
BMW 328,2 500 000 ₸,2001,седан,2.8,бензин,автомат,Б/у
BMW 520,2 000 000 ₸,1993,седан,2,бензин,автомат,Б/у
BMW X5,7 400 000 ₸,2003,кроссовер,3,бензин,автомат,Б/у
BMW X5,5 000 000 ₸,2003,кроссовер,4.4,бензин,автомат,Б/у
BMW 520,14 800 000 ₸,2018,седан,2,бензин,автомат,Б/у
BMW X5,5 500 000 ₸,2002,кроссовер,3,бензин,автомат,Б/у
BMW 525,1 500 000 ₸,1991,седан,2.5,бензин,механика,Б/у
BMW X5,36 790 000 ₸,2023,кроссовер,3,бензин,автомат,Б/у
BMW X3,11 500 000 ₸,2013,кроссовер,2,бензин,автомат,Б/у
BMW X5,9 000 000 ₸,2008,кроссовер,3,дизель,автомат,Б/у
BMW X5,9 350 000 ₸,2011,кроссовер,3,бензин,автомат,Б/у
BMW X5,16 700 000 ₸,2014,кроссовер,3,бензин,автомат,Б/у
BMW 530,18 000 000 ₸,2018,седан,2,бензин,автомат,Б/у
BMW 530,36 800 000 ₸,2024,седан,2,бензин,автомат,Б/у
BMW 525,2 500 000 ₸,1993,седан,2.5,бензин,механика,Б/у
BMW 525,2 300 000 ₸,1992,седан,2.5,бензин,механика,Б/у
BMW 550,9 500 000 ₸,2008,седан,4.8,бензин,автомат,Б/у
BMW 540,21 000 000 ₸,2017,седан,3,бензин,автомат,Б/у
BMW X5,5 555 555 ₸,2001,кроссовер,3,бензин,автомат,Б/у
BMW 520,2 600 000 ₸,1994,седан,2,бензин,автомат,Б/у
BMW 325,2 600 000 ₸,1994,седан,2.5,бензин,автомат,Б/у
BMW 523,9 000 000 ₸,2012,седан,2.5,бензин,автомат,Б/у
BMW 520,2 500 000 ₸,1995,седан,2,бензин,автомат,Б/у
BMW X6,10 000 000 ₸,2010,кроссовер,3,бензин,автомат,Б/у
BMW X5,38 000 000 ₸,2022,кроссовер,3,бензин,автомат,Б/у
BMW X5,15 500 000 ₸,2014,кроссовер,3,бензин,автомат,Б/у
BMW X7,83 000 000 ₸,2025,кроссовер,3,бензин,автомат,Б/у
BMW 728,4 000 000 ₸,1998,седан,2.8,бензин,автомат,Б/у
BMW X6,7 500 000 ₸,2008,кроссовер,3,бензин,автомат,Б/у
BMW X5,9 000 000 ₸,2007,кроссовер,3,бензин,автомат,Б/у
BMW 745,4 500 000 ₸,2003,седан,4.4,бензин,автомат,Б/у
BMW X5,45 000 000 ₸,2022,кроссовер,3,бензин,автомат,Б/у
BMW 520,1 999 999 ₸,На заказ,г.,Б/у седан,2 л,бензин,1997
BMW X5,49 400 000 ₸,2022,кроссовер,4.4,бензин,автомат,Б/у
BMW 530,7 500 000 ₸,2003,седан,3,бензин,автомат,Б/у
BMW 530,41 000 000 ₸,2023,седан,2,бензин,автомат,Б/у
BMW 528,8 700 000 ₸,2011,седан,3,бензин,автомат,Б/у
BMW 528,9 000 000 ₸,2012,седан,3,бензин,автомат,Б/у
BMW 640,19 000 000 ₸,2012,седан,3,бензин,автомат,Б/у
BMW X5,60 000 000 ₸,2023,кроссовер,3,бензин,автомат,Б/у
BMW 528,12 500 000 ₸,2014,седан,2,бензин,автомат,Б/у
BMW 320,12 000 000 ₸,2013,седан,2,бензин,автомат,Б/у
BMW 540,4 100 000 ₸,1995,универсал,4.6,бензин,механика,Б/у
BMW 325,1 800 000 ₸,1995,седан,2.5,бензин,автомат,Б/у
BMW 330,14 624 000 ₸,На заказ,г.,Б/у седан,2 л,бензин,2020
BMW 525,3 200 000 ₸,На заказ,г.,Б/у седан,2.5 л,бензин,1997
BMW X5,23 000 000 ₸,2018,кроссовер,3,бензин,автомат,Б/у
BMW 323,5 000 000 ₸,2000,седан,2.5,бензин,автомат,Б/у
BMW 525,1 900 000 ₸,1988,седан,2.5,бензин,механика,Б/у
BMW 328,3 500 000 ₸,1999,седан,2.8,бензин,автомат,Б/у
BMW X5,28 000 000 ₸,2019,кроссовер,3,бензин,автомат,Б/у
BMW 320,800 000 ₸,1992,седан,2,бензин,механика,Б/у
BMW 325,7 500 000 ₸,2007,купе,2.5,бензин,автомат,Б/у
BMW 535,12 000 000 ₸,2015,седан,3,бензин,автомат,Б/у
BMW X5,4 200 000 ₸,2002,кроссовер,3,бензин,автомат,Б/у
BMW X5,8 200 000 ₸,2013,кроссовер,3,бензин,автомат,Б/у
BMW 520,1 500 000 ₸,1993,седан,2,бензин,механика,Б/у
BMW 525,1 500 000 ₸,1991,седан,2.5,бензин,механика,Б/у
BMW X5,6 200 000 ₸,2005,кроссовер,3,бензин,автомат,Б/у
BMW 525,3 200 000 ₸,2000,седан,2.5,бензин,механика,Б/у
BMW 530,2 500 000 ₸,1994,седан,4,бензин,механика,Б/у
BMW X7,85 000 000 ₸,2023,кроссовер,4.4,бензин,автомат,Б/у
BMW 528,8 500 000 ₸,2011,седан,3,бензин,автомат,Б/у
BMW 530,7 600 000 ₸,2005,седан,3,бензин,автомат,Б/у
BMW 528,3 600 000 ₸,1996,седан,2.8,бензин,механика,Б/у
BMW 750,8 000 000 ₸,2009,седан,4.4,бензин,автомат,Б/у
BMW 520,9 900 000 ₸,2014,седан,2,бензин,автомат,Б/у
BMW 520,1 750 000 ₸,1992,седан,2,бензин,механика,Б/у
BMW 525,2 500 000 ₸,1997,седан,2.5,бензин,механика,Б/у
BMW 525,3 500 000 ₸,1993,седан,2.5,бензин,механика,Б/у
BMW 535,12 000 000 ₸,2015,седан,3,бензин,автомат,Б/у
BMW X5,5 199 999 ₸,2001,кроссовер,4.4,бензин,автомат,Б/у
BMW 730,2 600 000 ₸,1995,седан,3,бензин,автомат,Б/у
BMW 320,1 200 000 ₸,1992,седан,2,бензин,механика,Б/у
BMW 520,1 999 999 ₸,1993,седан,2,бензин,механика,Б/у
BMW X3,5 500 000 ₸,2005,кроссовер,3,бензин,автомат,Б/у
BMW 525,1 500 000 ₸,1991,седан,2.5,бензин,механика,Б/у
BMW 528,6 500 000 ₸,2013,седан,2,бензин,автомат,Б/у
BMW X5,5 800 000 ₸,2001,кроссовер,3,бензин,автомат,Б/у
BMW X3,25 000 000 ₸,2021,кроссовер,2,бензин,автомат,Б/у
BMW 325,2 500 000 ₸,1997,купе,2.5,бензин,механика,Б/у
BMW 850,45 000 000 ₸,2024,седан,4.4,бензин,автомат,Б/у
BMW 325,3 350 000 ₸,1999,седан,2.5,бензин,автомат,Б/у
BMW X5,8 500 000 ₸,2012,кроссовер,3,бензин,автомат,Б/у
BMW X5,6 700 000 ₸,2003,кроссовер,4.6,бензин,автомат,Б/у
BMW X5,15 200 000 ₸,2016,кроссовер,3,бензин,автомат,Б/у
BMW X5,14 500 000 ₸,2014,кроссовер,3,бензин,автомат,Б/у
BMW 528,2 300 000 ₸,1996,седан,2.8,газ-бензин,автомат,Б/у
BMW X7,80 000 000 ₸,2024,кроссовер,3,бензин,автомат,Б/у
BMW 525,5 000 000 ₸,2001,седан,2.5,бензин,механика,Б/у
BMW X5,14 500 000 ₸,2014,кроссовер,3,бензин,автомат,Б/у
BMW X4,21 000 000 ₸,2020,кроссовер,2,бензин,автомат,Б/у
BMW 735,5 700 000 ₸,2002,седан,3.6,бензин,автомат,Б/у
BMW 528,9 500 000 ₸,2014,седан,2,бензин,автомат,Б/у
BMW 530,3 900 000 ₸,2001,седан,3,бензин,механика,Б/у
BMW 320,12 500 000 ₸,2018,седан,2,бензин,автомат,Б/у
BMW 530,17 500 000 ₸,2017,седан,2,бензин,автомат,Б/у
BMW 528,13 700 000 ₸,2014,седан,2,бензин,автомат,Б/у
BMW i4,25 000 000 ₸,2022,лифтбек,эектричество,КПП автомат,с пробегом 38 000 км,Б/у
BMW 316,2 200 000 ₸,1998,седан,1.9,бензин,механика,Б/у
BMW X5,67 000 000 ₸,2024,кроссовер,3,бензин,автомат,Б/у
BMW 540,5 300 000 ₸,1994,седан,4,бензин,механика,Б/у
BMW 530,13 000 000 ₸,2018,седан,2,бензин,автомат,Б/у
BMW 528,11 000 000 ₸,2011,седан,3,бензин,автомат,Б/у
BMW 323,3 600 000 ₸,1998,седан,2.5,бензин,автомат,Б/у
BMW 320,1 470 000 ₸,1993,седан,2,бензин,механика,Б/у
BMW 318,9 500 000 ₸,2017,седан,1.5,бензин,автомат,Б/у
BMW 525,2 000 000 ₸,1990,седан,2.5,бензин,механика,Б/у
BMW 550,57 990 000 ₸,2024,седан,3,гибрид,автомат,Б/у
BMW 525,2 850 000 ₸,1995,седан,2.5,бензин,автомат,Б/у
BMW 330,13 500 000 ₸,2017,седан,2,бензин,автомат,Б/у
BMW 730,3 200 000 ₸,1995,седан,3,бензин,автомат,Б/у
BMW 535,10 600 000 ₸,2013,седан,3,бензин,автомат,Б/у
BMW 320,6 800 000 ₸,2015,седан,2,бензин,автомат,Б/у
BMW X5,18 000 000 ₸,2015,кроссовер,3,дизель,автомат,Б/у
BMW 520,2 650 000 ₸,1995,седан,2,бензин,автомат,Б/у
BMW 525,3 500 000 ₸,1997,седан,2.5,бензин,механика,Б/у
BMW 525,2 500 000 ₸,1994,седан,2.5,бензин,механика,Б/у
BMW 525,1 700 000 ₸,1991,седан,2.5,бензин,механика,Б/у
BMW 740,3 200 000 ₸,1994,седан,4.4,бензин,автомат,Б/у
BMW X5,47 000 000 ₸,2023,кроссовер,3,бензин,автомат,Б/у
BMW 740,7 700 000 ₸,2008,седан,4,бензин,автомат,Б/у
BMW X5,6 000 000 ₸,2002,кроссовер,3,бензин,автомат,Б/у
BMW 428,12 000 000 ₸,2015,лифтбек,2,бензин,автомат,Б/у
BMW 735,5 000 000 ₸,1994,седан,3.5,бензин,автомат,Б/у
BMW X7,41 800 000 ₸,2020,кроссовер,3,бензин,автомат,Б/у
BMW 730,4 000 000 ₸,2005,седан,3,бензин,автомат,Б/у
BMW X3,5 800 000 ₸,2006,кроссовер,3,бензин,автомат,Б/у
BMW 320,7 000 000 ₸,2011,седан,2,бензин,автомат,Б/у
BMW 745,5 000 000 ₸,2003,седан,4.4,бензин,автомат,Б/у
BMW 320,1 350 000 ₸,1991,седан,2,бензин,механика,Б/у
BMW 525,4 300 000 ₸,2000,седан,2.5,бензин,автомат,Б/у
BMW 520,1 900 000 ₸,1994,седан,2,бензин,механика,Б/у
BMW X5,41 000 000 ₸,2021,кроссовер,3,бензин,автомат,Б/у
BMW X6,12 500 000 ₸,2012,кроссовер,3,бензин,автомат,Б/у
BMW 525,1 000 000 ₸,1993,седан,2.5,бензин,автомат,Б/у
BMW 525,3 600 000 ₸,1995,седан,2.5,бензин,автомат,Б/у
BMW 525,2 800 000 ₸,1998,седан,2.5,бензин,механика,Б/у
BMW 525,2 500 000 ₸,1997,седан,2.5,бензин,механика,Б/у
BMW 520,1 300 000 ₸,1991,седан,2,бензин,автомат,Б/у
BMW 525,3 300 000 ₸,1993,седан,2.5,бензин,механика,Б/у
BMW X5,5 000 000 ₸,2006,кроссовер,3,бензин,автомат,Б/у
BMW 528,3 800 000 ₸,1996,седан,2.8,бензин,механика,Б/у
BMW 520,23 150 000 ₸,2021,седан,2,бензин,автомат,Б/у
BMW 530,5 900 000 ₸,2003,седан,3,бензин,автомат,Б/у
BMW 316,1 370 000 ₸,1993,хэтчбек,1.6,бензин,автомат,Б/у
BMW 540,4 000 000 ₸,1993,седан,4.6,бензин,механика,Б/у
BMW X5,5 800 000 ₸,2002,кроссовер,3,бензин,автомат,Б/у
BMW 528,2 600 000 ₸,1998,седан,2.8,бензин,автомат,Б/у
BMW X6,12 000 000 ₸,2011,кроссовер,3,бензин,автомат,Б/у
BMW 525,2 300 000 ₸,1988,седан,2.5,бензин,механика,Б/у
BMW 525,3 800 000 ₸,1993,седан,2.5,бензин,механика,Б/у
BMW 316,1 600 000 ₸,1992,седан,1.6,бензин,механика,Б/у
BMW 520,1 300 000 ₸,1992,седан,2,бензин,механика,Б/у
BMW X5,6 000 000 ₸,2003,кроссовер,3,бензин,автомат,Б/у
BMW 520,800 000 ₸,1993,седан,2,бензин,механика,Б/у
BMW 523,3 200 000 ₸,1996,седан,2.5,бензин,автомат,Б/у
BMW 525,1 800 000 ₸,1995,седан,2.5,бензин,автомат,Б/у
BMW 318,1 400 000 ₸,1992,седан,1.8,бензин,механика,Б/у
BMW 525,1 650 000 ₸,1990,седан,2.5,бензин,механика,Б/у
BMW 528,9 000 000 ₸,2015,седан,2,бензин,автомат,Б/у
BMW 330,5 800 000 ₸,2003,седан,3,бензин,механика,Б/у
BMW X1,14 300 000 ₸,2018,кроссовер,1.5,бензин,робот,Б/у
BMW 530,9 500 000 ₸,2009,седан,3,бензин,автомат,Б/у
BMW X5,12 000 000 ₸,2016,кроссовер,3,бензин,автомат,Б/у
BMW 540,18 500 000 ₸,2017,седан,3,бензин,автомат,Б/у
BMW 728,5 000 000 ₸,2000,седан,2.8,бензин,автомат,Б/у
BMW 318,1 000 000 ₸,1994,седан,1.8,бензин,механика,Б/у
BMW 740,28 500 000 ₸,2017,седан,2,гибрид,автомат,Б/у
BMW 318,2 100 000 ₸,1996,седан,1.8,бензин,автомат,Б/у
BMW 525,2 400 000 ₸,1997,седан,2.5,бензин,механика,Б/у
BMW 530,25 500 000 ₸,2021,седан,2,бензин,автомат,Б/у
BMW 530,25 800 000 ₸,2021,седан,2,бензин,автомат,Б/у
BMW 525,1 200 000 ₸,1992,седан,2.5,бензин,механика,Б/у
BMW 528,2 750 000 ₸,1996,седан,2.8,бензин,механика,Б/у
BMW X5,16 000 000 ₸,2015,кроссовер,3,бензин,автомат,Б/у
BMW 520,6 600 000 ₸,2009,седан,2,бензин,автомат,Б/у
BMW 520,1 250 000 ₸,1990,седан,2,бензин,механика,Б/у
BMW 730,4 500 000 ₸,2005,седан,3,бензин,автомат,Б/у
BMW 540,14 000 000 ₸,2017,седан,3,бензин,автомат,Б/у
BMW X5,33 500 000 ₸,2020,кроссовер,3,бензин,автомат,Б/у
BMW X5,18 500 000 ₸,2017,кроссовер,3,бензин,автомат,Б/у
BMW 528,2 500 000 ₸,1997,седан,2.8,бензин,автомат,Б/у
BMW X5,8 000 000 ₸,2002,кроссовер,4.6,бензин,автомат,Б/у
BMW 320,1 000 000 ₸,1992,седан,2,бензин,механика,Б/у
BMW 520,1 399 999 ₸,1989,седан,2,бензин,механика,Б/у
BMW 320,1 000 000 ₸,1992,седан,2,бензин,механика,Б/у
BMW 730,2 650 000 ₸,1995,седан,3,бензин,автомат,Б/у
BMW 340,15 800 000 ₸,2017,седан,3,бензин,автомат,Б/у
BMW 530,17 500 000 ₸,2017,седан,2,бензин,автомат,Б/у
BMW X5,14 500 000 ₸,2015,кроссовер,3,бензин,автомат,Б/у
BMW X5,33 000 000 ₸,2020,кроссовер,3,бензин,автомат,Б/у
BMW 525,1 400 000 ₸,1991,седан,2.5,бензин,механика,Б/у
BMW 528,3 200 000 ₸,1998,седан,2.8,бензин,автомат,Б/у
BMW X6,41 000 000 ₸,2020,кроссовер,3,бензин,автомат,Б/у
BMW 525,1 650 000 ₸,1994,седан,2.5,бензин,механика,Б/у
BMW 520,650 000 ₸,1993,седан,2,бензин,автомат,Б/у
BMW 318,4 700 000 ₸,2006,седан,2,бензин,автомат,Б/у
BMW 325,2 650 000 ₸,1993,седан,2.5,бензин,автомат,Б/у
BMW 316,1 500 000 ₸,1993,седан,1.6,бензин,механика,Б/у
BMW X5,6 800 000 ₸,2002,кроссовер,4.6,бензин,автомат,Б/у
BMW 745,6 500 000 ₸,2004,седан,3.6,газ-бензин,автомат,Б/у
BMW 520,4 500 000 ₸,1999,универсал,2,бензин,механика,Б/у
BMW 530,40 000 000 ₸,2023,седан,2,бензин,автомат,Б/у
BMW X5,12 000 000 ₸,2011,кроссовер,3,бензин,автомат,Б/у
BMW 528,3 300 000 ₸,1997,седан,2.8,бензин,механика,Б/у
BMW X5,17 500 000 ₸,2018,кроссовер,3,бензин,автомат,Б/у
BMW 520,7 500 000 ₸,2013,седан,2,бензин,автомат,Б/у
BMW X5,10 500 000 ₸,2004,кроссовер,4.8,бензин,автомат,Б/у
BMW 530,2 700 000 ₸,2000,седан,3,бензин,механика,Б/у
BMW 520,1 300 000 ₸,1995,седан,2,бензин,автомат,Б/у
BMW 525,3 000 000 ₸,1998,седан,2.5,бензин,автомат,Б/у
BMW X5,6 600 000 ₸,2004,кроссовер,4.4,бензин,автомат,Б/у
BMW X5,9 000 000 ₸,2005,кроссовер,3,бензин,автомат,Б/у
BMW 525,2 100 000 ₸,1994,седан,2.5,бензин,механика,Б/у
BMW 528,10 000 000 ₸,2013,седан,2,бензин,автомат,Б/у
BMW X4,25 000 000 ₸,2019,кроссовер,2,бензин,автомат,Б/у
BMW 730,3 000 000 ₸,1995,седан,3,бензин,механика,Б/у
BMW 320,2 000 000 ₸,1995,седан,2,бензин,автомат,Б/у
BMW Z3,4 350 000 ₸,1997,родстер,1.9,бензин,механика,Б/у
BMW X5,11 300 000 ₸,2015,кроссовер,3,бензин,автомат,Б/у
BMW 316,700 000 ₸,1994,седан,1.6,бензин,механика,Б/у
BMW 525,950 000 ₸,1988,седан,2.5,бензин,механика,Б/у
BMW X5,6 500 000 ₸,2001,кроссовер,3,бензин,механика,Б/у
BMW 728,3 000 000 ₸,1998,седан,2.8,бензин,автомат,Б/у
BMW 520,1 200 000 ₸,1990,седан,2,бензин,механика,Б/у
BMW X6,67 500 000 ₸,2024,кроссовер,3,бензин,автомат,Б/у
BMW 528,5 200 000 ₸,1998,седан,2.8,бензин,автомат,Б/у
BMW X6,9 700 000 ₸,2009,кроссовер,3,бензин,автомат,Б/у
BMW 530,16 700 000 ₸,2017,седан,2,бензин,автомат,Б/у
BMW 525,1 300 000 ₸,1992,седан,2.5,бензин,механика,Б/у
BMW 523,2 500 000 ₸,1996,седан,2.5,бензин,механика,Б/у
BMW 323,3 500 000 ₸,1981,седан,2.3,бензин,механика,Б/у
BMW 328,2 800 000 ₸,1995,седан,3,бензин,механика,Б/у
BMW 528,3 500 000 ₸,1996,седан,2.8,бензин,автомат,Б/у
BMW 750,9 000 000 ₸,2009,седан,4.4,бензин,автомат,Б/у
BMW X7,45 500 000 ₸,2021,кроссовер,3,бензин,автомат,Б/у
BMW 730,2 200 000 ₸,1996,седан,3,бензин,автомат,Б/у
BMW X7,45 500 000 ₸,2021,кроссовер,3,бензин,автомат,Б/у
BMW 750,13 500 000 ₸,2012,седан,4.4,бензин,автомат,Б/у
BMW 320,8 800 000 ₸,2016,седан,2,бензин,автомат,Б/у
BMW 535,10 700 000 ₸,2015,седан,3,бензин,автомат,Б/у
BMW 520,1 150 000 ₸,1990,седан,2,бензин,механика,Б/у
BMW 528,3 500 000 ₸,1996,седан,2.8,бензин,автомат,Б/у
BMW 318,3 000 000 ₸,2000,седан,1.9,бензин,автомат,Б/у
BMW X7,78 700 000 ₸,2023,кроссовер,4.4,бензин,автомат,Б/у
BMW X1,7 000 000 ₸,2010,кроссовер,2,бензин,автомат,Б/у
BMW X5,45 000 000 ₸,2023,кроссовер,3,бензин,автомат,Б/у
BMW X5,45 000 000 ₸,2023,кроссовер,3,бензин,автомат,Б/у
BMW 520,1 500 000 ₸,1991,седан,2,бензин,механика,Б/у
BMW X5,19 000 000 ₸,2015,кроссовер,3,бензин,автомат,Б/у
BMW Z4,11 000 000 ₸,2007,купе,3,бензин,автомат,Б/у
BMW 525,1 050 000 ₸,1992,седан,2.5,бензин,механика,Б/у
BMW 320,1 700 000 ₸,1992,седан,2,бензин,автомат,Б/у
BMW 530,3 500 000 ₸,2004,седан,3,бензин,автомат,Б/у
BMW 530,4 100 000 ₸,2003,седан,3,бензин,автомат,Б/у
BMW X5,30 000 000 ₸,2019,кроссовер,3,бензин,автомат,Б/у
BMW M5,25 000 000 ₸,2015,седан,4.4,бензин,робот,Б/у
BMW 525,2 000 000 ₸,1995,седан,2.5,бензин,механика,Б/у
BMW 330,3 000 000 ₸,1993,седан,3,бензин,механика,Б/у
BMW 750,9 600 000 ₸,2008,седан,4.4,бензин,автомат,Б/у
BMW X5,16 600 000 ₸,2017,кроссовер,3,бензин,автомат,Б/у
BMW 530,43 500 000 ₸,2024,седан,2,бензин,автомат,Б/у
BMW 525,2 150 000 ₸,1991,седан,2.5,бензин,механика,Б/у
BMW X6,17 200 000 ₸,2016,кроссовер,3,бензин,автомат,Б/у
BMW 530,15 420 000 ₸,2018,седан,2,бензин,автомат,Б/у
BMW 320,1 500 000 ₸,1996,седан,2,бензин,механика,Б/у
BMW 530,7 500 000 ₸,2005,седан,3,бензин,автомат,Б/у
BMW 530,2 550 000 ₸,1991,седан,3,бензин,механика,Б/у
BMW 318,1 300 000 ₸,1993,седан,1.8,бензин,механика,Б/у
BMW X5,17 000 000 ₸,2017,кроссовер,3,бензин,автомат,Б/у
BMW X6,7 900 000 ₸,2008,кроссовер,3,бензин,автомат,Б/у
BMW 525,2 450 000 ₸,1997,седан,2.5,бензин,механика,Б/у
BMW 528,4 000 000 ₸,На заказ,г.,Б/у седан,2.8 л,бензин,1996
BMW 525,2 500 000 ₸,1997,седан,2.5,бензин,автомат,Б/у
BMW X7,35 000 000 ₸,2019,кроссовер,3,бензин,автомат,Б/у
BMW X5,5 200 000 ₸,2002,кроссовер,4.4,бензин,автомат,Б/у
BMW X5,20 000 000 ₸,2015,кроссовер,3,бензин,автомат,Б/у
BMW X5,5 200 000 ₸,2002,кроссовер,4.4,бензин,автомат,Б/у
BMW 330,4 150 000 ₸,2001,седан,3,бензин,автомат,Б/у
BMW 525,20 000 000 ₸,1991,седан,2.5,бензин,Правый руль,Б/у
BMW 525,2 700 000 ₸,1996,седан,2.5,бензин,механика,Б/у
BMW 540,18 500 000 ₸,2017,седан,3,бензин,автомат,Б/у
BMW 528,3 900 000 ₸,1998,седан,2.8,бензин,автомат,Б/у
BMW 530,3 700 000 ₸,2001,седан,3,бензин,механика,Б/у
BMW 520,550 000 ₸,1991,седан,2,бензин,Правый руль,Б/у
BMW 320,2 000 000 ₸,1992,седан,2,бензин,автомат,Б/у
BMW M4,52 000 000 ₸,2024,купе,3,бензин,автомат,Б/у
BMW 525,1 200 000 ₸,1992,седан,2.5,бензин,механика,Б/у
BMW 530,4 800 000 ₸,2002,седан,3,газ-бензин,автомат,Б/у
BMW 520,700 000 ₸,1991,седан,2,бензин,механика,Б/у
BMW 528,6 900 000 ₸,2012,седан,2,бензин,автомат,Б/у
BMW 730,625 000 ₸,1990,седан,3,бензин,механика,Б/у
BMW 530,8 500 000 ₸,2018,седан,2,бензин,автомат,Б/у
BMW 528,12 000 000 ₸,На заказ,г.,Б/у седан,2 л,бензин,2015
BMW 318,1 600 000 ₸,1993,седан,1.8,бензин,механика,Б/у
BMW X5,4 300 000 ₸,2001,кроссовер,3,бензин,автомат,Б/у
BMW 525,3 500 000 ₸,1995,седан,2.5,бензин,автомат,Б/у
BMW 525,2 700 000 ₸,1996,седан,2.5,бензин,механика,Б/у
BMW 528,6 000 000 ₸,На заказ,г.,Б/у седан,2 л,бензин,2015
BMW X6,21 000 000 ₸,2018,кроссовер,3,бензин,автомат,Б/у
BMW 728,3 000 000 ₸,1998,седан,2.8,бензин,автомат,Б/у
BMW 530,16 000 000 ₸,2020,седан,2,бензин,автомат,Б/у
BMW 320,800 000 ₸,1992,седан,2,бензин,механика,Б/у
BMW 530,36 000 000 ₸,2024,седан,2,бензин,автомат,Б/у
BMW 320,3 900 000 ₸,2002,седан,1.9,бензин,механика,Б/у
BMW 728,2 500 000 ₸,1998,седан,2.8,бензин,автомат,Б/у
BMW 525,2 700 000 ₸,1996,седан,2.5,бензин,механика,Б/у
BMW 525,2 400 000 ₸,1991,седан,2.5,бензин,механика,Б/у
BMW 523,2 000 000 ₸,1999,седан,2.5,бензин,механика,Б/у
BMW 728,3 200 000 ₸,1998,седан,2.8,бензин,автомат,Б/у
BMW 750,5 500 000 ₸,2006,седан,4.8,бензин,автомат,Б/у
BMW 750,4 800 000 ₸,2010,седан,4.4,бензин,автомат,Б/у
BMW 528,3 800 000 ₸,1997,седан,2.8,бензин,автомат,Б/у
BMW 730,2 900 000 ₸,1995,седан,3,бензин,автомат,Б/у
BMW 520,1 800 000 ₸,1991,седан,2,бензин,механика,Б/у
BMW 525,4 900 000 ₸,2002,универсал,2.5,бензин,механика,Б/у
BMW X5,6 500 000 ₸,2002,кроссовер,4.8,бензин,автомат,Б/у
BMW X5,16 000 000 ₸,2014,кроссовер,3,бензин,автомат,Б/у
BMW 520,2 100 000 ₸,1997,седан,2,бензин,автомат,Б/у
BMW 318,1 150 000 ₸,1995,седан,1.8,бензин,механика,Б/у
BMW 525,1 300 000 ₸,1992,седан,2.5,бензин,механика,Б/у
BMW 530,16 400 000 ₸,2017,седан,2,бензин,автомат,Б/у
BMW 750,10 100 000 ₸,2009,седан,4.4,бензин,автомат,Б/у
BMW 525,1 300 000 ₸,1992,седан,2.5,бензин,механика,Б/у
BMW 328,5 690 300 ₸,2015,седан,2,бензин,автомат,Б/у
BMW X5,15 200 000 ₸,2015,кроссовер,3,бензин,Правый руль,Б/у
BMW 530,8 180 000 ₸,2006,седан,3,бензин,автомат,Б/у
BMW 520,1 800 000 ₸,1994,седан,2,бензин,механика,Б/у
BMW 518,1 200 000 ₸,1995,седан,1.8,бензин,автомат,Б/у
BMW 530,44 800 000 ₸,2023,седан,2,бензин,автомат,Б/у
BMW 318,1 600 000 ₸,1993,седан,1.8,бензин,автомат,Б/у
BMW 535,10 700 000 ₸,2010,седан,3,бензин,автомат,Б/у
BMW 520,1 400 000 ₸,1993,седан,2,бензин,механика,Б/у
BMW 540,22 000 000 ₸,2017,седан,3,бензин,автомат,Б/у
BMW 528,9 000 000 ₸,2013,седан,2,бензин,автомат,Б/у
BMW 520,2 000 000 ₸,1990,седан,2,бензин,механика,Б/у
BMW 525,3 000 000 ₸,1993,седан,2.5,бензин,механика,Б/у
BMW X5,16 700 000 ₸,2014,кроссовер,3,бензин,автомат,Б/у
BMW X5,16 400 000 ₸,2015,кроссовер,3,бензин,автомат,Б/у
BMW 318,2 000 000 ₸,1994,седан,1.8,бензин,механика,Б/у
BMW 750,7 500 000 ₸,2008,седан,4.4,бензин,автомат,Б/у
BMW 525,2 400 000 ₸,1991,седан,2.5,бензин,механика,Б/у
BMW X1,14 000 000 ₸,2018,кроссовер,2,бензин,автомат,Б/у
BMW 116,3 000 000 ₸,2006,хэтчбек,1.6,бензин,механика,Б/у
BMW 530,16 500 000 ₸,2017,седан,2,бензин,автомат,Б/у
BMW X3,5 150 000 ₸,2004,кроссовер,3,бензин,автомат,Б/у
BMW X5,8 800 000 ₸,2006,кроссовер,4.4,бензин,автомат,Б/у
BMW 535,7 500 000 ₸,2015,седан,3,бензин,автомат,Б/у
BMW 520,1 850 000 ₸,1994,седан,2,бензин,механика,Б/у
BMW 528,7 500 000 ₸,2008,седан,3,бензин,автомат,Б/у
BMW X3,5 500 000 ₸,2008,кроссовер,2.5,бензин,автомат,Б/у
BMW 640,19 000 000 ₸,2012,седан,3,бензин,автомат,Б/у
BMW 520,1 950 000 ₸,1993,седан,2,бензин,механика,Б/у
BMW X7,37 500 000 ₸,2019,кроссовер,3,бензин,автомат,Б/у
BMW 530,3 000 000 ₸,1991,седан,3,бензин,механика,Б/у
BMW 525,7 000 000 ₸,2007,седан,3,бензин,автомат,Б/у
BMW 530,6 500 000 ₸,2004,седан,3,бензин,механика,Б/у
BMW 525,5 550 000 ₸,2001,седан,2.5,бензин,механика,Б/у
BMW 525,1 900 000 ₸,1994,седан,2.5,бензин,механика,Б/у
BMW M6,35 000 000 ₸,2012,купе,4.4,бензин,робот,Б/у
BMW X5,5 000 000 ₸,2004,кроссовер,3,бензин,автомат,Б/у
BMW M4,52 000 000 ₸,2023,купе,3,бензин,автомат,Б/у
BMW 740,3 200 000 ₸,1994,седан,4.4,бензин,автомат,Б/у
BMW 525,1 800 000 ₸,1997,седан,2.5,бензин,автомат,Б/у
BMW X6 M,20 000 000 ₸,2010,кроссовер,4.4,бензин,автомат,Б/у
BMW 530,4 150 000 ₸,1995,седан,3,бензин,механика,Б/у
BMW 525,3 500 000 ₸,2001,седан,2.5,бензин,механика,Б/у
BMW X5,38 500 000 ₸,2022,кроссовер,3,бензин,автомат,Б/у
BMW X5,11 000 000 ₸,2010,кроссовер,3,бензин,автомат,Б/у
BMW X5,4 800 000 ₸,2001,кроссовер,4.4,бензин,автомат,Б/у
BMW 528,12 000 000 ₸,2014,седан,2,бензин,автомат,Б/у
BMW 528,11 000 000 ₸,2010,седан,3,бензин,автомат,Б/у
BMW 523,3 000 000 ₸,1996,седан,2.5,бензин,механика,Б/у
BMW 530,18 000 000 ₸,2017,седан,2,бензин,автомат,Б/у
BMW 535,14 500 000 ₸,2014,седан,3,бензин,автомат,Б/у
BMW X6,8 200 000 ₸,2010,кроссовер,4.4,бензин,автомат,Б/у
BMW 535,9 500 000 ₸,2011,лифтбек,3,бензин,автомат,Б/у
BMW 730,1 600 000 ₸,1991,седан,3,бензин,механика,Б/у
BMW 540,4 800 000 ₸,1993,седан,4,бензин,механика,Б/у
BMW X5,16 500 000 ₸,2015,кроссовер,3,бензин,автомат,Б/у
BMW 530,4 200 000 ₸,2000,седан,3,бензин,автомат,Б/у
BMW 316,2 450 000 ₸,2001,седан,1.8,бензин,механика,Б/у
BMW 760,8 000 000 ₸,2006,седан,6,бензин,автомат,Б/у
BMW i4,38 700 000 ₸,2022,лифтбек,эектричество,КПП автомат,с пробегом 19 000 км,Б/у
BMW 523,6 800 000 ₸,2007,седан,2.5,бензин,автомат,Б/у
BMW 520,1 250 000 ₸,1994,седан,2,бензин,механика,Б/у
BMW 525,1 300 000 ₸,1991,седан,2.5,бензин,механика,Б/у
BMW 530,9 500 000 ₸,2010,седан,3,бензин,автомат,Б/у
BMW 318,1 900 000 ₸,1995,купе,1.8,бензин,автомат,Б/у
BMW X3,37 368 421 ₸,2025,кроссовер,2,бензин,автомат,Б/у
BMW 340,14 000 000 ₸,2016,седан,3,бензин,автомат,Б/у
BMW 525,3 500 000 ₸,2001,седан,2.5,бензин,автомат,Б/у
BMW 740,35 400 000 ₸,2021,седан,3,бензин,автомат,Б/у
BMW 528,6 700 000 ₸,2011,седан,3,бензин,автомат,Б/у
BMW X5,7 800 000 ₸,2007,кроссовер,4.8,бензин,автомат,Б/у
BMW X5,52 000 000 ₸,2024,кроссовер,3,бензин,автомат,Б/у
BMW 528,9 500 000 ₸,2015,седан,2,бензин,автомат,Б/у
BMW 328,4 950 000 ₸,2013,седан,2,бензин,автомат,Б/у
BMW 520,850 000 ₸,1994,седан,2,бензин,механика,Б/у
BMW X6,32 000 000 ₸,2020,кроссовер,3,бензин,автомат,Б/у
BMW 320,1 500 000 ₸,1995,седан,2,бензин,автомат,Б/у
BMW 530,17 500 000 ₸,2018,седан,2,бензин,автомат,Б/у
BMW 520,1 200 000 ₸,1995,седан,2,бензин,механика,Б/у
BMW 740,4 300 000 ₸,1994,седан,4,бензин,автомат,Б/у
BMW 540,3 000 000 ₸,1993,седан,4,бензин,механика,Б/у
BMW 525,20 500 000 ₸,2006,седан,2.5,бензин,автомат,Б/у
BMW 840,55 000 000 ₸,2021,седан,3,бензин,автомат,Б/у
BMW X5,12 300 000 ₸,2016,кроссовер,3,бензин,автомат,Б/у
BMW 325,2 800 000 ₸,1991,седан,2.5,бензин,механика,Б/у
BMW X5,43 000 000 ₸,2019,кроссовер,3,бензин,автомат,Б/у
BMW 530,7 500 000 ₸,2007,седан,3,бензин,автомат,Б/у
BMW 520,1 200 000 ₸,1990,седан,2,бензин,механика,Б/у
BMW 325,1 700 000 ₸,1993,седан,2.5,бензин,автомат,Б/у
BMW X6 M,12 000 000 ₸,2011,кроссовер,4.4,бензин,автомат,Б/у
BMW 728,3 000 000 ₸,1996,седан,2.8,бензин,автомат,Б/у
BMW 530,23 500 000 ₸,2023,седан,2,бензин,автомат,Б/у
BMW X7,51 200 000 ₸,2022,кроссовер,3,дизель,автомат,Б/у
BMW 520,8 644 444 ₸,2012,седан,2,бензин,автомат,Б/у
BMW 730,2 900 000 ₸,1994,седан,3,бензин,автомат,Б/у
BMW X3,17 000 000 ₸,2018,кроссовер,2,бензин,автомат,Б/у
BMW X5,12 113 500 ₸,2017,кроссовер,3,бензин,автомат,Б/у
BMW X5,8 000 000 ₸,2007,кроссовер,3,бензин,автомат,Б/у
BMW 535,12 800 000 ₸,2013,седан,3,бензин,автомат,Б/у
BMW X5,6 000 000 ₸,2008,кроссовер,3,бензин,автомат,Б/у
BMW 328,9 500 000 ₸,2012,седан,2,бензин,автомат,Б/у
BMW 525,2 350 000 ₸,1994,седан,2.5,бензин,автомат,Б/у
BMW 530,4 500 000 ₸,2002,седан,2.9,дизель,автомат,Б/у
BMW 325,3 200 000 ₸,2000,седан,2.5,бензин,автомат,Б/у
BMW 528,2 600 000 ₸,1998,седан,2.8,бензин,автомат,Б/у
BMW 528,1 650 000 ₸,1998,седан,2.8,бензин,механика,Б/у
BMW 325,2 000 000 ₸,1992,седан,2.5,бензин,механика,Б/у
BMW X5,6 500 000 ₸,2006,кроссовер,4.4,бензин,автомат,Б/у
BMW 325,3 500 000 ₸,2002,седан,2.5,газ-бензин,вариатор,Б/у
BMW 528,3 800 000 ₸,1995,седан,2.8,бензин,механика,Б/у
BMW X5,40 000 000 ₸,2020,кроссовер,3,бензин,автомат,Б/у
BMW 525,1 000 000 ₸,1998,седан,2.5,бензин,механика,Б/у
BMW 535,11 000 000 ₸,2016,седан,3,бензин,автомат,Б/у
BMW 528,3 000 000 ₸,1997,седан,2.8,бензин,механика,Б/у
BMW 530,4 800 000 ₸,2006,седан,3,бензин,автомат,Б/у
BMW 330,40 000 000 ₸,2023,седан,2,гибрид,автомат,Б/у
BMW X5,29 990 000 ₸,2019,кроссовер,3,бензин,автомат,Б/у
BMW X5,15 300 000 ₸,2014,кроссовер,3,бензин,автомат,Б/у
BMW X3,4 500 000 ₸,2004,кроссовер,3,бензин,механика,Б/у
BMW 316,3 400 000 ₸,1998,седан,1.9,бензин,автомат,Б/у
BMW 730,2 500 000 ₸,1995,седан,3,бензин,автомат,Б/у
BMW X5,11 000 000 ₸,2014,кроссовер,3,бензин,автомат,Б/у
BMW 528,3 400 000 ₸,1998,седан,2.8,бензин,автомат,Б/у
BMW 545,2 300 000 ₸,1994,седан,4.4,бензин,автомат,Б/у
BMW 520,1 600 000 ₸,1990,седан,2,бензин,механика,Б/у
BMW 525,2 200 000 ₸,1994,седан,2.5,бензин,механика,Б/у
BMW X6,8 000 000 ₸,2009,кроссовер,4.4,бензин,автомат,Б/у
BMW X5,58 000 000 ₸,2023,кроссовер,3,бензин,автомат,Б/у
BMW 740,1 000 000 ₸,1994,седан,4.4,бензин,автомат,Б/у
BMW 528,5 000 000 ₸,1986,седан,2.7,бензин,автомат,Б/у
BMW X6,17 000 000 ₸,2017,кроссовер,3,бензин,автомат,Б/у
BMW 525,2 000 000 ₸,1992,седан,2.5,бензин,механика,Б/у
BMW 525,1 500 000 ₸,1992,седан,2.5,бензин,механика,Б/у
BMW X5,12 500 000 ₸,2013,кроссовер,3,бензин,автомат,Б/у
BMW 428,12 500 000 ₸,2016,лифтбек,2,бензин,автомат,Б/у
BMW i3,16 800 000 ₸,2023,седан,эектричество,КПП автомат,с пробегом 40 000 км,Б/у
BMW 520,1 500 000 ₸,1990,седан,2,бензин,механика,Б/у
BMW 530,5 950 000 ₸,2004,седан,3,бензин,автомат,Б/у
BMW 520,23 000 000 ₸,2022,седан,2,бензин,автомат,Б/у
BMW X6,19 500 000 ₸,2016,кроссовер,3,бензин,автомат,Б/у
BMW 316,1 200 000 ₸,1990,седан,1.6,бензин,механика,Б/у
BMW 528,10 000 000 ₸,2010,седан,3,бензин,автомат,Б/у
BMW 525,3 200 000 ₸,1998,седан,2.5,бензин,механика,Б/у
BMW 528,10 700 000 ₸,2012,седан,2,бензин,автомат,Б/у
BMW 330,8 700 000 ₸,2001,универсал,3,бензин,автомат,Б/у
BMW 530,4 800 000 ₸,2001,седан,3,бензин,автомат,Б/у
BMW 530,40 000 000 ₸,2024,седан,2,бензин,автомат,Б/у
BMW 728,3 700 000 ₸,1997,седан,2.8,бензин,автомат,Б/у
BMW X5,15 500 000 ₸,2017,кроссовер,3,бензин,автомат,Б/у
BMW X5,11 500 000 ₸,2013,кроссовер,3,бензин,автомат,Б/у
BMW 318,200 000 ₸,1991,седан,1.8,бензин,механика,Б/у
BMW X5,37 000 000 ₸,2021,кроссовер,3,бензин,автомат,Б/у
BMW 523,2 950 000 ₸,1997,седан,2.5,бензин,автомат,Б/у
BMW X5,10 500 000 ₸,2015,кроссовер,3,бензин,автомат,Б/у
BMW 318,5 300 000 ₸,2009,седан,2,бензин,автомат,Б/у
BMW X5,7 500 000 ₸,2004,кроссовер,3,бензин,автомат,Б/у
BMW X5,5 900 000 ₸,2002,кроссовер,3,бензин,автомат,Б/у
BMW 520,1 500 000 ₸,1993,седан,2,бензин,механика,Б/у
BMW 530,25 200 000 ₸,2019,седан,2,бензин,автомат,Б/у
BMW 525,3 200 000 ₸,2000,седан,2.5,бензин,автомат,Б/у
BMW X6,5 500 000 ₸,2011,кроссовер,3,дизель,автомат,Б/у
BMW 525,5 700 000 ₸,1996,седан,2.5,бензин,автомат,Б/у
BMW X7,66 000 000 ₸,2024,кроссовер,3,бензин,автомат,Б/у
BMW 320,1 250 000 ₸,1993,седан,2,бензин,механика,Б/у
BMW X5,43 000 000 ₸,2021,кроссовер,3,бензин,автомат,Б/у
BMW 550,14 500 000 ₸,2013,седан,4.4,бензин,автомат,Б/у
BMW X5,7 200 000 ₸,2005,кроссовер,4.8,бензин,автомат,Б/у
BMW 318,2 500 000 ₸,1981,седан,1.8,бензин,механика,Б/у
BMW 745,2 100 000 ₸,2002,седан,4.4,бензин,автомат,Б/у
BMW 530,6 000 000 ₸,2006,седан,3,бензин,механика,Б/у
BMW 535,15 000 000 ₸,2012,седан,3,дизель,автомат,Б/у
BMW 535,3 000 000 ₸,1997,седан,3.5,бензин,автомат,Б/у
BMW 530,3 000 000 ₸,1993,седан,3,бензин,механика,Б/у
BMW 525,2 700 000 ₸,1998,седан,2.5,бензин,механика,Б/у
BMW M5,88 000 000 ₸,2021,седан,4.4,бензин,автомат,Б/у
BMW 520,1 000 000 ₸,1992,седан,2,бензин,механика,Б/у
BMW 540,5 500 000 ₸,1994,седан,4,бензин,механика,Б/у
BMW 328,1 700 000 ₸,1992,седан,2.8,бензин,механика,Б/у
BMW X5,6 900 000 ₸,2002,кроссовер,4.6,бензин,автомат,Б/у
BMW X5,11 250 000 ₸,2012,кроссовер,3,бензин,автомат,Б/у
BMW 528,2 100 000 ₸,1993,седан,2.8,бензин,механика,Б/у
BMW X5,32 000 000 ₸,2021,кроссовер,3,бензин,автомат,Б/у
BMW 525,1 100 000 ₸,1990,седан,2.5,бензин,механика,Б/у
BMW 5 серия,24 000 000 ₸,2020,седан,2,бензин,автомат,Б/у
BMW 530,6 000 000 ₸,2001,универсал,2.9,дизель,механика,Б/у
BMW X5,8 200 000 ₸,2004,кроссовер,3,бензин,автомат,Б/у
BMW 530,6 000 000 ₸,2003,седан,3,бензин,механика,Б/у
BMW 330,4 300 000 ₸,2000,седан,3,бензин,автомат,Б/у
BMW X7,46 000 000 ₸,2021,кроссовер,3,бензин,Правый руль,Б/у
BMW 520,2 700 000 ₸,1996,седан,2,бензин,автомат,Б/у
BMW 530,14 700 000 ₸,2017,седан,2,бензин,автомат,Б/у
BMW 520,1 500 000 ₸,1989,седан,2,бензин,механика,Б/у
BMW 520,2 300 000 ₸,1997,седан,2,бензин,механика,Б/у
BMW 528,2 500 000 ₸,1998,универсал,2.8,бензин,механика,Б/у
BMW 730,2 100 000 ₸,1995,седан,3,бензин,автомат,Б/у
BMW 525,4 850 000 ₸,1994,седан,2.5,бензин,механика,Б/у
BMW 520,1 201 782 ₸,1991,седан,2,бензин,механика,Б/у
BMW 318,900 000 ₸,1994,седан,1.8,бензин,автомат,Б/у
BMW X6,10 700 000 ₸,2011,кроссовер,3,бензин,автомат,Б/у
BMW 525,2 900 000 ₸,1996,седан,2.5,бензин,Правый руль,Б/у
BMW X5,5 500 000 ₸,2003,кроссовер,3,бензин,автомат,Б/у
BMW 520,1 400 000 ₸,1993,седан,2,бензин,механика,Б/у
BMW 530,2 800 000 ₸,1993,седан,3,бензин,механика,Б/у
BMW 528,11 000 000 ₸,2014,седан,2,бензин,автомат,Б/у
BMW 525,2 300 000 ₸,1994,седан,2.5,бензин,автомат,Б/у
BMW 525,2 900 000 ₸,2000,седан,2.5,бензин,автомат,Б/у
BMW X7,37 200 000 ₸,2021,кроссовер,3,бензин,автомат,Б/у
BMW 525,2 800 000 ₸,1995,седан,2.5,бензин,автомат,Б/у
BMW 320,23 500 000 ₸,2022,седан,2,бензин,автомат,Б/у
BMW X5,3 700 000 ₸,2001,кроссовер,3,бензин,автомат,Б/у
BMW X5,8 800 000 ₸,2006,кроссовер,3,бензин,автомат,Б/у
BMW 530,30 000 000 ₸,На заказ,г.,Б/у седан,2 л,бензин,2024
BMW X5,15 000 000 ₸,2016,кроссовер,3,бензин,автомат,Б/у
BMW 520,600 000 ₸,1992,седан,2,бензин,механика,Б/у
BMW X5,9 450 000 ₸,2009,кроссовер,3,бензин,автомат,Б/у
BMW 320,19 000 000 ₸,2021,седан,2,бензин,автомат,Б/у
BMW X5,35 000 000 ₸,2019,кроссовер,3,бензин,автомат,Б/у
BMW 520,2 800 000 ₸,1995,универсал,2,бензин,механика,Б/у
BMW 528,10 000 000 ₸,2010,седан,3,бензин,автомат,Б/у
BMW 116,3 200 000 ₸,2010,хэтчбек,1.6,бензин,Правый руль,Б/у
BMW 320,1 600 000 ₸,1989,седан,2,бензин,механика,Б/у
BMW X5,5 500 000 ₸,2003,кроссовер,3,бензин,автомат,Б/у
BMW 520,1 200 000 ₸,1991,седан,2,бензин,механика,Б/у
BMW 735,3 190 277 ₸,1996,седан,3.5,бензин,автомат,Б/у
BMW X5,5 000 000 ₸,2001,кроссовер,4.4,бензин,автомат,Б/у
BMW X5,10 600 000 ₸,2013,кроссовер,3,бензин,автомат,Б/у
BMW 650,6 500 000 ₸,2005,купе,4.8,бензин,автомат,Б/у
BMW X7,45 000 000 ₸,2021,кроссовер,3,бензин,автомат,Б/у
BMW X5 M,17 000 000 ₸,2012,кроссовер,4.4,бензин,автомат,Б/у
BMW 325,3 100 000 ₸,1999,седан,2.5,бензин,автомат,Б/у
BMW 520,1 300 000 ₸,1997,седан,2,бензин,механика,Б/у
BMW X5,14 000 000 ₸,2017,кроссовер,3,бензин,автомат,Б/у
BMW X6,7 000 000 ₸,2009,кроссовер,4.4,бензин,автомат,Б/у
BMW 735,4 500 000 ₸,2002,седан,3.6,бензин,автомат,Б/у
BMW 320,30 000 000 ₸,2023,седан,2,бензин,автомат,новый
BMW i3,7 000 000 ₸,2016,хэтчбек,эектричество,КПП автомат,с пробегом 95 000 км,Б/у
BMW 525,1 000 000 ₸,1991,седан,2.5,бензин,механика,Б/у
BMW 520,1 300 000 ₸,1990,седан,2,бензин,механика,Б/у
BMW 520,1 900 000 ₸,1995,седан,2,бензин,механика,Б/у
BMW 525,1 800 000 ₸,1990,седан,2.5,бензин,механика,Б/у
BMW 320,10 000 000 ₸,2019,седан,2,бензин,автомат,Б/у
BMW X6,18 500 000 ₸,2016,кроссовер,3,бензин,автомат,Б/у
BMW X6,42 000 000 ₸,2021,кроссовер,3,бензин,автомат,Б/у
BMW X5,8 000 000 ₸,2005,кроссовер,4.4,бензин,автомат,Б/у
BMW 520,5 000 000 ₸,2003,седан,2.2,бензин,автомат,Б/у
BMW 328,6 400 000 ₸,2012,седан,2,бензин,автомат,Б/у
BMW 318,900 000 ₸,1991,седан,1.8,бензин,механика,Б/у
BMW X5 M60i,86 626 014 ₸,2025,кроссовер,4.4,бензин,автомат,новый
BMW 520,1 200 000 ₸,1990,седан,2,бензин,механика,Б/у
BMW 525,2 650 000 ₸,1993,седан,2.5,бензин,механика,Б/у
BMW M5,98 900 000 ₸,2025,седан,4.4,гибрид,автомат,Б/у
BMW 728,3 100 000 ₸,1997,седан,2.8,бензин,автомат,Б/у
BMW 328,4 500 000 ₸,1998,седан,2.8,бензин,автомат,Б/у
BMW X5,7 000 000 ₸,2013,кроссовер,3,бензин,автомат,Б/у
BMW X5,6 700 000 ₸,2002,кроссовер,3,бензин,автомат,Б/у
BMW X5,33 000 000 ₸,2019,кроссовер,3,бензин,автомат,Б/у
BMW 528,3 500 000 ₸,1997,седан,2.8,бензин,автомат,Б/у
BMW 520,1 700 000 ₸,1990,седан,2,бензин,механика,Б/у
BMW X7,61 000 000 ₸,2024,кроссовер,3,бензин,автомат,Б/у
BMW X5,40 000 000 ₸,2022,кроссовер,3,дизель,автомат,Б/у
BMW X6,9 100 000 ₸,2009,кроссовер,3,бензин,автомат,Б/у
BMW 528,1 700 000 ₸,1997,седан,2.8,бензин,механика,Б/у
BMW X5,3 500 000 ₸,2003,кроссовер,3,бензин,автомат,Б/у
BMW 325,2 000 000 ₸,1989,седан,2.5,бензин,механика,Б/у
BMW 318,1 650 000 ₸,1994,седан,1.8,бензин,механика,Б/у
BMW 535,8 300 000 ₸,2015,седан,3,бензин,автомат,Б/у
BMW 530,40 000 000 ₸,2024,седан,2,бензин,автомат,Б/у
BMW X5,32 000 000 ₸,2022,кроссовер,3,бензин,автомат,Б/у
BMW 730,1 500 000 ₸,1995,седан,3,бензин,автомат,Б/у
BMW 523,2 350 000 ₸,1997,седан,2.5,бензин,автомат,Б/у
BMW 525,2 500 000 ₸,1992,седан,2.5,бензин,автомат,Б/у
BMW 525,1 350 000 ₸,1993,седан,2.5,бензин,механика,Б/у
BMW 525,3 200 000 ₸,На заказ,г.,Б/у седан,2.5 л,бензин,1991
BMW 530,21 500 000 ₸,2022,седан,2,бензин,автомат,Б/у
BMW X3,9 800 000 ₸,2014,кроссовер,2,бензин,автомат,Б/у
BMW 528,8 000 000 ₸,2011,седан,2,бензин,автомат,Б/у
BMW 530,3 200 000 ₸,2003,седан,3,бензин,автомат,Б/у
BMW 520,1 050 000 ₸,1991,седан,2,бензин,механика,Б/у
BMW X6,19 500 000 ₸,2017,кроссовер,3,бензин,автомат,Б/у
BMW X5,7 500 000 ₸,2011,кроссовер,3,бензин,автомат,Б/у
BMW 728,4 000 000 ₸,1997,седан,2.8,бензин,автомат,Б/у
BMW 525,3 200 000 ₸,1996,седан,2.5,бензин,автомат,Б/у
BMW X5,17 500 000 ₸,2018,кроссовер,3,бензин,автомат,Б/у
BMW 535,12 300 000 ₸,2011,седан,3,бензин,автомат,Б/у
BMW X5,16 800 000 ₸,2016,кроссовер,3,бензин,автомат,Б/у
BMW 528,3 500 000 ₸,1996,седан,2.8,бензин,автомат,Б/у
BMW 730,2 700 000 ₸,1994,седан,3,бензин,автомат,Б/у
BMW 525,1 500 000 ₸,1993,седан,2.5,бензин,механика,Б/у
BMW X6,10 500 000 ₸,2009,кроссовер,3,бензин,автомат,Б/у
BMW X5,8 000 000 ₸,2004,кроссовер,3,бензин,автомат,Б/у
BMW 525,1 000 000 ₸,1981,седан,2.5,бензин,механика,Б/у
BMW 328,5 150 000 ₸,1998,седан,2.8,бензин,автомат,Б/у
BMW X6,9 700 000 ₸,2010,кроссовер,3,дизель,автомат,Б/у
BMW 525,1 350 000 ₸,1993,седан,2.5,бензин,механика,Б/у
BMW 340,33 000 000 ₸,2023,седан,3,бензин,автомат,Б/у
BMW X5,55 000 000 ₸,На заказ,г.,Б/у кроссовер,3 л,бензин,2024
BMW 325,650 000 ₸,1992,седан,2.5,бензин,механика,Б/у
BMW 335,13 500 000 ₸,2014,седан,3,бензин,автомат,Б/у
BMW X5,31 000 000 ₸,2019,кроссовер,3,бензин,автомат,Б/у
BMW 325,2 500 000 ₸,1994,купе,2.5,бензин,механика,Б/у
BMW 530,4 900 000 ₸,2002,седан,3,бензин,автомат,Б/у
BMW 525,1 000 000 ₸,1991,седан,2.5,бензин,механика,Б/у
BMW X7,48 000 000 ₸,2021,кроссовер,3,бензин,автомат,Б/у
BMW 535,8 500 000 ₸,2014,седан,3,бензин,автомат,Б/у
BMW X5,31 000 000 ₸,2019,кроссовер,3,бензин,автомат,Б/у
BMW X5,4 500 000 ₸,1999,кроссовер,4.4,бензин,автомат,Б/у
BMW 320,7 900 000 ₸,2016,седан,2,бензин,автомат,Б/у
BMW 520,1 350 000 ₸,1992,седан,2,бензин,механика,Б/у
BMW X7,88 639 091 ₸,2025,кроссовер,3,бензин,автомат,новый
BMW 740,9 700 000 ₸,2008,седан,3,бензин,автомат,Б/у
BMW 530,20 000 000 ₸,2020,седан,2,бензин,автомат,Б/у
BMW X5,5 430 000 ₸,2001,кроссовер,3,бензин,автомат,Б/у
BMW 328,7 000 000 ₸,2009,седан,3,бензин,автомат,Б/у
BMW X5,16 500 000 ₸,2015,кроссовер,3,бензин,автомат,Б/у
BMW 730,900 000 ₸,1992,седан,3,бензин,автомат,Б/у
BMW X5,6 500 000 ₸,2004,кроссовер,4.8,бензин,автомат,Б/у
BMW X5,17 800 000 ₸,2016,кроссовер,3,бензин,автомат,Б/у
BMW 116,2 000 000 ₸,2004,хэтчбек,1.6,бензин,механика,Б/у
BMW X5,22 000 000 ₸,2016,кроссовер,3,бензин,автомат,Б/у
BMW 318,1 000 000 ₸,1995,седан,1.8,бензин,механика,Б/у
BMW 525,1 854 213 ₸,1995,седан,2.5,бензин,механика,Б/у
BMW 520,1 450 000 ₸,1992,седан,2,бензин,автомат,Б/у
BMW 740,38 000 000 ₸,2021,седан,3,бензин,автомат,Б/у
BMW 318,6 300 000 ₸,2007,седан,2,бензин,автомат,Б/у
BMW 528,2 300 000 ₸,1996,седан,2.8,бензин,автомат,Б/у
BMW 530,4 900 000 ₸,2000,седан,3,бензин,автомат,Б/у
BMW 525,1 250 000 ₸,1994,седан,2.5,бензин,механика,Б/у
BMW 730,3 300 000 ₸,1997,седан,3,бензин,автомат,Б/у
BMW 530,17 000 000 ₸,2017,седан,2,бензин,автомат,Б/у
BMW 540,3 600 000 ₸,1993,седан,4,бензин,механика,Б/у
BMW 318,11 000 000 ₸,2017,седан,1.5,бензин,автомат,Б/у
BMW X6,10 000 000 ₸,2008,кроссовер,3,бензин,автомат,Б/у
BMW X5,7 500 000 ₸,2007,кроссовер,3,газ-бензин,автомат,Б/у
BMW X6 M,25 000 000 ₸,2015,кроссовер,4.4,бензин,автомат,Б/у
BMW X5 M,12 500 000 ₸,2009,кроссовер,4.4,бензин,автомат,Б/у
BMW X7,63 000 000 ₸,2022,кроссовер,3,бензин,автомат,Б/у
BMW 730,2 600 000 ₸,1995,седан,3,бензин,автомат,Б/у
BMW 740,1 800 000 ₸,1995,седан,4.4,бензин,автомат,Б/у
BMW 530,5 000 000 ₸,2002,седан,3,бензин,автомат,Б/у
BMW 525,1 450 000 ₸,1990,седан,2.5,бензин,механика,Б/у
BMW 520,1 300 000 ₸,1993,седан,2,бензин,Правый руль,Б/у
BMW 530,6 300 000 ₸,2006,седан,3,бензин,автомат,Б/у
BMW 316,1 300 000 ₸,1993,седан,1.6,бензин,механика,Б/у
BMW 530,6 990 000 ₸,2003,седан,3,бензин,автомат,Б/у
BMW 530,26 000 000 ₸,2022,седан,2,бензин,автомат,Б/у
BMW 318,1 300 000 ₸,1993,седан,1.8,бензин,механика,Б/у
BMW 520,800 000 ₸,На заказ,г.,Б/у седан,2 л,бензин,1991
BMW 525,4 300 000 ₸,2001,седан,2.5,бензин,автомат,Б/у
BMW 530,39 890 000 ₸,2024,седан,2,бензин,автомат,Б/у
BMW X5,44 000 000 ₸,2022,кроссовер,4.4,бензин,автомат,Б/у
BMW 5 серия,27 000 000 ₸,2023,седан,2,бензин,автомат,Б/у
BMW X3,36 500 000 ₸,2025,кроссовер,2,гибрид,автомат,Б/у
BMW 520,3 800 000 ₸,2000,седан,2.5,бензин,автомат,Б/у
BMW 528,9 800 000 ₸,2010,седан,3,бензин,автомат,Б/у
BMW 320,5 500 000 ₸,1990,купе,2,бензин,механика,Б/у
BMW 740,6 500 000 ₸,2005,седан,4,бензин,автомат,Б/у
BMW 325,8 000 000 ₸,2010,седан,3,бензин,автомат,Б/у
BMW 528,2 500 000 ₸,1998,седан,2.8,газ-бензин,автомат,Б/у
BMW 520,1 700 000 ₸,1991,седан,2,бензин,механика,Б/у
BMW 740,7 000 000 ₸,2005,седан,4,бензин,автомат,Б/у
BMW 325,2 300 000 ₸,1987,купе,2.5,бензин,механика,Б/у
BMW 316,900 000 ₸,1994,седан,1.6,бензин,механика,Б/у
BMW 323,3 800 000 ₸,1999,седан,2.5,бензин,автомат,Б/у
BMW 640,12 200 000 ₸,2014,седан,3,бензин,автомат,Б/у
BMW 520,950 000 ₸,1992,седан,2,бензин,механика,Б/у
BMW 528,4 500 000 ₸,1997,седан,2.8,бензин,автомат,Б/у
BMW 525,1 888 000 ₸,1997,седан,2.5,бензин,механика,Б/у
BMW 525,3 800 000 ₸,1995,седан,2.5,бензин,автомат,Б/у
BMW 335,14 999 000 ₸,2014,седан,3,бензин,автомат,Б/у
BMW X6,14 000 000 ₸,2017,кроссовер,3,бензин,автомат,Б/у
BMW 530,17 500 000 ₸,2017,седан,2,бензин,автомат,Б/у
BMW X3,4 700 000 ₸,2004,кроссовер,3,бензин,автомат,Б/у
BMW 525,1 200 000 ₸,1991,седан,2.5,бензин,механика,Б/у
BMW X5,6 000 000 ₸,2001,кроссовер,4.4,бензин,автомат,Б/у
BMW X5,13 500 000 ₸,2016,кроссовер,3,бензин,автомат,Б/у
BMW X5,13 500 000 ₸,2015,кроссовер,3,бензин,автомат,Б/у
BMW 530,13 500 000 ₸,2018,седан,2,бензин,автомат,Б/у
BMW 728,3 200 000 ₸,1998,седан,2.8,бензин,автомат,Б/у
BMW 330,8 600 000 ₸,2003,купе,3,бензин,механика,Б/у
BMW 523,2 550 000 ₸,1996,седан,2.5,бензин,механика,Б/у
BMW X6,16 000 000 ₸,2013,кроссовер,3,бензин,автомат,Б/у
BMW 525,1 300 000 ₸,1992,седан,2.5,бензин,механика,Б/у
BMW X5,4 900 000 ₸,2003,кроссовер,4.4,бензин,автомат,Б/у
BMW 340,26 500 000 ₸,2020,седан,3,бензин,автомат,Б/у
BMW X5,15 500 000 ₸,2016,кроссовер,3,бензин,автомат,Б/у
BMW 320,4 000 000 ₸,2002,седан,2.2,бензин,автомат,Б/у
BMW X6,8 300 000 ₸,2008,кроссовер,3,бензин,автомат,Б/у
BMW X6,13 800 000 ₸,2015,кроссовер,3,бензин,автомат,Б/у
BMW X6,45 900 000 ₸,2022,кроссовер,3,бензин,автомат,Б/у
BMW 525,1 100 000 ₸,1991,седан,2.5,бензин,механика,Б/у
BMW X5,9 200 000 ₸,2008,кроссовер,3,бензин,автомат,Б/у
BMW 5 серия,21 500 000 ₸,2023,седан,2,бензин,автомат,Б/у
BMW 328,2 800 000 ₸,1995,седан,2.8,бензин,механика,Б/у
BMW 523,2 200 000 ₸,1996,седан,2.5,бензин,механика,Б/у
BMW 320,1 900 000 ₸,1995,седан,2,бензин,Правый руль,Б/у
BMW 525,6 000 000 ₸,2003,седан,2.5,бензин,автомат,Б/у
BMW X6 XDrive 40i,74 148 302 ₸,2025,кроссовер,3,бензин,автомат,новый
BMW 520,2 300 000 ₸,На заказ,г.,Б/у седан,2 л,бензин,1996
BMW 745,3 650 000 ₸,2002,седан,4.4,бензин,автомат,Б/у
BMW 528,11 700 000 ₸,2014,седан,2,бензин,автомат,Б/у
BMW 318,3 500 000 ₸,2002,седан,2,бензин,механика,Б/у
BMW 525,4 000 000 ₸,2002,седан,2.5,бензин,автомат,Б/у
BMW 640,15 000 000 ₸,2014,седан,3,бензин,автомат,Б/у
BMW X5,5 000 000 ₸,2000,кроссовер,3,бензин,автомат,Б/у
BMW X5,32 500 000 ₸,2022,кроссовер,3,гибрид,автомат,Б/у
BMW 530,30 000 000 ₸,2022,седан,2,бензин,автомат,Б/у
BMW 520,16 500 000 ₸,2017,седан,2,дизель,автомат,Б/у
BMW 530,13 500 000 ₸,2018,седан,2,бензин,автомат,Б/у
BMW X5,5 200 000 ₸,2001,кроссовер,3,бензин,автомат,Б/у
BMW M5,23 000 000 ₸,2014,седан,4.4,бензин,робот,Б/у
BMW X5,6 300 000 ₸,2003,кроссовер,3,бензин,автомат,Б/у
BMW X5,27 000 000 ₸,2019,кроссовер,3,бензин,автомат,Б/у
BMW 540,20 000 000 ₸,2017,седан,3,бензин,автомат,Б/у
BMW 535,15 500 000 ₸,2014,седан,3,бензин,автомат,Б/у
BMW X3 M,41 170 000 ₸,На заказ,г.,новый кроссовер,3 л,бензин,2026
BMW 325,3 000 000 ₸,2000,универсал,2.5,бензин,автомат,Б/у
BMW 525,2 900 000 ₸,На заказ,г.,Б/у седан,2.5 л,бензин,1989
BMW 528,10 700 000 ₸,2009,седан,3,бензин,автомат,Б/у
BMW 5 серия,25 000 000 ₸,2021,седан,2,бензин,автомат,Б/у
BMW 320,800 000 ₸,1992,седан,2,бензин,механика,Б/у
BMW 525,2 300 000 ₸,1991,седан,2.5,бензин,механика,Б/у
BMW X6 M,16 500 000 ₸,2011,кроссовер,4.4,бензин,автомат,Б/у
BMW 728,4 000 000 ₸,1999,седан,2.8,бензин,автомат,Б/у
BMW 728,4 000 000 ₸,1999,седан,2.8,бензин,автомат,Б/у
BMW 728,2 800 000 ₸,1996,седан,2.8,бензин,автомат,Б/у
BMW 740,20 000 000 ₸,2016,седан,3,бензин,автомат,Б/у
BMW 528,4 000 000 ₸,1995,седан,2.8,бензин,механика,Б/у
BMW 318,1 600 000 ₸,1993,седан,1.8,бензин,автомат,Б/у
BMW 525,7 000 000 ₸,2004,седан,2.5,бензин,автомат,Б/у
BMW 525,5 200 000 ₸,2007,седан,2.5,бензин,автомат,Б/у
BMW X5,9 500 000 ₸,2007,кроссовер,4.8,бензин,автомат,Б/у
BMW X6,31 000 000 ₸,2021,кроссовер,3,дизель,автомат,Б/у
BMW X5,11 000 000 ₸,2011,кроссовер,3,дизель,автомат,Б/у
BMW X3 XDrive 20,50 287 092 ₸,2025,кроссовер,2,гибрид,автомат,новый
BMW 740,1 900 000 ₸,1995,седан,4.4,бензин,автомат,Б/у
BMW 528,4 000 000 ₸,1996,седан,2.8,бензин,автомат,Б/у
BMW 530,8 000 000 ₸,2003,седан,3,бензин,автомат,Б/у
BMW 728,1 200 000 ₸,1996,седан,2.8,бензин,автомат,Б/у
BMW 520,550 000 ₸,1981,седан,2,бензин,механика,Б/у
BMW 320,31 000 000 ₸,2025,седан,2,бензин,автомат,Б/у
BMW X7,31 000 000 ₸,2019,кроссовер,3,бензин,автомат,Б/у
BMW 728,1 100 000 ₸,1996,седан,2.8,бензин,автомат,Б/у
BMW 520,26 500 000 ₸,2021,седан,2,бензин,автомат,Б/у
BMW 525,3 600 000 ₸,1994,седан,2.5,бензин,механика,Б/у
BMW 528,2 600 000 ₸,1997,седан,2.8,бензин,автомат,Б/у
BMW X5,5 500 000 ₸,2001,кроссовер,3,бензин,автомат,Б/у
BMW X7 XDrive 40i,81 461 737 ₸,2025,кроссовер,3,бензин,автомат,новый
BMW X6,68 500 000 ₸,2024,кроссовер,3,бензин,автомат,Б/у
BMW X5,15 500 000 ₸,2015,кроссовер,3,бензин,автомат,Б/у
BMW X5,7 000 000 ₸,2003,кроссовер,3,бензин,автомат,Б/у
BMW 850,73 000 000 ₸,2020,купе,4.4,бензин,автомат,Б/у
BMW 528,2 600 000 ₸,1997,седан,2.8,бензин,автомат,Б/у
BMW 320,9 500 000 ₸,2009,кабриолет,2,бензин,автомат,Б/у
BMW X3,17 000 000 ₸,2018,кроссовер,2,бензин,автомат,Б/у
BMW 325,3 700 000 ₸,2001,седан,2.5,бензин,автомат,Б/у
BMW X5,15 000 000 ₸,2013,кроссовер,4.4,бензин,автомат,Б/у
BMW 520,1 300 000 ₸,1995,седан,2,бензин,механика,Б/у
BMW 528,2 600 000 ₸,1997,седан,2.8,бензин,автомат,Б/у
BMW 520,1 500 000 ₸,1991,седан,2,бензин,механика,Б/у
BMW 740,9 500 000 ₸,2008,седан,3,бензин,автомат,Б/у
BMW 520,700 000 ₸,1992,седан,2,бензин,механика,Б/у
BMW X6,26 000 000 ₸,2017,кроссовер,3,дизель,автомат,Б/у
BMW X5,40 000 000 ₸,2021,кроссовер,3,бензин,автомат,Б/у
BMW M5,99 000 000 ₸,2025,седан,4.4,гибрид,автомат,Б/у
BMW 535,9 500 000 ₸,2016,седан,3,бензин,автомат,Б/у
BMW 528,7 000 000 ₸,2013,седан,2,бензин,автомат,Б/у
BMW 528,2 600 000 ₸,1997,седан,2.8,бензин,автомат,Б/у
BMW 520,1 000 000 ₸,1994,седан,2,бензин,механика,Б/у
BMW 735,4 200 000 ₸,1994,седан,3,газ-бензин,автомат,Б/у
BMW X5,5 000 000 ₸,2003,кроссовер,4.4,бензин,автомат,Б/у
BMW 525,800 000 ₸,1990,седан,2.5,бензин,механика,Б/у
BMW 535,13 500 000 ₸,2015,седан,3,бензин,автомат,Б/у
BMW M5,40 000 000 ₸,2019,седан,4.4,бензин,автомат,Б/у
BMW 530,3 800 000 ₸,1993,седан,3,бензин,механика,Б/у
BMW 530,12 300 000 ₸,2017,седан,2,бензин,автомат,Б/у
BMW 528,5 000 000 ₸,1983,седан,2.7,бензин,механика,Б/у
BMW 528,5 000 000 ₸,2009,седан,3,бензин,автомат,Б/у
BMW 528,2 500 000 ₸,1998,седан,2.8,бензин,механика,Б/у
BMW 525,2 300 000 ₸,1990,седан,2.5,бензин,механика,Б/у
BMW X5,11 200 000 ₸,2013,кроссовер,3,бензин,автомат,Б/у
BMW 520,10 500 000 ₸,2013,седан,2,бензин,автомат,Б/у
BMW 528,2 500 000 ₸,1996,седан,2.8,бензин,автомат,Б/у
BMW 318,500 000 ₸,1989,седан,1.8,бензин,механика,Б/у
BMW X7,38 000 000 ₸,2019,кроссовер,3,бензин,автомат,Б/у
BMW X5,13 200 000 ₸,2012,кроссовер,3,бензин,автомат,Б/у
BMW 530,2 800 000 ₸,1992,седан,3,бензин,механика,Б/у
BMW 525,1 900 000 ₸,1991,седан,2.5,бензин,механика,Б/у
BMW 340,4 500 000 ₸,1996,седан,4.3,бензин,механика,Б/у
BMW 525,3 500 000 ₸,2002,седан,2.5,бензин,автомат,Б/у
BMW 528,12 500 000 ₸,2014,седан,2,бензин,автомат,Б/у
BMW X5,10 000 000 ₸,2009,кроссовер,3,дизель,автомат,Б/у
BMW X7,37 900 000 ₸,2020,кроссовер,3,бензин,автомат,Б/у
BMW 745,800 000 ₸,2005,седан,4.4,бензин,автомат,Б/у
BMW 520,1 500 000 ₸,1991,седан,2,бензин,механика,Б/у
BMW 525,2 200 000 ₸,1994,седан,2.5,бензин,механика,Б/у
BMW X5,9 300 000 ₸,2008,кроссовер,4.8,бензин,автомат,Б/у
BMW 520,4 400 000 ₸,2002,седан,2.2,бензин,автомат,Б/у
BMW 530,3 800 000 ₸,2000,седан,3,бензин,механика,Б/у
BMW X6,19 900 000 ₸,2015,кроссовер,3,бензин,автомат,Б/у
BMW 525,6 200 000 ₸,2001,универсал,2.5,бензин,автомат,Б/у
BMW 525,1 600 000 ₸,1991,седан,2.5,бензин,механика,Б/у
BMW 320,1 070 000 ₸,1994,седан,2,бензин,автомат,Б/у
BMW 740,8 000 000 ₸,2010,седан,3,бензин,автомат,Б/у
BMW 320,3 800 000 ₸,1981,седан,2,бензин,механика,Б/у
BMW 520,23 900 000 ₸,2022,седан,2,бензин,автомат,Б/у
BMW X5,9 300 000 ₸,2004,кроссовер,3,дизель,автомат,Б/у
BMW 525,4 800 000 ₸,2002,универсал,2.5,бензин,автомат,Б/у
BMW 528,4 200 000 ₸,1999,седан,2.8,бензин,автомат,Б/у
BMW X5,26 500 000 ₸,2020,кроссовер,3,бензин,автомат,Б/у
BMW 750,10 000 000 ₸,2009,седан,4.4,бензин,автомат,Б/у
BMW 528,2 000 000 ₸,1996,седан,2.8,бензин,автомат,Б/у
BMW X5,6 950 000 ₸,2013,кроссовер,3,бензин,автомат,Б/у
BMW 528,1 800 000 ₸,1997,седан,2.8,бензин,автомат,Б/у
BMW 525,1 600 000 ₸,1992,седан,2.5,бензин,механика,Б/у
BMW 325,7 200 000 ₸,2007,седан,2.5,бензин,автомат,Б/у
BMW 535,7 500 000 ₸,2014,седан,3,бензин,автомат,Б/у
BMW X5,32 000 000 ₸,2019,кроссовер,3,бензин,автомат,Б/у
BMW 325,2 000 000 ₸,1995,седан,2.5,бензин,автомат,Б/у
BMW 520,1 000 000 ₸,1991,седан,2,бензин,механика,Б/у
BMW 330,4 700 000 ₸,1996,седан,3.2,бензин,механика,Б/у
BMW X5,32 000 000 ₸,2021,кроссовер,3,бензин,автомат,Б/у
BMW 520,1 700 000 ₸,1997,седан,2,бензин,механика,Б/у
BMW 535,8 888 888 ₸,2011,седан,3,бензин,автомат,Б/у
BMW 535,13 500 000 ₸,2015,седан,3,бензин,автомат,Б/у
BMW 730,3 000 000 ₸,1996,седан,3,бензин,автомат,Б/у
BMW X3,10 000 000 ₸,2011,кроссовер,3,бензин,автомат,Б/у
BMW X5,8 500 000 ₸,2009,кроссовер,3,бензин,автомат,Б/у
BMW 525,1 400 000 ₸,1991,седан,2.5,бензин,механика,Б/у
BMW X5,5 000 000 ₸,2003,кроссовер,3,бензин,автомат,Б/у
BMW 730,1 500 000 ₸,1990,седан,3,бензин,механика,Б/у
BMW 530,6 000 000 ₸,2002,седан,3,бензин,автомат,Б/у
BMW X7,48 000 000 ₸,2021,кроссовер,3,бензин,автомат,Б/у
BMW 320,2 000 000 ₸,1992,купе,2,бензин,механика,Б/у
BMW 740,3 100 000 ₸,1995,седан,4.4,бензин,автомат,Б/у
BMW 330,4 700 000 ₸,2001,седан,3,бензин,автомат,Б/у
BMW M5,22 500 000 ₸,2012,седан,4.4,бензин,робот,Б/у
BMW 520,3 500 000 ₸,1993,седан,2,бензин,механика,Б/у
BMW 525,1 555 000 ₸,1994,седан,2.5,бензин,механика,Б/у
BMW 740,3 990 000 ₸,2001,седан,4.4,бензин,автомат,Б/у
BMW X5,10 000 000 ₸,2013,кроссовер,3,бензин,автомат,Б/у
BMW 318,3 700 000 ₸,2002,седан,2,бензин,механика,Б/у
BMW 530,38 500 000 ₸,2023,седан,2,бензин,автомат,Б/у
BMW X5,11 000 000 ₸,2007,кроссовер,4.8,бензин,автомат,Б/у
BMW 523,2 300 000 ₸,1998,седан,2.5,бензин,автомат,Б/у
BMW 318,1 500 000 ₸,1995,седан,1.8,бензин,автомат,Б/у
BMW X5,8 500 000 ₸,2007,кроссовер,3,бензин,автомат,Б/у
BMW 540,7 500 000 ₸,1998,седан,4.4,бензин,автомат,Б/у
BMW X7,40 000 000 ₸,2019,кроссовер,3,бензин,автомат,Б/у
BMW 730,3 800 000 ₸,2006,седан,3,дизель,автомат,Б/у
BMW X5,5 900 000 ₸,2004,кроссовер,3,бензин,автомат,Б/у
BMW 550,8 000 000 ₸,2013,седан,4.4,бензин,автомат,Б/у
BMW X7,56 000 000 ₸,2021,кроссовер,4.4,бензин,автомат,Б/у
BMW 525,1 000 000 ₸,1991,седан,2.5,бензин,механика,Б/у
BMW 528,7 800 000 ₸,2014,седан,2,бензин,автомат,Б/у
BMW 528,3 000 000 ₸,1998,седан,2.8,бензин,автомат,Б/у
BMW 320,1 900 000 ₸,1992,седан,2,бензин,механика,Б/у
BMW 440,12 000 000 ₸,2017,лифтбек,3,бензин,автомат,Б/у
BMW 530,4 200 000 ₸,2001,седан,3,бензин,механика,Б/у
BMW X7,39 000 000 ₸,2020,кроссовер,3,бензин,автомат,Б/у
BMW X6 M,37 000 000 ₸,2018,кроссовер,4.4,бензин,автомат,Б/у
BMW X5,7 500 000 ₸,2004,кроссовер,3,бензин,автомат,Б/у
BMW 550,70 100 000 ₸,2025,седан,3,гибрид,автомат,Б/у
BMW X5,82 500 000 ₸,2025,кроссовер,3,бензин,автомат,Б/у
BMW 530,4 800 000 ₸,2003,седан,3,бензин,автомат,Б/у
BMW X5,7 000 000 ₸,2008,кроссовер,3,бензин,автомат,Б/у
BMW 528,12 500 000 ₸,2011,седан,3,бензин,автомат,Б/у
BMW 525,2 200 000 ₸,1994,седан,2.5,бензин,механика,Б/у
BMW 528,3 800 000 ₸,1998,седан,2.8,бензин,механика,Б/у
BMW X5,11 500 000 ₸,2015,кроссовер,3,бензин,автомат,Б/у
BMW 323,3 500 000 ₸,1991,седан,2.5,бензин,механика,Б/у
BMW 328,2 600 000 ₸,1999,седан,2.8,бензин,автомат,Б/у
BMW 530,18 500 000 ₸,2018,седан,2,бензин,автомат,Б/у
BMW 318,1 100 000 ₸,1997,седан,1.8,бензин,механика,Б/у
BMW 330,18 000 000 ₸,2019,седан,2,бензин,автомат,Б/у
BMW 530,16 300 000 ₸,2017,седан,2,бензин,автомат,Б/у
BMW 528,8 200 000 ₸,2013,седан,2,бензин,автомат,Б/у
BMW X5,32 000 000 ₸,2019,кроссовер,3,бензин,автомат,Б/у
BMW 528,5 000 000 ₸,1998,седан,2.8,бензин,автомат,Б/у
BMW X5,9 999 999 ₸,2012,кроссовер,3,бензин,автомат,Б/у
BMW X5,5 500 000 ₸,2004,кроссовер,4.4,бензин,автомат,Б/у
BMW 535,12 800 000 ₸,2012,седан,3,бензин,автомат,Б/у
BMW 525,5 200 000 ₸,1996,седан,2.5,бензин,механика,Б/у
BMW 535,14 000 000 ₸,2016,седан,3,бензин,автомат,Б/у
BMW X5,5 500 000 ₸,2000,кроссовер,3,бензин,автомат,Б/у
BMW 520,2 000 000 ₸,1991,седан,2,бензин,механика,Б/у
BMW X5,18 000 000 ₸,2016,кроссовер,3,бензин,автомат,Б/у
BMW X6,43 000 000 ₸,2022,кроссовер,3,бензин,автомат,Б/у
BMW 528,3 000 000 ₸,2000,седан,2.8,бензин,механика,Б/у
BMW X5,8 250 000 ₸,2004,кроссовер,3,бензин,автомат,Б/у
BMW X5,15 500 000 ₸,2014,кроссовер,3,бензин,автомат,Б/у
BMW X3,20 000 000 ₸,2018,кроссовер,2,бензин,автомат,Б/у
BMW 330,17 200 000 ₸,2020,седан,2,бензин,автомат,Б/у
BMW 525,5 500 000 ₸,1983,седан,2.5,бензин,механика,Б/у
BMW 730,3 500 000 ₸,1995,седан,3,бензин,автомат,Б/у
BMW 325,4 200 000 ₸,2002,седан,2.5,бензин,автомат,Б/у
BMW X4,9 900 000 ₸,2018,кроссовер,2,бензин,автомат,Б/у
BMW 520,2 100 000 ₸,1991,седан,2.5,бензин,механика,Б/у
BMW X5,12 500 000 ₸,2013,кроссовер,3,бензин,автомат,Б/у
BMW 735,2 000 000 ₸,1993,седан,3.4,бензин,механика,Б/у
BMW 525,4 500 000 ₸,1991,седан,2.5,бензин,механика,Б/у
BMW 320,2 300 000 ₸,1998,седан,2.2,бензин,механика,Б/у
BMW 520,900 000 ₸,1996,седан,2,бензин,механика,Б/у
BMW 430,14 000 000 ₸,2017,лифтбек,2,бензин,автомат,Б/у
BMW X7,77 000 000 ₸,2023,кроссовер,4.4,бензин,автомат,Б/у
BMW 528,2 300 000 ₸,1997,седан,2.8,бензин,механика,Б/у
BMW X3,13 800 000 ₸,2015,кроссовер,3,бензин,автомат,Б/у
BMW 528,2 800 000 ₸,1999,седан,2.8,бензин,автомат,Б/у
BMW 523,7 700 000 ₸,2011,седан,2.5,бензин,автомат,Б/у
BMW 735,1 700 000 ₸,2002,седан,3.6,бензин,автомат,Б/у
BMW X5,17 700 000 ₸,2016,кроссовер,3,бензин,автомат,Б/у
BMW 320,8 500 000 ₸,2013,седан,2,бензин,автомат,Б/у
BMW 328,1 400 000 ₸,1995,седан,2.8,бензин,автомат,Б/у
BMW 540,23 000 000 ₸,2017,седан,3,бензин,автомат,Б/у
BMW 535,11 350 000 ₸,2012,седан,3,бензин,автомат,Б/у
BMW X5,27 000 000 ₸,2019,кроссовер,3,бензин,автомат,Б/у
BMW 318,2 700 000 ₸,2001,седан,1.9,бензин,механика,Б/у
BMW 530,17 990 000 ₸,2017,седан,2,бензин,автомат,Б/у
BMW 335,12 500 000 ₸,2015,седан,3,бензин,автомат,Б/у
BMW X5,4 800 000 ₸,2002,кроссовер,3,бензин,автомат,Б/у
BMW 520,18 500 000 ₸,2018,седан,2,бензин,автомат,Б/у
BMW 525,7 500 000 ₸,2008,седан,3,бензин,автомат,Б/у
BMW 535,12 700 000 ₸,2010,седан,3,бензин,автомат,Б/у
BMW 728,3 000 000 ₸,1998,седан,2.8,бензин,автомат,Б/у
BMW X5,15 500 000 ₸,2015,кроссовер,3,бензин,автомат,Б/у
BMW X3,11 500 000 ₸,2013,кроссовер,3,бензин,автомат,Б/у
BMW 750,30 000 000 ₸,2017,седан,4.4,бензин,автомат,Б/у
BMW 530,38 500 000 ₸,2023,седан,2,бензин,автомат,Б/у
BMW 528,11 000 000 ₸,2013,седан,2,бензин,автомат,Б/у
BMW 728,1 100 000 ₸,1996,седан,2.8,бензин,автомат,Б/у
BMW 328,3 700 000 ₸,1993,седан,2.8,бензин,автомат,Б/у
BMW 323,2 800 000 ₸,1999,седан,2.5,бензин,автомат,Б/у
BMW 540,2 900 000 ₸,1991,седан,4,бензин,механика,Б/у
BMW 530,6 000 000 ₸,2007,седан,3,бензин,автомат,Б/у
BMW X5,5 200 000 ₸,2002,кроссовер,4.6,бензин,автомат,Б/у
BMW 540,25 000 000 ₸,2018,седан,3,бензин,автомат,Б/у
BMW 525,5 000 000 ₸,2004,седан,2.5,газ-бензин,автомат,Б/у
BMW 530,4 000 000 ₸,2000,универсал,3,бензин,механика,Б/у
BMW X4,18 000 000 ₸,2022,кроссовер,2,дизель,автомат,Б/у
BMW 535,13 500 000 ₸,2015,седан,3,бензин,автомат,Б/у
BMW M5,42 000 000 ₸,2019,седан,4.4,бензин,автомат,Б/у
BMW 523,5 000 000 ₸,1997,седан,4.4,бензин,автомат,Б/у
BMW 730,1 600 000 ₸,1994,седан,3,бензин,автомат,Б/у
BMW X5,8 300 000 ₸,2007,кроссовер,4.8,бензин,автомат,Б/у
BMW 528,4 000 000 ₸,1996,седан,2.8,бензин,механика,Б/у
BMW X5,14 000 000 ₸,2014,кроссовер,3,бензин,автомат,Б/у
BMW 523,5 000 000 ₸,1997,седан,4.4,бензин,автомат,Б/у
BMW 528,4 900 000 ₸,2000,седан,2.8,бензин,автомат,Б/у
BMW X6,10 000 000 ₸,2009,кроссовер,3,бензин,автомат,Б/у
BMW 530,3 500 000 ₸,1992,седан,3,бензин,механика,Б/у
BMW 520,999 999 ₸,1993,седан,2,бензин,механика,Б/у
BMW X5,14 990 000 ₸,2015,кроссовер,3,бензин,автомат,Б/у
BMW 540,3 500 000 ₸,1994,седан,4,бензин,механика,Б/у
BMW X1,6 000 000 ₸,2011,кроссовер,2,бензин,автомат,Б/у
BMW X6,11 500 000 ₸,2013,кроссовер,3,бензин,автомат,Б/у
BMW X4,21 000 000 ₸,2018,кроссовер,2,бензин,автомат,Б/у
BMW 525,3 500 000 ₸,2000,седан,2.5,бензин,автомат,Б/у
BMW 540,5 000 000 ₸,1994,седан,4,бензин,механика,Б/у
BMW 735,3 450 000 ₸,2000,седан,3.5,бензин,автомат,Б/у
BMW 850,48 000 000 ₸,2019,купе,4.4,бензин,автомат,Б/у
BMW 730,8 900 000 ₸,2011,седан,3,бензин,автомат,Б/у
BMW X5,18 000 000 ₸,2015,кроссовер,3,бензин,автомат,Б/у
BMW 740,5 500 000 ₸,На заказ,г.,Б/у седан,4 л,бензин,2006
BMW X5,5 000 000 ₸,2005,кроссовер,3,бензин,автомат,Б/у
BMW X5,47 000 000 ₸,2024,кроссовер,3,бензин,автомат,Б/у
BMW 535,10 900 000 ₸,2013,седан,3,бензин,автомат,Б/у
BMW X5 M,20 500 000 ₸,2016,кроссовер,4.4,бензин,автомат,Б/у
BMW 528,10 500 000 ₸,2010,седан,3,бензин,автомат,Б/у
BMW 540,39 000 000 ₸,2021,седан,3,бензин,автомат,Б/у
BMW Z3,4 100 000 ₸,1997,родстер,1.9,бензин,механика,Б/у
BMW 320,1 400 000 ₸,1998,универсал,2,бензин,механика,Б/у
BMW 528,6 000 000 ₸,1997,седан,2.8,бензин,автомат,Б/у
BMW X5,8 700 000 ₸,2007,кроссовер,4.8,бензин,автомат,Б/у
BMW 740,4 200 000 ₸,1995,седан,4.4,бензин,автомат,Б/у
BMW X5,35 900 000 ₸,2020,кроссовер,3,бензин,автомат,Б/у
BMW X5,7 000 000 ₸,2008,кроссовер,4.8,бензин,автомат,Б/у
BMW 428,9 300 000 ₸,2013,купе,2,бензин,автомат,Б/у
BMW X6,10 000 000 ₸,2010,кроссовер,3,бензин,автомат,Б/у
BMW 328,8 200 000 ₸,2014,седан,2,бензин,автомат,Б/у
BMW 320,1 100 000 ₸,1995,седан,2,бензин,механика,Б/у
BMW M5,40 000 000 ₸,2014,седан,4.4,бензин,робот,Б/у
BMW 528,3 000 000 ₸,1998,седан,2.8,бензин,автомат,Б/у
BMW 640,11 500 000 ₸,2014,седан,3,бензин,автомат,Б/у
BMW M235,25 000 000 ₸,2021,седан,2,бензин,автомат,Б/у
BMW 316,1 500 000 ₸,1994,седан,1.6,бензин,механика,Б/у
BMW 320,1 700 000 ₸,1993,седан,2,бензин,механика,Б/у
BMW 525,3 000 000 ₸,1992,седан,2.5,газ-бензин,автомат,Б/у
BMW 530,4 500 000 ₸,2003,седан,3,бензин,автомат,Б/у
BMW 525,5 200 000 ₸,2002,седан,2.5,бензин,автомат,Б/у
BMW 730,3 500 000 ₸,1995,седан,2.9,бензин,автомат,Б/у
BMW X5,10 000 000 ₸,2010,кроссовер,3,бензин,автомат,Б/у
BMW 525,2 200 000 ₸,1994,седан,2.5,бензин,механика,Б/у
BMW X7,50 000 000 ₸,2021,кроссовер,3,бензин,автомат,Б/у
BMW 740,4 740 000 ₸,1993,седан,4,бензин,механика,Б/у
BMW 328,6 400 000 ₸,2014,седан,2,бензин,автомат,Б/у
BMW 430,13 500 000 ₸,2017,лифтбек,2,бензин,автомат,Б/у
BMW 525,2 500 000 ₸,1997,седан,2.5,бензин,автомат,Б/у
BMW M2,23 500 000 ₸,2019,купе,3,бензин,робот,Б/у
BMW X5,18 000 000 ₸,2016,кроссовер,3,бензин,автомат,Б/у
BMW 735,7 000 000 ₸,2002,седан,3.6,бензин,автомат,Б/у
BMW X5,52 000 000 ₸,2023,кроссовер,3,гибрид,автомат,Б/у
BMW X5,14 300 000 ₸,2013,кроссовер,4.4,бензин,автомат,Б/у
BMW X6,16 800 000 ₸,2016,кроссовер,3,бензин,автомат,Б/у
BMW 428,10 500 000 ₸,2015,кабриолет,2,бензин,автомат,Б/у
BMW 525,1 450 000 ₸,1994,седан,2.5,бензин,механика,Б/у
BMW X5,6 800 000 ₸,2001,кроссовер,3,бензин,автомат,Б/у
BMW X7,77 800 000 ₸,2024,кроссовер,3,бензин,автомат,Б/у
BMW X6 M,25 500 000 ₸,2017,кроссовер,4.4,бензин,автомат,Б/у
BMW 728,2 300 000 ₸,1997,седан,2.8,бензин,автомат,Б/у
BMW X6 M,25 500 000 ₸,2017,кроссовер,4.4,бензин,автомат,Б/у
BMW X7,34 000 000 ₸,2019,кроссовер,3,бензин,автомат,Б/у
BMW 523,2 500 000 ₸,1997,седан,2.5,бензин,механика,Б/у
BMW 730,2 100 000 ₸,1996,седан,3,бензин,автомат,Б/у
BMW X5,21 000 000 ₸,2016,кроссовер,3,бензин,автомат,Б/у
BMW 325,3 500 000 ₸,2001,седан,2.5,бензин,механика,Б/у
BMW 525,2 000 000 ₸,1995,седан,2.5,бензин,автомат,Б/у
BMW 525,2 200 000 ₸,1993,седан,2.5,бензин,механика,Б/у
BMW 525,5 000 000 ₸,2000,седан,2.5,бензин,автомат,Б/у
BMW X5,33 000 000 ₸,2020,кроссовер,3,бензин,автомат,Б/у
BMW 320,1 850 000 ₸,2007,седан,2,бензин,автомат,Б/у
BMW 528,3 000 000 ₸,1999,седан,2.8,бензин,автомат,Б/у
BMW X7,45 500 000 ₸,2021,кроссовер,3,бензин,автомат,Б/у
BMW 728,2 800 000 ₸,1998,седан,2.8,бензин,автомат,Б/у
BMW X6,19 500 000 ₸,2018,кроссовер,3,бензин,автомат,Б/у
BMW 530,6 355 555 ₸,2007,седан,3,бензин,автомат,Б/у
BMW 550,8 000 000 ₸,2008,седан,4.8,бензин,автомат,Б/у
BMW X5,4 210 000 ₸,2004,кроссовер,4.4,бензин,автомат,Б/у
BMW 728,2 500 000 ₸,1997,седан,2.8,бензин,автомат,Б/у
BMW X5,5 000 000 ₸,2000,кроссовер,3,бензин,автомат,Б/у
BMW 730,37 000 000 ₸,2019,седан,2,бензин,автомат,Б/у
BMW 525,5 300 000 ₸,2000,седан,2.5,бензин,автомат,Б/у
BMW 745,7 700 000 ₸,2002,седан,4.4,бензин,автомат,Б/у
BMW X5,43 500 000 ₸,2024,кроссовер,3,бензин,автомат,Б/у
BMW 525,1 750 000 ₸,1992,седан,2.5,бензин,механика,Б/у
BMW X3,25 000 000 ₸,2022,кроссовер,2,бензин,автомат,Б/у
BMW X5,36 500 000 ₸,2020,кроссовер,3,бензин,автомат,Б/у
BMW 735,4 000 000 ₸,1998,седан,3.5,бензин,автомат,Б/у
BMW 520,1 050 000 ₸,1991,седан,2,бензин,механика,Б/у
BMW 525,5 000 000 ₸,2001,седан,2.5,бензин,автомат,Б/у
BMW 525,3 000 000 ₸,1991,седан,2.5,бензин,механика,Б/у
BMW 520,1 400 000 ₸,1990,седан,2,бензин,механика,Б/у
BMW X7,90 000 000 ₸,2023,кроссовер,4.4,бензин,автомат,Б/у
BMW 320,1 600 000 ₸,1995,седан,2,бензин,автомат,Б/у
BMW X5,8 300 000 ₸,2006,кроссовер,4.8,бензин,автомат,Б/у
BMW X5,6 000 000 ₸,2004,кроссовер,3,бензин,автомат,Б/у
BMW 528,3 800 000 ₸,1997,седан,2.8,бензин,автомат,Б/у
BMW X3,21 500 000 ₸,2021,кроссовер,2,бензин,автомат,Б/у
BMW X5,18 000 000 ₸,2015,кроссовер,3,бензин,автомат,Б/у
BMW 325,2 500 000 ₸,1989,седан,2.5,бензин,механика,Б/у
BMW 325,3 000 000 ₸,2000,седан,2.5,бензин,автомат,Б/у
BMW 318,1 350 000 ₸,1995,седан,1.8,бензин,механика,Б/у
BMW 325,8 500 000 ₸,2006,седан,2.5,бензин,автомат,Б/у
BMW 520,1 200 000 ₸,1993,седан,2,бензин,автомат,Б/у
BMW 525,1 800 000 ₸,1991,седан,2.5,бензин,механика,Б/у
BMW 320,1 100 000 ₸,1991,седан,2,бензин,механика,Б/у
BMW X5,8 500 000 ₸,2008,кроссовер,3,бензин,автомат,Б/у
BMW 525,1 400 000 ₸,1990,седан,2.5,бензин,механика,Б/у
BMW X5,13 700 000 ₸,2014,кроссовер,3,бензин,автомат,Б/у
BMW X5,12 000 000 ₸,2017,кроссовер,3,бензин,автомат,Б/у
BMW 520,2 100 000 ₸,1999,седан,2,бензин,механика,Б/у
BMW 530,4 500 000 ₸,2001,седан,3,бензин,автомат,Б/у
BMW 530,6 300 000 ₸,2000,седан,3,бензин,автомат,Б/у
BMW 328,6 500 000 ₸,2014,седан,2,бензин,автомат,Б/у
BMW 750,29 500 000 ₸,2016,седан,4.4,бензин,автомат,Б/у
BMW 528,12 500 000 ₸,2016,седан,2,бензин,автомат,Б/у
BMW 330,3 700 000 ₸,2010,купе,3,бензин,автомат,Б/у
BMW 530,6 500 000 ₸,2007,седан,3,бензин,автомат,Б/у
BMW 520,1 300 000 ₸,1995,седан,2,бензин,механика,Б/у
BMW 520,2 000 000 ₸,1992,седан,2,бензин,механика,Б/у
BMW 530,30 000 000 ₸,2022,седан,2,бензин,автомат,Б/у
BMW X5,18 500 000 ₸,2014,кроссовер,3,бензин,автомат,Б/у
BMW 540,2 900 000 ₸,1993,седан,4,бензин,автомат,Б/у
BMW X5,31 000 000 ₸,2019,кроссовер,3,бензин,автомат,Б/у
BMW X5,15 500 000 ₸,2015,кроссовер,3,бензин,автомат,Б/у
BMW 735,5 300 000 ₸,1998,седан,3.5,бензин,автомат,Б/у
BMW 523,2 390 000 ₸,1997,седан,2.5,бензин,автомат,Б/у
BMW 520,1 200 000 ₸,1993,седан,2,бензин,механика,Б/у
BMW X5,5 500 000 ₸,2005,кроссовер,3,бензин,автомат,Б/у
BMW 740,68 000 000 ₸,2023,седан,3,бензин,автомат,Б/у
BMW 525,2 500 000 ₸,1990,седан,2.5,бензин,механика,Б/у
BMW M5,42 000 000 ₸,2019,седан,4.4,бензин,автомат,Б/у
BMW 518,1 300 000 ₸,1994,седан,1.8,бензин,механика,Б/у
BMW 540,16 000 000 ₸,2017,седан,3,бензин,автомат,Б/у
BMW X5,16 700 000 ₸,2017,кроссовер,3,бензин,автомат,Б/у
BMW 520,1 000 000 ₸,1988,седан,2,бензин,механика,Б/у
BMW 730,1 750 000 ₸,1993,седан,3,бензин,автомат,Б/у
BMW X3,5 000 000 ₸,2005,кроссовер,2.5,бензин,автомат,Б/у
BMW 520,750 000 ₸,1991,седан,2,бензин,механика,Б/у
BMW 535,13 000 000 ₸,2014,седан,3,бензин,автомат,Б/у
BMW 535,13 000 000 ₸,2014,седан,3,бензин,автомат,Б/у
BMW X5,14 000 000 ₸,2014,кроссовер,3,бензин,автомат,Б/у
BMW X5,6 000 000 ₸,2011,кроссовер,3,бензин,автомат,Б/у
BMW 520,1 100 000 ₸,1992,седан,2,бензин,механика,Б/у
BMW 528,9 000 000 ₸,2014,седан,2,бензин,автомат,Б/у
BMW 525,1 500 000 ₸,1991,седан,2.5,бензин,механика,Б/у
BMW 430,15 000 000 ₸,2020,купе,2,бензин,автомат,Б/у
BMW 550,41 800 000 ₸,2021,седан,4.4,бензин,автомат,Б/у
BMW 525,3 200 000 ₸,1996,седан,2.5,бензин,механика,Б/у
BMW 430,15 500 000 ₸,2020,купе,2,бензин,автомат,Б/у
BMW 528,3 000 000 ₸,1999,седан,2.8,бензин,автомат,Б/у
BMW 316,1 000 000 ₸,1995,хэтчбек,1.6,бензин,автомат,Б/у
BMW X6,7 500 000 ₸,2008,кроссовер,4.4,бензин,автомат,Б/у
BMW X5,46 990 000 ₸,2023,кроссовер,3,бензин,автомат,Б/у
BMW X5,8 000 000 ₸,2002,кроссовер,3,бензин,автомат,Б/у
BMW 525,1 270 000 ₸,1990,седан,2.5,бензин,механика,Б/у
BMW 525,2 000 000 ₸,1993,седан,2.5,бензин,механика,Б/у
BMW 320,3 500 000 ₸,2005,седан,2.2,бензин,автомат,Б/у
BMW X5,5 330 000 ₸,2001,кроссовер,3,бензин,автомат,Б/у
BMW X6,20 000 000 ₸,2017,кроссовер,3,бензин,автомат,Б/у
BMW 530,3 500 000 ₸,1993,седан,3,бензин,автомат,Б/у
BMW X5,35 000 000 ₸,2019,кроссовер,3,бензин,автомат,Б/у
BMW X5,4 990 000 ₸,2002,кроссовер,4.6,бензин,автомат,Б/у
BMW 740,15 000 000 ₸,2019,седан,3,бензин,автомат,Б/у
BMW X6,21 999 999 ₸,2017,кроссовер,3,бензин,автомат,Б/у
BMW 728,4 000 000 ₸,1996,седан,2.8,бензин,автомат,Б/у
BMW X1,12 500 000 ₸,2016,кроссовер,2,бензин,автомат,Б/у
BMW X6,72 000 000 ₸,2024,кроссовер,3,бензин,автомат,Б/у
BMW 530,8 000 000 ₸,2007,седан,3,бензин,автомат,Б/у
BMW 318,400 000 ₸,1995,седан,1.8,бензин,автомат,Б/у
BMW X5,34 800 000 ₸,2020,кроссовер,3,бензин,автомат,Б/у
BMW 525,1 700 000 ₸,1994,седан,2.5,бензин,автомат,Б/у
BMW 528,1 950 000 ₸,1996,седан,2.8,бензин,автомат,Б/у
BMW 325,1 950 000 ₸,1991,седан,2.5,бензин,автомат,Б/у
BMW 420,26 990 000 ₸,2021,купе,2,бензин,автомат,Б/у
BMW 528,2 000 000 ₸,1998,седан,2.8,бензин,автомат,Б/у
BMW 530,14 500 000 ₸,2017,седан,2,бензин,автомат,Б/у
BMW 735,3 700 000 ₸,1996,седан,3.5,бензин,автомат,Б/у
BMW 735,3 700 000 ₸,1996,седан,3.5,бензин,автомат,Б/у
BMW 528,8 500 000 ₸,2011,седан,3,бензин,автомат,Б/у
BMW 528,9 400 000 ₸,2011,седан,3,бензин,автомат,Б/у
BMW 528,4 000 000 ₸,1997,седан,2.8,бензин,автомат,Б/у
BMW 525,890 000 ₸,1990,седан,2.5,бензин,механика,Б/у
BMW 528,3 000 000 ₸,1996,седан,2.8,бензин,автомат,Б/у
BMW 750,4 800 000 ₸,2010,седан,4.4,бензин,автомат,Б/у
BMW 318,2 500 000 ₸,2001,седан,1.9,бензин,механика,Б/у
BMW X5,36 000 000 ₸,2020,кроссовер,3,бензин,автомат,Б/у
BMW 540,13 800 000 ₸,На заказ,г.,Б/у седан,3 л,бензин,2017
BMW 525,2 200 000 ₸,1994,седан,2.5,бензин,механика,Б/у
BMW X5,7 000 000 ₸,2008,кроссовер,3,бензин,автомат,Б/у
BMW X7,65 000 000 ₸,2023,кроссовер,3,бензин,автомат,Б/у
BMW X5,6 000 000 ₸,2001,кроссовер,3,бензин,автомат,Б/у
BMW 525,2 400 000 ₸,1992,седан,2.5,бензин,автомат,Б/у
BMW 325,4 400 000 ₸,2002,седан,2.5,бензин,автомат,Б/у
BMW 530,6 200 000 ₸,2005,седан,3,бензин,автомат,Б/у
BMW 525,1 750 000 ₸,1993,седан,2.5,бензин,механика,Б/у
BMW 540,28 500 000 ₸,2020,седан,3,бензин,автомат,Б/у
BMW 525,3 800 000 ₸,2002,седан,2.5,бензин,автомат,Б/у
BMW 428,12 000 000 ₸,2014,лифтбек,2,бензин,автомат,Б/у
BMW 528,2 800 000 ₸,1996,седан,2.8,бензин,автомат,Б/у
BMW 330,10 000 000 ₸,2002,универсал,3,бензин,автомат,Б/у
BMW 520,3 000 000 ₸,1992,седан,2,бензин,механика,Б/у
BMW M235,22 900 000 ₸,2021,седан,2,бензин,автомат,Б/у
BMW 325,1 500 000 ₸,1994,седан,2.5,бензин,механика,Б/у
BMW 525,6 000 000 ₸,2006,седан,2.5,бензин,автомат,Б/у
BMW 740,2 500 000 ₸,1994,седан,4.4,бензин,автомат,Б/у
BMW 320,5 900 000 ₸,2011,седан,2,бензин,автомат,Б/у
BMW 525,1 880 000 ₸,1992,седан,2.5,бензин,механика,Б/у
BMW 525,2 500 000 ₸,1994,седан,2.5,бензин,автомат,Б/у
BMW 320,6 300 000 ₸,2007,седан,2,бензин,автомат,Б/у
BMW 528,9 900 000 ₸,2009,седан,3,бензин,автомат,Б/у
BMW 520,900 000 ₸,1991,седан,2,бензин,автомат,Б/у
BMW X7,40 000 000 ₸,2021,кроссовер,4.4,бензин,автомат,Б/у
BMW 520,1 350 000 ₸,1989,седан,2.4,бензин,механика,Б/у
BMW 528,3 000 000 ₸,1994,седан,2.8,бензин,механика,Б/у
BMW 728,2 800 000 ₸,1998,седан,2.8,бензин,автомат,Б/у
BMW X6,18 700 000 ₸,2016,кроссовер,3,бензин,автомат,Б/у
BMW 525,3 500 000 ₸,1994,седан,2.5,бензин,механика,Б/у
BMW 530,6 300 000 ₸,2007,седан,3,бензин,автомат,Б/у
BMW 525,2 200 000 ₸,1990,седан,2.5,бензин,механика,Б/у
BMW 730,3 300 000 ₸,1995,седан,3,бензин,автомат,Б/у
BMW 523,9 000 000 ₸,2010,седан,2.5,бензин,автомат,Б/у
BMW 740,9 500 000 ₸,2008,седан,3,бензин,автомат,Б/у
BMW 525,1 300 000 ₸,1992,седан,2.5,бензин,механика,Б/у
BMW 535,15 500 000 ₸,2015,седан,3,бензин,автомат,Б/у
BMW Gran Turismo,15 000 000 ₸,2012,лифтбек,3,бензин,автомат,Б/у
BMW 520,1 600 000 ₸,1993,седан,2,газ-бензин,механика,Б/у
BMW X1,18 000 000 ₸,2022,кроссовер,2,бензин,автомат,Б/у
BMW Gran Turismo,15 700 000 ₸,2012,лифтбек,3,бензин,автомат,Б/у
BMW 518,900 000 ₸,1993,седан,1.8,бензин,механика,Б/у
BMW 520,650 000 ₸,1990,седан,2,бензин,механика,Б/у
BMW 135,13 999 000 ₸,2008,купе,3,бензин,механика,Б/у
BMW X6 M,16 000 000 ₸,2012,кроссовер,4.4,бензин,автомат,Б/у
BMW X5,63 000 000 ₸,2025,кроссовер,3,бензин,автомат,Б/у
BMW 528,1 800 000 ₸,1997,седан,2.8,бензин,механика,Б/у
BMW Gran Turismo,8 500 000 ₸,2009,лифтбек,3,бензин,автомат,Б/у
BMW X5,7 200 000 ₸,2003,кроссовер,4.6,бензин,автомат,Б/у
BMW X5,37 000 000 ₸,2022,кроссовер,3,бензин,автомат,Б/у
BMW 330,12 300 000 ₸,2020,седан,2,бензин,автомат,Б/у
BMW 528,8 000 000 ₸,2012,седан,2,бензин,автомат,Б/у
BMW X6,16 000 000 ₸,2015,кроссовер,3,бензин,автомат,Б/у
BMW X5,4 700 000 ₸,2003,кроссовер,3,бензин,автомат,Б/у
BMW X5,12 000 000 ₸,2012,кроссовер,3,бензин,автомат,Б/у
BMW M6,10 000 000 ₸,2015,седан,4.4,бензин,робот,Б/у
BMW X7,46 700 000 ₸,2021,кроссовер,3,бензин,автомат,Б/у
BMW X5,4 500 000 ₸,2002,кроссовер,3,бензин,автомат,Б/у
BMW 525,3 000 000 ₸,1991,седан,2.5,бензин,механика,Б/у
BMW Gran Turismo,15 900 000 ₸,2012,лифтбек,3,бензин,автомат,Б/у
BMW 525,1 400 000 ₸,1992,седан,2.5,бензин,Правый руль,Б/у
BMW 323,2 800 000 ₸,1995,хэтчбек,2.5,бензин,механика,Б/у
BMW 530,5 200 000 ₸,2001,седан,3,бензин,автомат,Б/у
BMW 735,3 900 000 ₸,2004,седан,3.6,бензин,автомат,Б/у
BMW 525,1 500 000 ₸,1991,седан,2.5,бензин,механика,Б/у
BMW 540,24 000 000 ₸,2019,седан,3,бензин,автомат,Б/у
BMW 528,2 300 000 ₸,1997,седан,2.8,бензин,механика,Б/у
BMW Gran Turismo,15 000 000 ₸,2012,лифтбек,3,бензин,автомат,Б/у
BMW 525,2 200 000 ₸,1995,седан,2.5,бензин,механика,Б/у
BMW 535,13 700 000 ₸,2013,седан,3,дизель,автомат,Б/у
BMW 520,1 650 000 ₸,1992,седан,2,бензин,механика,Б/у
BMW X3,35 300 000 ₸,2024,кроссовер,2,гибрид,автомат,Б/у
BMW 528,4 500 000 ₸,1997,седан,2.8,бензин,автомат,Б/у
BMW X5,7 000 000 ₸,2005,кроссовер,3,бензин,автомат,Б/у
BMW 540,20 000 000 ₸,2017,седан,3,бензин,автомат,Б/у
BMW 525,1 650 000 ₸,1994,седан,2.5,газ-бензин,механика,Б/у
BMW X5,46 000 000 ₸,2023,кроссовер,3,бензин,автомат,Б/у
BMW 528,3 100 000 ₸,1998,седан,2.8,бензин,автомат,Б/у
BMW 435,9 000 000 ₸,2015,купе,3,бензин,автомат,Б/у
BMW 525,4 150 000 ₸,2000,седан,2.5,бензин,автомат,Б/у
BMW 530,6 500 000 ₸,2003,седан,3,дизель,автомат,Б/у
BMW 525,2 000 000 ₸,1991,седан,2.5,бензин,механика,Б/у
BMW 540,2 500 000 ₸,1999,седан,4.4,бензин,автомат,Б/у
BMW 320,1 300 000 ₸,1993,седан,2,бензин,Правый руль,Б/у
BMW 328,9 000 000 ₸,2013,седан,2,бензин,автомат,Б/у
BMW 520,2 350 000 ₸,1997,седан,2,бензин,механика,Б/у
BMW 528,10 600 000 ₸,2013,седан,2,бензин,автомат,Б/у
BMW 523,9 900 000 ₸,2010,седан,2.5,бензин,автомат,Б/у
BMW X7,50 000 000 ₸,2021,кроссовер,3,бензин,автомат,Б/у
BMW X5,32 700 000 ₸,2019,кроссовер,3,бензин,автомат,Б/у
BMW 730,4 300 000 ₸,1994,седан,3,бензин,механика,Б/у
BMW 528,8 000 000 ₸,2014,седан,2.8,бензин,автомат,Б/у
BMW 523,10 000 000 ₸,2010,седан,2.5,бензин,автомат,Б/у
BMW 525,1 700 000 ₸,1991,седан,2.5,бензин,механика,Б/у
BMW X7,55 000 000 ₸,2021,кроссовер,3,бензин,автомат,Б/у
BMW 318,4 500 000 ₸,2003,седан,1.8,бензин,механика,Б/у
BMW 530,6 000 000 ₸,2005,седан,3,бензин,автомат,Б/у
BMW 528,5 000 000 ₸,2000,седан,2.8,газ-бензин,автомат,Б/у
BMW 525,1 800 000 ₸,1992,седан,2.5,бензин,механика,Б/у
BMW 520,2 200 000 ₸,1993,седан,2,бензин,автомат,Б/у
BMW 435,7 950 000 ₸,2015,лифтбек,3,бензин,автомат,Б/у
BMW 535,7 000 000 ₸,2014,седан,3,бензин,автомат,Б/у
BMW X5,10 800 000 ₸,2015,кроссовер,3,бензин,автомат,Б/у
BMW 745,1 200 000 ₸,2002,седан,4.4,бензин,автомат,Б/у
BMW 540,20 500 000 ₸,2017,седан,3,бензин,автомат,Б/у
BMW 318,550 000 ₸,1992,седан,1.8,бензин,механика,Б/у
BMW 728,3 000 000 ₸,1997,седан,2.8,газ-бензин,автомат,Б/у
BMW 520,600 000 ₸,1991,седан,2,бензин,механика,Б/у
BMW 530,5 700 000 ₸,2005,седан,3,бензин,автомат,Б/у
BMW 523,5 800 000 ₸,2007,седан,2.5,бензин,механика,Б/у
BMW X6 XDrive 40i,71 731 365 ₸,2025,кроссовер,3,бензин,автомат,новый
BMW 735,5 000 000 ₸,2003,седан,3.6,бензин,автомат,Б/у
BMW X5,31 000 000 ₸,2018,кроссовер,3,бензин,автомат,Б/у
BMW 525,1 320 000 ₸,1990,седан,2.5,бензин,механика,Б/у
BMW 520,1 000 000 ₸,1990,седан,2,бензин,механика,Б/у
BMW 525,2 000 000 ₸,1994,седан,2.5,бензин,механика,Б/у
BMW 525,2 500 000 ₸,1992,седан,2.5,бензин,механика,Б/у
BMW X5,22 000 000 ₸,2007,кроссовер,4.8,бензин,автомат,Б/у
BMW 328,5 000 000 ₸,1999,седан,2.8,бензин,автомат,Б/у
BMW 528,3 500 000 ₸,1998,седан,2.8,бензин,автомат,Б/у
BMW X5,21 000 000 ₸,2016,кроссовер,3,бензин,автомат,Б/у
BMW X3 XDrive 20i,52 882 594 ₸,2025,кроссовер,2,бензин,автомат,новый
BMW X6,8 250 000 ₸,2008,кроссовер,3,бензин,автомат,Б/у
BMW 523,7 000 000 ₸,2010,седан,2.5,бензин,автомат,Б/у
BMW 525,2 500 000 ₸,1992,седан,2.5,бензин,механика,Б/у
BMW 530,25 000 000 ₸,2023,седан,2,бензин,автомат,Б/у
BMW 520,870 000 ₸,1991,седан,2,бензин,механика,Б/у
BMW 530,8 500 000 ₸,2008,седан,3,бензин,автомат,Б/у
BMW 520,2 000 000 ₸,1989,седан,2,бензин,механика,Б/у
BMW 528,2 300 000 ₸,1997,седан,2.8,бензин,автомат,Б/у
BMW 528,10 500 000 ₸,2014,седан,2,бензин,автомат,Б/у
BMW 525,3 400 000 ₸,2000,седан,2.5,бензин,автомат,Б/у
BMW X5,6 600 000 ₸,2001,кроссовер,3,бензин,автомат,Б/у
BMW 728,1 700 000 ₸,1998,седан,2.8,бензин,автомат,Б/у
BMW 520,37 894 737 ₸,2024,седан,2,бензин,автомат,Б/у
BMW 523,7 800 000 ₸,2011,седан,2.5,бензин,автомат,Б/у
BMW iX,57 000 000 ₸,2022,кроссовер,эектричество,КПП автомат,с пробегом 16 244 км,Б/у
BMW X5,45 000 000 ₸,2021,кроссовер,3,бензин,автомат,Б/у
BMW 528,12 000 000 ₸,2015,седан,2,бензин,автомат,Б/у
BMW X7,43 000 000 ₸,2021,кроссовер,3,бензин,автомат,Б/у
BMW 530,6 500 000 ₸,2003,седан,3,бензин,автомат,Б/у
BMW 530,6 000 000 ₸,На заказ,г.,Б/у седан,3 л,бензин,2003
BMW 318,850 000 ₸,1993,седан,1.8,бензин,механика,Б/у
BMW 540,22 000 000 ₸,2018,седан,3,бензин,автомат,Б/у
BMW X3,10 000 000 ₸,2014,кроссовер,2,бензин,автомат,Б/у
BMW 325,1 700 000 ₸,1994,седан,2.5,бензин,автомат,Б/у
BMW 528,2 300 000 ₸,2000,седан,2.8,газ-бензин,автомат,Б/у
BMW X6,9 200 000 ₸,2008,кроссовер,3,бензин,автомат,Б/у
BMW 525,2 300 000 ₸,1992,седан,2.5,бензин,механика,Б/у
BMW X5,6 500 000 ₸,2002,кроссовер,3,бензин,автомат,Б/у
BMW 525,2 000 000 ₸,1994,седан,2.5,бензин,автомат,Б/у
BMW 728,2 500 000 ₸,1997,седан,2.8,бензин,автомат,Б/у
BMW 730,2 300 000 ₸,1994,седан,3,бензин,автомат,Б/у
BMW X6,36 500 000 ₸,2021,кроссовер,3,бензин,автомат,Б/у
BMW X5,9 000 000 ₸,2007,кроссовер,3,бензин,автомат,Б/у
BMW 525,3 000 000 ₸,1996,седан,2.5,бензин,автомат,Б/у
BMW 318,4 000 000 ₸,2006,седан,2,бензин,автомат,Б/у
BMW 525,1 800 000 ₸,1990,седан,2.5,бензин,автомат,Б/у
BMW X6,10 000 000 ₸,2009,кроссовер,3,бензин,автомат,Б/у
BMW 525,1 100 000 ₸,1990,седан,2.5,бензин,механика,Б/у
BMW 525,2 500 000 ₸,1994,седан,2.5,бензин,механика,Б/у
BMW X5,4 500 000 ₸,2003,кроссовер,3,бензин,автомат,Б/у
BMW 523,3 500 000 ₸,1997,седан,2.5,бензин,механика,Б/у
BMW 520,650 000 ₸,1991,седан,2,бензин,механика,Б/у
BMW 540,20 500 000 ₸,2017,седан,3,бензин,автомат,Б/у
BMW 520,3 700 000 ₸,2001,седан,2.2,бензин,автомат,Б/у
BMW 328,1 250 000 ₸,1993,седан,2.8,бензин,механика,Б/у
BMW X7,60 000 000 ₸,2021,кроссовер,4.4,бензин,автомат,Б/у
BMW X5,42 500 000 ₸,2021,кроссовер,3,гибрид,автомат,Б/у
BMW 728,3 300 000 ₸,1997,седан,2.8,бензин,автомат,Б/у
BMW 545,3 500 000 ₸,2005,седан,4.4,бензин,автомат,Б/у
BMW 540,4 700 000 ₸,1994,седан,4.4,бензин,механика,Б/у
BMW 540,18 500 000 ₸,2018,седан,3,бензин,автомат,Б/у
BMW 525,2 800 000 ₸,1994,седан,2.5,бензин,автомат,Б/у
BMW 745,4 500 000 ₸,2002,седан,4.4,бензин,автомат,Б/у
BMW 525,2 700 000 ₸,1997,седан,2.5,бензин,автомат,Б/у
BMW 540,17 900 000 ₸,2017,седан,3,бензин,автомат,Б/у
BMW 520,800 000 ₸,1984,седан,2,бензин,механика,Б/у
BMW 520,1 200 000 ₸,1992,седан,2,бензин,механика,Б/у
BMW X5,5 500 000 ₸,2001,кроссовер,4.4,бензин,автомат,Б/у
BMW 728,1 800 000 ₸,1995,седан,2.8,бензин,автомат,Б/у
BMW X5,15 700 000 ₸,2015,кроссовер,3,бензин,автомат,Б/у
BMW 735,1 700 000 ₸,1993,седан,3.5,газ-бензин,механика,Б/у
BMW 520,2 062 382 ₸,1994,седан,2,бензин,Правый руль,Б/у
BMW 523,1 600 000 ₸,1997,седан,2.5,бензин,механика,Б/у
BMW 745,3 300 000 ₸,2003,седан,4.4,бензин,автомат,Б/у
BMW 535,11 000 000 ₸,2015,седан,3,бензин,автомат,Б/у
BMW 318,3 000 000 ₸,1998,седан,1.9,бензин,механика,Б/у
BMW 325,1 800 000 ₸,1985,купе,2.7,бензин,механика,Б/у
BMW 730,5 000 000 ₸,1995,седан,3,бензин,автомат,Б/у
BMW X5,52 500 000 ₸,2023,кроссовер,3,бензин,автомат,Б/у
BMW 535,9 500 000 ₸,2011,седан,3,бензин,автомат,Б/у
BMW 318,1 500 000 ₸,1996,седан,1.6,бензин,механика,Б/у
BMW 735,4 000 000 ₸,2001,седан,3.6,бензин,автомат,Б/у
BMW 530,1 250 000 ₸,1993,седан,2.8,бензин,механика,Б/у
BMW 550,9 400 000 ₸,2008,седан,4.8,бензин,автомат,Б/у
BMW 318,2 000 000 ₸,1994,седан,1.8,бензин,автомат,Б/у
BMW 528,3 500 000 ₸,1998,седан,2.8,бензин,автомат,Б/у
BMW 316,1 600 000 ₸,1991,седан,1.6,бензин,автомат,Б/у
BMW X5 M,17 500 000 ₸,2015,кроссовер,4.4,бензин,автомат,Б/у
BMW 320,1 100 000 ₸,1992,седан,2,бензин,механика,Б/у
BMW 728,1 500 000 ₸,1995,седан,2.8,бензин,автомат,Б/у
BMW 525,1 800 000 ₸,1994,седан,2.5,бензин,автомат,Б/у
BMW 535,10 900 000 ₸,2016,седан,3,бензин,автомат,Б/у
BMW X5,16 000 000 ₸,2014,кроссовер,3,бензин,автомат,Б/у
BMW 325,800 000 ₸,1988,седан,2.5,бензин,механика,Б/у
BMW 525,2 200 000 ₸,1993,седан,2.5,бензин,механика,Б/у
BMW 320,2 600 000 ₸,1998,седан,2.2,бензин,механика,Б/у
BMW X5,25 500 000 ₸,2018,кроссовер,3,бензин,автомат,Б/у
BMW 528,3 200 000 ₸,1996,седан,2.8,бензин,автомат,Б/у
BMW 525,1 000 000 ₸,1994,седан,2.5,бензин,механика,Б/у
BMW 525,2 100 000 ₸,1993,седан,2.5,бензин,механика,Б/у
BMW X5,6 000 000 ₸,2003,кроссовер,4.4,бензин,автомат,Б/у
BMW 525,6 300 000 ₸,2006,седан,2.5,бензин,автомат,Б/у
BMW 530,17 700 000 ₸,2017,седан,2,бензин,автомат,Б/у
BMW 530,17 700 000 ₸,2017,седан,2,бензин,автомат,Б/у
BMW X3,4 050 000 ₸,2005,кроссовер,2.5,бензин,автомат,Б/у
BMW 523,1 400 000 ₸,1996,седан,2.5,бензин,механика,Б/у
BMW 520,1 900 000 ₸,1990,седан,2,бензин,механика,Б/у
BMW 525,2 400 000 ₸,1993,седан,2.5,бензин,автомат,Б/у
BMW 520,1 600 000 ₸,1991,седан,2,бензин,механика,Б/у
BMW 735,4 000 000 ₸,1998,седан,3.5,бензин,автомат,Б/у
BMW X5,8 000 000 ₸,2013,кроссовер,3,бензин,автомат,Б/у
BMW 535,10 500 000 ₸,2012,седан,3,бензин,автомат,Б/у
BMW 528,1 435 555 ₸,1991,седан,2.8,бензин,механика,Б/у
BMW X6,27 100 000 ₸,На заказ,г.,Б/у кроссовер,3 л,бензин,2022
BMW X5,13 500 000 ₸,2014,кроссовер,3,бензин,автомат,Б/у
BMW 316,650 000 ₸,1994,купе,1.6,бензин,механика,Б/у
BMW 840,45 000 000 ₸,2020,седан,3,бензин,автомат,Б/у
BMW 520,650 000 ₸,1991,седан,2,бензин,механика,Б/у
BMW 730,3 400 000 ₸,1994,седан,3,бензин,автомат,Б/у
BMW 528,2 400 000 ₸,1989,седан,2.8,газ-бензин,механика,Б/у
BMW 525,1 500 000 ₸,1993,седан,2.5,бензин,механика,Б/у
BMW M5,48 000 000 ₸,2019,седан,4.4,бензин,автомат,Б/у
BMW 530,5 600 000 ₸,2006,седан,3,бензин,автомат,Б/у
BMW 530,17 700 000 ₸,2017,седан,2,бензин,автомат,Б/у
BMW 318,2 000 000 ₸,1992,седан,1.8,бензин,автомат,Б/у
BMW X6,9 700 000 ₸,2009,кроссовер,3,бензин,автомат,Б/у
BMW 520,1 000 000 ₸,1988,седан,2,бензин,автомат,Б/у
BMW X6,10 300 000 ₸,2012,кроссовер,3,бензин,автомат,Б/у
BMW 520,1 350 000 ₸,1993,седан,2,бензин,автомат,Б/у
BMW X4,17 500 000 ₸,2014,кроссовер,2,бензин,автомат,Б/у
BMW 745,3 500 000 ₸,2002,седан,4.4,бензин,автомат,Б/у
BMW 525,3 500 000 ₸,1999,седан,2.5,бензин,автомат,Б/у
BMW X7,75 000 000 ₸,2023,кроссовер,4.4,бензин,автомат,Б/у
BMW 320,1 900 000 ₸,1991,седан,2,бензин,механика,Б/у
BMW 740,39 900 000 ₸,2021,седан,3,бензин,автомат,Б/у
BMW 740,4 000 000 ₸,2008,седан,4,газ-бензин,автомат,Б/у
BMW 520,1 000 000 ₸,1984,седан,2,бензин,механика,Б/у
BMW X5,47 100 000 ₸,2023,кроссовер,3,бензин,автомат,Б/у
BMW X5,6 000 000 ₸,2003,кроссовер,3,бензин,автомат,Б/у
BMW 540,37 999 999 ₸,2017,седан,3,бензин,автомат,Б/у
BMW 323,1 800 000 ₸,1991,седан,2.5,бензин,Правый руль,Б/у
BMW X5,18 000 000 ₸,2016,кроссовер,3,бензин,автомат,Б/у
BMW 525,2 900 000 ₸,2000,седан,2.5,бензин,механика,Б/у
BMW 530,25 500 000 ₸,2020,седан,2,бензин,автомат,Б/у
BMW X3,12 000 000 ₸,2014,кроссовер,2,бензин,автомат,Б/у
BMW 535,7 200 000 ₸,2014,седан,3,бензин,автомат,Б/у
BMW X3,22 800 000 ₸,2022,кроссовер,2,бензин,автомат,Б/у
BMW 318,1 100 000 ₸,1991,седан,1.8,бензин,механика,Б/у
BMW X7,68 000 000 ₸,2023,кроссовер,4.4,бензин,автомат,Б/у
BMW X5,14 000 000 ₸,2014,кроссовер,3,бензин,автомат,Б/у
BMW 5 серия,26 000 000 ₸,2023,седан,2,бензин,автомат,Б/у
BMW 525,36 000 000 ₸,2025,седан,2,бензин,автомат,Б/у
BMW X5,5 900 000 ₸,2004,кроссовер,3,бензин,автомат,Б/у
BMW 528,2 500 000 ₸,1997,седан,2.8,бензин,автомат,Б/у
BMW 530,16 850 000 ₸,2017,седан,2,бензин,автомат,Б/у
BMW 530,16 850 000 ₸,2017,седан,2,бензин,автомат,Б/у
BMW 320,3 350 000 ₸,На заказ,г.,Б/у седан,2.2 л,бензин,2000
BMW 530,38 000 000 ₸,2023,седан,2,бензин,автомат,Б/у
BMW 530,6 500 000 ₸,2003,седан,3,бензин,автомат,Б/у
BMW 525,2 200 000 ₸,1997,седан,2.5,бензин,механика,Б/у
BMW 316,4 000 000 ₸,1990,купе,1.6,бензин,механика,Б/у
BMW 530,2 700 000 ₸,1992,седан,3,бензин,механика,Б/у
BMW 320,3 800 000 ₸,2002,седан,2,бензин,механика,Б/у
BMW 750,5 500 000 ₸,1996,седан,5.4,бензин,автомат,Б/у
BMW 325,1 500 000 ₸,1996,седан,2.5,бензин,механика,Б/у
BMW 530,17 300 000 ₸,2017,седан,2,бензин,автомат,Б/у
BMW X5,5 000 000 ₸,2000,кроссовер,4.4,бензин,автомат,Б/у
BMW 520,2 200 000 ₸,1996,седан,2,бензин,механика,Б/у
BMW 530,17 300 000 ₸,2017,седан,2,бензин,автомат,Б/у
BMW 520,2 000 000 ₸,1997,седан,2,бензин,механика,Б/у
BMW X5,5 500 000 ₸,2002,кроссовер,3,бензин,автомат,Б/у
BMW 530,17 300 000 ₸,2017,седан,2,бензин,автомат,Б/у
BMW X6,9 000 000 ₸,2008,кроссовер,3,бензин,автомат,Б/у
BMW X5,4 999 999 ₸,2001,кроссовер,3,бензин,автомат,Б/у
BMW 528,12 000 000 ₸,2014,седан,2,бензин,автомат,Б/у
BMW 328,1 300 000 ₸,1995,седан,2.8,бензин,механика,Б/у
BMW 318,1 100 000 ₸,1992,седан,1.8,бензин,механика,Б/у
BMW X5,4 300 000 ₸,2003,кроссовер,3,бензин,автомат,Б/у
BMW 328,4 270 000 ₸,1999,седан,2.8,бензин,автомат,Б/у
BMW 520,1 100 000 ₸,1991,седан,2,бензин,механика,Б/у
BMW X5,8 100 000 ₸,2007,кроссовер,4.8,бензин,автомат,Б/у
BMW 525,2 900 000 ₸,2001,седан,2.5,бензин,автомат,Б/у
BMW 520,2 000 000 ₸,1994,седан,1.8,бензин,механика,Б/у
BMW 525,1 000 000 ₸,1991,седан,2.5,бензин,механика,Б/у
BMW 730,5 800 000 ₸,2006,седан,3,бензин,автомат,Б/у
BMW 218,20 000 000 ₸,2023,седан,1.5,бензин,робот,Б/у
BMW iX,50 000 000 ₸,2023,кроссовер,эектричество,КПП автомат,с пробегом 13 000 км,Б/у
BMW 325,1 800 000 ₸,1991,седан,2.5,бензин,механика,Б/у
BMW 520,1 200 000 ₸,1993,седан,2,бензин,механика,Б/у
BMW 320,1 600 000 ₸,1992,седан,2,бензин,механика,Б/у
BMW X5,20 000 000 ₸,2013,кроссовер,4.4,бензин,автомат,Б/у
BMW 330,9 000 000 ₸,2015,седан,2,бензин,автомат,Б/у
BMW 520,1 800 000 ₸,1990,седан,2,бензин,механика,Б/у
BMW 525,1 100 000 ₸,1995,универсал,2.5,бензин,автомат,Б/у
BMW 528,7 200 000 ₸,2010,седан,3,бензин,автомат,Б/у
BMW X6,45 000 000 ₸,2021,кроссовер,3,бензин,автомат,Б/у
BMW 330,3 000 000 ₸,1995,купе,3,бензин,автомат,Б/у
BMW 520,10 500 000 ₸,2013,седан,2,бензин,автомат,Б/у
BMW 525,1 000 000 ₸,1992,седан,2.5,бензин,автомат,Б/у
BMW 528,2 250 000 ₸,1996,седан,2.8,бензин,механика,Б/у
BMW X5,12 879 750 ₸,2017,кроссовер,3,бензин,автомат,Б/у
BMW X5,6 000 000 ₸,2001,кроссовер,4.6,бензин,автомат,Б/у
BMW 520,1 200 000 ₸,На заказ,г.,Б/у седан,2 л,бензин,1990
BMW 320,3 000 000 ₸,1999,седан,2,бензин,механика,Б/у
BMW 525,1 000 000 ₸,1992,седан,2.5,бензин,автомат,Б/у
BMW X5,5 200 000 ₸,2002,кроссовер,3,бензин,автомат,Б/у
BMW X5,4 500 000 ₸,2001,кроссовер,3,бензин,автомат,Б/у
BMW 530,2 500 000 ₸,1999,седан,3,бензин,автомат,Б/у
BMW 528,10 500 000 ₸,2014,седан,2,бензин,автомат,Б/у
BMW X5,8 000 000 ₸,2007,кроссовер,3,бензин,автомат,Б/у
BMW 520,2 200 000 ₸,1992,седан,2,бензин,автомат,Б/у
BMW 530,24 000 000 ₸,2021,седан,2,бензин,автомат,Б/у
BMW 330,3 400 000 ₸,2001,седан,3,бензин,автомат,Б/у
BMW 320,900 000 ₸,1992,седан,2,бензин,механика,Б/у
BMW 730,1 350 000 ₸,1991,седан,3,бензин,механика,Б/у
BMW 528,2 100 000 ₸,1996,седан,2.8,бензин,автомат,Б/у
BMW M5,66 000 000 ₸,2023,седан,4.4,бензин,автомат,Б/у
BMW i5,27 500 000 ₸,2024,седан,эектричество,КПП автомат,с пробегом 15 700 км,Б/у
BMW 520,3 500 000 ₸,1995,седан,2,бензин,механика,Б/у
BMW 520,1 650 000 ₸,1992,седан,2,бензин,механика,Б/у
BMW X5,7 999 999 ₸,2008,кроссовер,4.8,бензин,автомат,Б/у
BMW X5,30 500 000 ₸,2019,кроссовер,3,бензин,автомат,Б/у
BMW 528,7 500 000 ₸,2009,седан,3,бензин,автомат,Б/у
BMW X5,18 800 000 ₸,2016,кроссовер,3,бензин,автомат,Б/у
BMW 730,3 000 000 ₸,1995,седан,3,бензин,автомат,Б/у
BMW X5,17 500 000 ₸,2017,кроссовер,3,бензин,автомат,Б/у
BMW 520,800 000 ₸,1990,седан,2,бензин,механика,Б/у
BMW 330,1 450 000 ₸,1994,седан,2,бензин,механика,Б/у
BMW 520,2 700 000 ₸,1997,седан,2,бензин,автомат,Б/у
BMW 525,1 750 000 ₸,1994,седан,2.5,бензин,механика,Б/у
BMW 520,900 000 ₸,1992,седан,2,бензин,механика,Б/у
BMW 520,2 700 000 ₸,1998,седан,2.5,бензин,механика,Б/у
BMW 525,1 600 000 ₸,1992,седан,2.5,бензин,механика,Б/у
BMW 728,3 500 000 ₸,1997,седан,2.8,бензин,автомат,Б/у
BMW 520,12 000 000 ₸,2014,седан,2,бензин,автомат,Б/у
BMW 528,3 200 000 ₸,1997,седан,2.8,бензин,автомат,Б/у
BMW 740,5 500 000 ₸,1999,седан,4.4,бензин,автомат,Б/у
BMW 325,1 150 000 ₸,1991,седан,2.5,бензин,механика,Б/у
BMW 730,1 500 000 ₸,1993,седан,3,бензин,автомат,Б/у
BMW X5,41 500 000 ₸,2021,кроссовер,3,бензин,автомат,Б/у
BMW X5,19 900 000 ₸,2016,кроссовер,3,бензин,автомат,Б/у
BMW 520,550 000 ₸,1993,седан,2,бензин,механика,Б/у
BMW 525,1 100 000 ₸,1991,седан,2.5,бензин,механика,Б/у
BMW iX3,24 000 000 ₸,2024,кроссовер,эектричество,КПП автомат,с пробегом 14 000 км,Б/у
BMW 730,21 800 000 ₸,2017,седан,2,бензин,автомат,Б/у
BMW X5 M,27 500 000 ₸,2015,кроссовер,4.4,бензин,робот,Б/у
BMW 540,22 000 000 ₸,2017,седан,3,бензин,автомат,Б/у
BMW X5,28 000 000 ₸,2018,кроссовер,3,бензин,автомат,Б/у
BMW 330,9 500 000 ₸,2007,кабриолет,3,бензин,автомат,Б/у
BMW 525,1 800 000 ₸,1994,седан,2.5,бензин,автомат,Б/у
BMW X5,7 500 000 ₸,2008,кроссовер,4.8,бензин,автомат,Б/у
BMW 528,3 000 000 ₸,1997,седан,2.8,бензин,автомат,Б/у
BMW 520,400 000 ₸,1992,седан,2,бензин,механика,Б/у
BMW 528,11 500 000 ₸,На заказ,г.,Б/у седан,2 л,бензин,2014
BMW 318,999 999 ₸,1995,седан,1.8,бензин,механика,Б/у
BMW 528,3 300 000 ₸,1997,седан,2.8,бензин,автомат,Б/у
BMW 525,1 000 000 ₸,1991,седан,2.5,бензин,механика,Б/у
BMW 530,16 500 000 ₸,2018,седан,2,бензин,автомат,Б/у
BMW 328,2 000 000 ₸,1991,седан,2.8,бензин,механика,Б/у
BMW 520,1 250 000 ₸,1995,седан,2,бензин,механика,Б/у
BMW X7,75 000 000 ₸,2024,кроссовер,3,бензин,автомат,Б/у
BMW 525,4 547 500 ₸,2006,седан,2.5,бензин,автомат,Б/у
BMW 520,18 000 000 ₸,2018,седан,2,бензин,автомат,Б/у
BMW 540,20 500 000 ₸,2019,седан,3,бензин,автомат,Б/у
BMW 530,16 500 000 ₸,2018,седан,2,бензин,автомат,Б/у
BMW 728,2 700 000 ₸,1996,седан,2.8,бензин,автомат,Б/у
BMW X7,36 000 000 ₸,2020,кроссовер,3,бензин,автомат,Б/у
BMW X5,68 000 000 ₸,2025,кроссовер,3,бензин,автомат,Б/у
BMW 728,700 000 ₸,1996,седан,2.8,бензин,автомат,Б/у
BMW X5,7 500 000 ₸,2008,кроссовер,4.8,бензин,автомат,Б/у
BMW 518,900 000 ₸,1994,седан,1.8,бензин,механика,Б/у
BMW 740,4 000 000 ₸,1994,седан,4.4,бензин,автомат,Б/у
BMW 520,1 900 000 ₸,1994,седан,2,бензин,механика,Б/у
BMW 318,2 200 000 ₸,1998,седан,1.9,бензин,механика,Б/у
BMW 760,10 000 000 ₸,2009,седан,6,бензин,автомат,Б/у
BMW X5,20 000 000 ₸,2016,кроссовер,3,бензин,автомат,Б/у
BMW X5,31 000 000 ₸,2018,кроссовер,3,бензин,автомат,Б/у
BMW 228,19 500 000 ₸,2020,седан,2,бензин,автомат,Б/у
BMW 530,29 800 000 ₸,2022,седан,2,бензин,автомат,Б/у
BMW 323,3 000 000 ₸,1999,седан,2.5,бензин,автомат,Б/у
BMW X6,17 500 000 ₸,2016,кроссовер,3,бензин,автомат,Б/у
BMW 325,3 200 000 ₸,1998,седан,2.5,бензин,автомат,Б/у
BMW 318,900 000 ₸,1994,седан,1.8,бензин,механика,Б/у
BMW 528,2 000 000 ₸,1984,седан,2.8,бензин,механика,Б/у
BMW 328,2 000 000 ₸,1996,седан,2.8,бензин,автомат,Б/у
BMW 530,5 000 000 ₸,2002,седан,3,бензин,автомат,Б/у
BMW 728,2 350 000 ₸,1995,седан,2.8,бензин,автомат,Б/у
BMW 530,3 144 999 ₸,2003,седан,3,бензин,автомат,Б/у
BMW 740,24 999 999 ₸,2019,седан,3,бензин,автомат,Б/у
BMW 318,1 700 000 ₸,1993,седан,1.8,бензин,механика,Б/у
BMW 328,5 300 000 ₸,2011,седан,3,бензин,автомат,Б/у
BMW 525,1 900 000 ₸,1993,седан,2.5,бензин,автомат,Б/у
BMW 528,7 500 000 ₸,2015,седан,2,бензин,автомат,Б/у
BMW 440,37 000 000 ₸,2024,лифтбек,3,бензин,автомат,Б/у
BMW 740,61 000 000 ₸,2023,седан,3,бензин,автомат,Б/у
BMW 328,3 600 000 ₸,1998,седан,2.8,бензин,автомат,Б/у
BMW 550,25 000 000 ₸,2018,седан,4.4,бензин,автомат,Б/у
BMW 525,2 500 000 ₸,1994,седан,2.5,бензин,автомат,Б/у
BMW 528,7 800 000 ₸,2010,седан,3,бензин,автомат,Б/у
BMW 320,1 500 000 ₸,1996,седан,2,бензин,механика,Б/у
BMW 530,6 000 000 ₸,2004,седан,3,бензин,автомат,Б/у
BMW 320,7 500 000 ₸,2015,седан,2,бензин,автомат,Б/у
BMW 525,800 000 ₸,1993,седан,2.5,бензин,механика,Б/у
BMW X7,55 000 000 ₸,2023,кроссовер,3,бензин,автомат,Б/у
BMW 525,3 000 000 ₸,1993,седан,2.5,бензин,механика,Б/у
BMW X7,50 000 000 ₸,2021,кроссовер,3,бензин,автомат,Б/у
BMW 730,600 000 ₸,1992,седан,3,бензин,механика,Б/у
BMW 535,5 500 000 ₸,2000,седан,3.5,бензин,автомат,Б/у
BMW X5,16 500 000 ₸,2014,кроссовер,3,бензин,автомат,Б/у
BMW 435,15 000 000 ₸,2015,купе,3,бензин,автомат,Б/у
BMW X7,38 000 000 ₸,2021,кроссовер,3,бензин,автомат,Б/у
BMW 728,4 200 000 ₸,1996,седан,2.8,бензин,автомат,Б/у
BMW X5,9 000 000 ₸,2008,кроссовер,3,дизель,автомат,Б/у
BMW 525,1 400 000 ₸,1991,седан,2.5,бензин,механика,Б/у
BMW 535,15 000 000 ₸,2016,седан,3,бензин,автомат,Б/у
BMW X6,17 500 000 ₸,2013,кроссовер,4.4,бензин,автомат,Б/у
BMW 325,1 100 000 ₸,1991,седан,2.5,бензин,механика,Б/у
BMW 218,22 000 000 ₸,2023,седан,1.5,бензин,робот,Б/у
BMW 318,950 000 ₸,1994,седан,1.8,бензин,механика,Б/у
BMW X5,10 000 000 ₸,2007,кроссовер,3,бензин,автомат,Б/у
BMW 535,7 800 000 ₸,2014,седан,3,бензин,автомат,Б/у
BMW 320,10 500 000 ₸,2013,седан,2,бензин,автомат,Б/у
BMW 523,4 000 000 ₸,1997,седан,2.5,бензин,автомат,Б/у
BMW X5,6 700 000 ₸,2006,кроссовер,4.4,бензин,автомат,Б/у
BMW 530,6 100 000 ₸,2003,седан,3,бензин,автомат,Б/у
BMW 728,2 800 000 ₸,1997,седан,2.8,бензин,автомат,Б/у
BMW 520,2 570 000 ₸,1992,седан,2,бензин,механика,Б/у
BMW 525,1 400 000 ₸,1991,седан,2.5,бензин,механика,Б/у
BMW 530,6 500 000 ₸,2007,седан,3,бензин,автомат,Б/у
BMW 535,9 100 000 ₸,2013,седан,3,бензин,автомат,Б/у
BMW X3,5 650 000 ₸,2006,кроссовер,2.5,бензин,автомат,Б/у
BMW X7,55 000 000 ₸,2020,кроссовер,4.4,бензин,автомат,Б/у
BMW X5,39 000 000 ₸,2022,кроссовер,3,бензин,автомат,Б/у
BMW M5,66 000 000 ₸,2023,седан,4.4,бензин,автомат,Б/у
BMW X5,4 750 000 ₸,2001,кроссовер,3,бензин,автомат,Б/у
BMW 535,11 800 000 ₸,2013,седан,3,бензин,автомат,Б/у
BMW 320,9 657 142 ₸,2015,седан,2,бензин,автомат,Б/у
BMW 525,2 500 000 ₸,1993,седан,2.5,бензин,автомат,Б/у
BMW 850,75 000 000 ₸,1993,купе,5,бензин,механика,Б/у
BMW 525,2 900 000 ₸,1996,седан,2.5,бензин,автомат,Б/у
BMW 730,850 000 ₸,1991,седан,3,бензин,автомат,Б/у
BMW 535,8 650 000 ₸,2016,седан,3,бензин,автомат,Б/у
BMW X5,6 500 000 ₸,2007,кроссовер,4.8,бензин,автомат,Б/у
BMW X6,9 300 000 ₸,2009,кроссовер,3,бензин,автомат,Б/у
BMW 525,1 650 000 ₸,1993,седан,2.5,дизель,механика,Б/у
BMW 525,1 500 000 ₸,1992,седан,2.5,бензин,механика,Б/у
BMW X5,14 500 000 ₸,2014,кроссовер,3,бензин,автомат,Б/у
BMW 750,29 900 000 ₸,2017,седан,4.4,бензин,автомат,Б/у
BMW X5,7 500 000 ₸,2003,кроссовер,4.4,бензин,автомат,Б/у
BMW i3,18 800 000 ₸,2023,седан,эектричество,КПП автомат,с пробегом 28 755 км,Б/у
BMW X5,10 400 000 ₸,2011,кроссовер,3,бензин,автомат,Б/у
BMW 328,2 350 000 ₸,1996,седан,2.8,бензин,автомат,Б/у
BMW 520,1 200 000 ₸,На заказ,г.,Б/у седан,2 л,бензин,1989
BMW X5,67 000 000 ₸,2024,кроссовер,3,гибрид,автомат,Б/у
BMW 735,3 000 000 ₸,2002,седан,3.6,бензин,автомат,Б/у
BMW 525,1 800 000 ₸,1995,седан,2.5,бензин,автомат,Б/у
BMW 530,6 000 000 ₸,2006,седан,3,бензин,автомат,Б/у
BMW 730,2 000 000 ₸,1995,седан,3,бензин,механика,Б/у
BMW 520,800 000 ₸,1991,седан,2,бензин,механика,Б/у
BMW 320,4 000 000 ₸,2001,седан,2.2,бензин,автомат,Б/у
BMW X5,8 300 000 ₸,2007,кроссовер,3,бензин,автомат,Б/у
BMW 520,2 200 000 ₸,1991,седан,2,бензин,механика,Б/у
BMW 540,21 000 000 ₸,2018,седан,3,бензин,автомат,Б/у
BMW 325,3 800 000 ₸,2004,седан,2.5,бензин,автомат,Б/у
BMW 525,850 000 ₸,1991,седан,2.5,бензин,механика,Б/у
BMW 430,14 500 000 ₸,2017,лифтбек,2,бензин,автомат,Б/у
BMW 323,2 300 000 ₸,1996,седан,2.5,бензин,механика,Б/у
BMW 330,2 700 000 ₸,2002,седан,3,бензин,механика,Б/у
BMW X6,10 500 000 ₸,2010,кроссовер,3,бензин,автомат,Б/у
BMW 325,3 500 000 ₸,2002,седан,2.5,бензин,механика,Б/у
BMW 325,6 000 000 ₸,2006,седан,2.5,бензин,автомат,Б/у
BMW X5,15 500 000 ₸,2016,кроссовер,3,бензин,автомат,Б/у
BMW X6,19 500 000 ₸,2018,кроссовер,3,бензин,автомат,Б/у
BMW X6,19 500 000 ₸,2018,кроссовер,3,бензин,автомат,Б/у
BMW 528,10 500 000 ₸,2015,седан,2,бензин,автомат,Б/у
BMW X5,38 000 000 ₸,2024,кроссовер,3,бензин,автомат,Б/у
BMW 750,5 550 000 ₸,2006,седан,4.8,бензин,автомат,Б/у
BMW 518,1 600 000 ₸,1991,седан,1.8,бензин,механика,Б/у
BMW 540,5 500 000 ₸,1992,универсал,4.6,бензин,механика,Б/у
BMW X6,9 000 000 ₸,2010,кроссовер,3,дизель,автомат,Б/у
BMW 328,1 700 000 ₸,1993,седан,2.8,бензин,механика,Б/у
BMW 530,16 900 000 ₸,2017,седан,2,бензин,автомат,Б/у
BMW 528,3 000 000 ₸,1997,седан,2.8,бензин,автомат,Б/у
BMW 525,1 400 000 ₸,1997,седан,2.5,бензин,механика,Б/у
BMW 525,1 800 000 ₸,1994,седан,2.8,бензин,механика,Б/у
BMW X5,17 200 000 ₸,2018,кроссовер,3,бензин,автомат,Б/у
BMW 328,2 700 000 ₸,1996,седан,2.8,бензин,автомат,Б/у
BMW X5,17 000 000 ₸,2014,кроссовер,3,бензин,автомат,Б/у
BMW 528,11 700 000 ₸,2015,седан,2,бензин,автомат,Б/у
BMW X5,9 200 000 ₸,2015,кроссовер,3,бензин,автомат,Б/у
BMW 520,1 300 000 ₸,1993,седан,2,бензин,механика,Б/у
BMW 528,3 200 000 ₸,1996,седан,2.8,бензин,механика,Б/у
BMW 530,18 000 000 ₸,2018,седан,2,бензин,автомат,Б/у
BMW X5,7 000 000 ₸,2012,кроссовер,3,бензин,автомат,Б/у
BMW 530,2 500 000 ₸,1993,седан,3,газ-бензин,автомат,Б/у
